Job,JobDescription,JobClassification,JobType,MasterJob,Priority,StockCode,StockDescription,Warehouse,Customer,CustomerName,JobTenderDate,JobDeliveryDate,JobStartDate,ActCompleteDate,Complete,SeqCheckReq,DateCalcMethod,ExpLabour,ExpMaterial,QtyToMake,QtyManufactured,Source,EstSourceNum,NextDetailLine,PctCompleteFlag,PrtFactDoc1,PrtFactDoc2,PrtFactDoc3,PrtFactDoc4,SellingPrice,AddLabPct,AddMatPct,ProfitPct,SalesOrder,MaterialBilled,LabourBilled,NextOpForAll,HighestOpPosted,TotalQtyScrapped,ConfirmedFlag,HoldFlag,JobCreatedStruc,LstOrderCreated,TraceableType,NxtLinePartBook,Route,WipCtlGlCode,Decimals,SalesOrderLine,MatCostToDate1,MatCostToDate2,MatCostToDate3,LabCostToDate1,LabCostToDate2,LabCostToDate3,HrsBookToDate1,HrsBookToDate2,HrsBookToDate3,MatValueIssues1,MatValueIssues2,MatValueIssues3,LabValueIssues1,LabValueIssues2,LabValueIssues3,NarrationNum,ReqPlnFlag,DateJobLstUpd,TimeJobLstUpd,HierarchyFlag,NextLineHier,EstTrailLoad,OrdEntSource,Version,Release,AllocationLine,PurgeJob,HierarchyJob,MrpFromJob,MrpToJob,OrigDueDate,GrossFlg,GrossQty,ExpLabCurrent,ExpMatCurrent,ReservedLotSerFlag,NotionalPart,CoProductCostMet,CoProductCostVal,CoProductType,CapexCode,CapexLine,UomFlag,ConvFactUom,ConvMulDiv,ScheduleFlag,SchStartDate,SchStartTime,SchEndDate,SchEndTime,QtyToMakeEnt,QtyManufacturedEnt,TotQtyScrappedEnt,GrossQtyEnt,ProductCode,LibraryCode,TimeStamp,NestAllocs,CreatedForNest
10014560,8725TT-ART-CAN,TRA, , ,50,25ART-102-25209,25 TON - 3 AXLE - 17.5 - 49IN,3,2730,HALE TRAILER BRAKE & WHEEL INC,00:00.0,00:00.0,00:00.0,00:00.0,Y,N,S,6314.75,23809.92841,1,1,O, ,269,0,Y,N,N,N,39489.759,0,0,0,512795,0,0,15,13,0,Y,N,Y, ,N,1,0,1200,0,1,24378.27,24378.27,0,6533.8,6533.8,0,100.52,100.52,0,24378.27,24378.27,0,6533.8,6533.8,0,0, ,00:00.0,1552, ,0, , ,     ,     ,  , , , , ,00:00.0,N,1,6314.75,23809.92841, , , , , , ,0,S,1,M, ,NULL,0,NULL,0,1,1,0,1, ,     ,0x000000011BBBEC5C, , 
10014596,8753ET4X MR,TRA, , ,50,53ET4X MR-102-25252,53 FT - 4 AXLE - 22.5 - 72-100 IN,3,3303,REMORQUE LEWIS,00:00.0,00:00.0,00:00.0,00:00.0,Y,N,S,11729.25,53494.91834,1,1,O, ,315,0,Y,N,N,N,69726,0,0,0,512845,0,0,15,13,0,Y,N,Y, ,N,1,0,1200,0,1,47075.65,27033.15,0,11681.15,6034.6,0,179.71,92.84,0,47075.65,0,0,11681.15,0,0,0, ,00:00.0,1409, ,0, , ,     ,     ,  , , , , ,00:00.0,N,1,11729.25,53494.91834, , , , , , ,0,S,1,M, ,NULL,0,NULL,0,1,1,0,1, ,     ,0x000000011D7BDDCF, , 
10014684,8735MD2X EXT V2018,TRA, , ,50,35MD2X EXT-102-25179,35 TON - 2 AXLE - 22.5 - 49 IN,3,3303,REMORQUE LEWIS,00:00.0,00:00.0,00:00.0,00:00.0,Y,N,S,19587.75,53696.63548,1,1,O, ,495,0,Y,N,N,N,88219,0,0,0,512955,0,0,15,13,0,Y,N,Y, ,N,1,0,1200,0,1,60432.08,40140.47,0,21821.8,13713.05,0,335.72,210.97,0,60432.08,0,0,21821.8,0,0,0, ,00:00.0,1117, ,0, , ,     ,     ,  , , , , ,00:00.0,N,1,19587.75,53696.63548, , , , , , ,0,S,1,M, ,NULL,0,NULL,0,1,1,0,1, ,     ,0x000000011D7B63C7, , 
10014602,8725TT-ART-CAN,TRA, , ,50,25ART-102-25316,25 TON - 3 AXLE - 17.5 - 49 IN,3,3234,THE MCLEAN COMPANY,00:00.0,00:00.0,00:00.0,00:00.0,Y,N,S,8199.75,26718.8398,1,1,O, ,245,0,Y,N,N,N,43173.12,0,0,0,512855,0,0,15,13,0,Y,N,Y, ,N,1,0,1200,0,1,27546.02,27546.02,0,8529.95,8529.95,0,131.23,131.23,0,27546.02,27546.02,0,8529.95,8529.95,0,0, ,00:00.0,1336, ,0, , ,     ,     ,  , , , , ,00:00.0,N,1,8199.75,26718.8398, , , , , , ,0,S,1,M, ,NULL,0,NULL,0,1,1,0,1, ,     ,0x000000011BBBEC86, , 
10014528,8727DT2X V2019,TRA, , ,50,27DT2X V2018-102-24841,TRAILER 27' DUMP U-BODY 2019,3,3303,REMORQUE LEWIS,00:00.0,00:00.0,00:00.0,00:00.0,Y,N,S,8391.5,44498.15475,1,1,O, ,290,0,Y,N,N,N,60876,0,0,0,512763,0,0,15,13,0,Y,N,Y, ,N,1,0,1200,0,1,45709.3,40497.01,0,7456.8,6139.25,0,114.72,94.45,0,45709.3,0,0,7456.8,0,0,0, ,00:00.0,1630, ,0, , ,     ,     ,  , , , , ,00:00.0,N,1,8391.5,44498.15475, , , , , , ,0,S,1,M, ,NULL,0,NULL,0,1,1,0,1, ,     ,0x000000011D34995A, , 
10014465,8753VT962X-STAN,TRA, , ,50,53VT2V DCI-96-25146,TRAILER 53' 2X VAN CONTAINER,3,2711,DEMOUNTABLE CONCEPTS INC.,00:00.0,00:00.0,00:00.0,NULL,N,N,S,6669,22679.632,1,0,O, ,231,0,Y,N,N,N,35763.135,0,0,0,512694,0,0,15,13,0,Y,N,Y, ,N,0,0,1200,0,1,22357.69,14207.01,0,7005.05,4847.05,0,107.77,74.57,0,0,0,0,0,0,0,0, ,00:00.0,1610, ,0, , ,     ,     ,  , , , , ,00:00.0,N,1,6669,22679.632, , , , , , ,0,S,1,M, ,NULL,0,NULL,0,1,0,0,1, ,     ,0x000000011E4184AA, , 
10014548,8725TT-NO-TILT,TRA, , ,50,25NTT-102-25170,"TRAILER 25 TON ""NTT"" STAND",3,3303,REMORQUE LEWIS,00:00.0,00:00.0,00:00.0,00:00.0,Y,N,S,6331,18483.08701,1,1,O, ,169,0,Y,N,N,N,28748,0,0,0,512783,0,0,15,13,0,Y,N,Y, ,N,1,0,1200,0,1,20460.6,18114.93,0,6348.55,3904.55,0,97.67,60.07,0,20460.6,0,0,6348.55,0,0,0, ,00:00.0,729, ,0, , ,     ,     ,  , , , , ,00:00.0,N,1,6331,18483.08701, , , , , , ,0,S,1,M, ,NULL,0,NULL,0,1,1,0,1, ,     ,0x000000011C9428D3, , 
10014600,8721TT-ART-CAN,TRA, , ,50,20ART-102-25238,20 TON - 2AXLE - 17.5 - 49 IN,3,3011,ATLANTIC POWERTRAIN & EQUIPMEN,00:00.0,00:00.0,00:00.0,00:00.0,Y,N,S,5482.75,18093.13213,1,1,O, ,230,0,Y,N,N,N,27038,0,0,0,512853,0,0,15,13,0,Y,N,Y, ,N,1,0,1200,0,1,19062.51,19062.51,0,5354.05,5354.05,0,82.37,82.37,0,19062.51,19062.51,0,5354.05,5354.05,0,0, ,00:00.0,1552, ,0, , ,     ,     ,  , , , , ,00:00.0,N,1,5482.75,18093.13213, , , , , , ,0,S,1,M, ,NULL,0,NULL,0,1,1,0,1, ,     ,0x000000011BBBEC84, , 
10014521,8753ET4X MR,TRA, , ,50,53ET4X MR-102-25168,TRAILER 53' 4AX ET AIR RIDE,3,3303,REMORQUE LEWIS,00:00.0,00:00.0,00:00.0,00:00.0,Y,N,S,10429.25,45167.25535,1,1,O, ,316,0,Y,N,N,N,66346,0,0,0,512756,0,0,15,13,0,Y,N,Y, ,N,1,0,1200,0,1,45025.83,24244.58,0,10300.55,4739.8,0,158.47,72.92,0,45025.83,0,0,10300.55,0,0,0, ,00:00.0,1617, ,0, , ,     ,     ,  , , , , ,00:00.0,N,1,10429.25,45167.25535, , , , , , ,0,S,1,M, ,NULL,0,NULL,0,1,1,0,1, ,     ,0x000000011D33F40E, , 
10014720,8727DT2X V2019,TRA, , ,50,27DT2X V2018-102-25456,27 FT - 2 AXLE - 24.5 - 49 IN,3,3303,REMORQUE LEWIS,00:00.0,00:00.0,00:00.0,00:00.0,Y,N,S,9399,46097.97895,1,1,O, ,310,0,Y,N,N,N,66627,0,0,0,512997,0,0,15,13,0,Y,N,Y, ,N,1,0,1200,0,1,48262.04,24816.17,0,7371.65,2751.45,0,113.41,42.33,0,48262.04,0,0,7371.65,0,0,0, ,00:00.0,1305, ,0, , ,     ,     ,  , , , , ,00:00.0,N,1,9399,46097.97895, , , , , , ,0,S,1,M, ,NULL,0,NULL,0,1,1,0,1, ,     ,0x000000011E219DF9, , 
10014683,8610,TRA, , ,50,DUMP SF3X-25482,"3X END DUMP ASSY, 40' GALVANIZED",3,3384,STARGATE MFG LTD,00:00.0,00:00.0,00:00.0,00:00.0,Y,N,S,6279,6953.64815,1,1,O, ,57,0,Y,N,N,N,28923,0,0,0,512954,0,0,15,4,0,Y,N,Y, ,N,1,0,1200,0,1,8954.55,8539.6,0,3430.7,3430.7,0,52.78,52.78,0,8954.55,0,0,3430.7,0,0,0, ,00:00.0,1059, ,0, , ,     ,     ,  , , , , ,00:00.0,N,1,6279,6953.64815, , , , , , ,0,S,1,M, ,NULL,0,NULL,0,1,1,0,1, ,     ,0x000000011BDC5746, , 
10014604,8730TT-ART-STAN,TRA, , ,50,30ART-114-25270,30 TON - 3 AXLE - 17.5 - 49 IN,3,3011,ATLANTIC POWERTRAIN & EQUIPMEN,00:00.0,00:00.0,00:00.0,00:00.0,Y,N,S,6964.75,23769.02124,1,1,O, ,258,0,Y,N,N,N,34407,0,0,0,512857,0,0,15,13,0,Y,N,Y, ,N,1,0,1200,0,1,23622.57,19798.9,0,6875.7,4187.95,0,105.78,64.43,0,23622.57,0,0,6875.7,0,0,0, ,00:00.0,1407, ,0, , ,     ,     ,  , , , , ,00:00.0,N,1,6964.75,23769.02124, , , , , , ,0,S,1,M, ,NULL,0,NULL,0,1,1,0,1, ,     ,0x000000011CBA5D47, , 
10014549,8725TT-NO-TILT,TRA, , ,50,25NTT-102-25171,"TRAILER 25 TON ""NTT"" STAND",3,3303,REMORQUE LEWIS,00:00.0,00:00.0,00:00.0,00:00.0,Y,N,S,6331,18483.08701,1,1,O, ,179,0,Y,N,N,N,28748,0,0,0,512784,0,0,15,13,0,Y,N,Y, ,N,1,0,1200,0,1,21050.7,21036.23,0,6373.25,5619.25,0,98.05,86.45,0,21050.7,0,0,6373.25,0,0,0, ,00:00.0,813, ,0, , ,     ,     ,  , , , , ,00:00.0,N,1,6331,18483.08701, , , , , , ,0,S,1,M, ,NULL,0,NULL,0,1,1,0,1, ,     ,0x000000011C94279E, , 
10014550,8725TT-NO-TILT,TRA, , ,50,25NTT-102-25172,"TRAILER 25 TON ""NTT"" STAND",3,3303,REMORQUE LEWIS,00:00.0,00:00.0,00:00.0,NULL,N,N,S,6818.5,19783.73964,1,0,O, ,204,0,Y,N,N,N,31241,0,0,0,512785,0,0,15,13,0,Y,N,Y, ,N,0,0,1200,0,1,21788.28,13792.7,0,6540.3,3203.85,0,100.62,49.29,0,0,0,0,0,0,0,0, ,00:00.0,1541, ,0, , ,     ,     ,  , , , , ,00:00.0,N,1,6818.5,19783.73964, , , , , , ,0,S,1,M, ,NULL,0,NULL,0,1,0,0,1, ,     ,0x000000011E21D8EE, , 
10014371,SG WO 9187,TRA, , ,50,PONY 3X17-24824,38' PONY TRAILER FRAME 3X,3,1975,CASH ON DELIVERY,00:00.0,00:00.0,00:00.0,00:00.0,Y,N,S,4816.5,28387.56865,1,1,O, ,259,0,Y,N,N,N,26028,0,0,0, ,0,0,15,13,0,Y,N,Y, ,N,1,0,1200,0,0,30541.57,24647.73,0,7602.4,4990.7,0,116.96,76.78,0,30541.57,0,0,7602.4,0,0,0, ,00:00.0,943, ,0, , ,     ,     ,  , , , , ,00:00.0,N,1,4816.5,28387.56865, , , , , , ,0,S,1,M, ,NULL,0,NULL,0,1,1,0,1, ,     ,0x000000011C9753D7, , 
10014605,8730TT-ART-STAN,TRA, , ,50,30ART-114-25271,30 TON - 3 AXLE - 17.5 - 49 IN,3,3011,ATLANTIC POWERTRAIN & EQUIPMEN,00:00.0,00:00.0,00:00.0,00:00.0,Y,N,S,6964.75,23769.02124,1,1,O, ,253,0,Y,N,N,N,34407,0,0,0,512858,0,0,15,13,0,Y,N,Y, ,N,1,0,1200,0,1,23795.11,19010.9,0,7143.5,4180.15,0,109.9,64.31,0,23795.11,0,0,7143.5,0,0,0, ,00:00.0,1439, ,0, , ,     ,     ,  , , , , ,00:00.0,N,1,6964.75,23769.02124, , , , , , ,0,S,1,M, ,NULL,0,NULL,0,1,1,0,1, ,     ,0x000000011D33F641, , 
10014603,8725TT-ART-CAN,TRA, , ,50,25ART-102-25317,25 TON - 3 AXLE - 17.5 - 49 IN,3,3234,THE MCLEAN COMPANY,00:00.0,00:00.0,00:00.0,00:00.0,Y,N,S,8199.75,26718.8398,1,1,O, ,270,0,Y,N,N,N,43173.12,0,0,0,512856,0,0,15,13,0,Y,N,Y, ,N,1,0,1200,0,1,27393.92,24271.87,0,7914.4,4609.8,0,121.76,70.92,0,27393.92,0,0,7914.4,0,0,0, ,00:00.0,1406, ,0, , ,     ,     ,  , , , , ,00:00.0,N,1,8199.75,26718.8398, , , , , , ,0,S,1,M, ,NULL,0,NULL,0,1,1,0,1, ,     ,0x000000011CBA585E, , 
10014373,SG WO 9183,TRA, , ,50,PONY 3X17-24826,38' PONY TRAILER FRAME 3X,3,1975,CASH ON DELIVERY,00:00.0,00:00.0,00:00.0,00:00.0,Y,N,S,4816.5,28387.56865,1,1,O, ,250,0,Y,N,N,N,26028,0,0,0, ,0,0,15,13,0,Y,N,Y, ,N,4,0,1200,0,0,29773.61,29773.61,15671.89,7337.2,7337.2,139.75,112.88,112.88,2.15,29773.61,29773.61,0,7337.2,7340.45,0,0, ,00:00.0,1425, ,0, , ,     ,     ,  , , , , ,00:00.0,N,1,4816.5,28387.56865, , , , , , ,0,S,1,M, ,NULL,0,NULL,0,1,1,0,1, ,     ,0x000000011D7BFD40, , 
10014547,8721TT-NO/TILT,TRA, , ,50,20NTT-102-24960,"TRAILER 20 TON ""NTT""",3,3303,REMORQUE LEWIS,00:00.0,00:00.0,00:00.0,00:00.0,Y,N,S,5645.25,16148.52847,1,1,O, ,190,0,Y,N,N,N,25467,0,0,0,512782,0,0,15,13,0,Y,N,Y, ,N,1,0,1200,0,1,17844.37,11792.46,0,6277.05,3289,0,96.57,50.6,0,17844.37,0,0,6277.05,0,0,0, ,00:00.0,1504, ,0, , ,     ,     ,  , , , , ,00:00.0,N,1,5645.25,16148.52847, , , , , , ,0,S,1,M, ,NULL,0,NULL,0,1,1,0,1, ,     ,0x000000011CBA5A10, , 
10014551,8725TT-NO-TILT,TRA, , ,50,25NTT-102-25173,"TRAILER 25 TON ""NTT"" STAND",3,3303,REMORQUE LEWIS,00:00.0,00:00.0,00:00.0,00:00.0,Y,N,S,6818.5,19783.73964,1,1,O, ,212,0,Y,N,N,N,31241,0,0,0,512786,0,0,15,13,0,Y,N,Y, ,N,1,0,1200,0,1,20982.51,13979.79,0,7116.2,1946.1,0,109.48,29.94,0,20982.51,0,0,7116.2,0,0,0, ,00:00.0,1027, ,0, , ,     ,     ,  , , , , ,00:00.0,N,1,6818.5,19783.73964, , , , , , ,0,S,1,M, ,NULL,0,NULL,0,1,1,0,1, ,     ,0x000000011E21D161, , 
10014467,8753VT962X-STAN,TRA, , ,50,53VT2V DCI-96-25148,TRAILER 53' 2X VAN CONTAINER,3,2711,DEMOUNTABLE CONCEPTS INC.,00:00.0,00:00.0,00:00.0,00:00.0,Y,N,S,6669,22679.632,1,1,O, ,252,0,Y,N,N,N,35757.867,0,0,0,512696,0,0,15,13,0,Y,N,Y, ,N,1,0,1200,0,1,22427.86,13196.55,0,6613.75,3622.45,76.05,101.75,55.73,1.17,22427.86,0,0,6613.75,0,0,0, ,00:00.0,1405, ,0, , ,     ,     ,  , , , , ,00:00.0,N,1,6669,22679.632, , , , , , ,0,S,1,M, ,NULL,0,NULL,0,1,1,0,1, ,     ,0x000000011CBBB73A, , 
10014630,PY-FR454-WR3X-005,TRA, , ,50,PONY 3X17-25387,38' PONY TRAILER FRAME 3X,3,3384,STARGATE MFG LTD,00:00.0,00:00.0,00:00.0,00:00.0,Y,N,S,6116.5,21173.26448,1,1,O, ,271,0,Y,N,N,N,40421,0,0,0,512889,0,0,15,13,0,Y,N,Y, ,N,1,0,1200,0,1,29758.25,29758.25,15671.89,6255.6,6255.6,102.7,96.24,96.24,1.58,29758.25,29758.25,0,6255.6,6255.6,0,0, ,00:00.0,804, ,0, , ,     ,     ,  , , , , ,00:00.0,N,1,6116.5,21173.26448, , , , , , ,0,S,1,M, ,NULL,0,NULL,0,1,1,0,1, ,     ,0x000000011BBBECA2, , 
10014726,8740ADG3X53 AGNR,TRA, , ,50,40ADG3X53 AGNR-102-25476,40 TON - 53 FT - 3 AXLE - 22.5 - 61 IN,3,3303,REMORQUE LEWIS,00:00.0,00:00.0,00:00.0,00:00.0,Y,N,S,13801.45,54753.08334,1,1,O, ,399,0,Y,N,N,N,84260,0,0,0,513007,0,0,15,13,0,Y,N,Y, ,N,1,0,1200,0,1,58730.54,23395.88,0,13802.75,2031.25,0,212.35,31.25,0,58730.54,0,0,13802.75,0,0,0, ,00:00.0,1513, ,0, , ,     ,     ,  , , , , ,00:00.0,N,1,13801.45,54753.08334, , , , , , ,0,S,1,M, ,NULL,0,NULL,0,1,1,0,1, ,     ,0x000000011E219EED, , 
10014633,8730TT-ART-STAN,TRA, , ,50,30ART-102-25315,30 TON - 3 AXLE - 17.5 - 49,3,3035,NORTHEAST TRUCK & TRAILER,00:00.0,00:00.0,00:00.0,00:00.0,Y,N,S,7517.25,22839.66834,1,1,O, ,367,0,Y,N,N,N,34798,0,0,0,512892,0,0,15,13,0,Y,N,Y, ,N,1,0,1200,0,1,23773.62,13942.25,0,7088.9,603.2,0,109.06,9.28,0,23773.62,0,0,7088.9,0,0,0, ,00:00.0,1321, ,0, , ,     ,     ,  , , , , ,00:00.0,N,1,7517.25,22839.66834, , , , , , ,0,S,1,M, ,NULL,0,NULL,0,1,1,0,1, ,     ,0x000000011D7B61D3, , 
10014650,8725TT-ART-CAN,TRA, , ,50,25ART-102-25335,25 TON - 3 AXLE - 17.5 - 49 IN,3,3234,THE MCLEAN COMPANY,00:00.0,00:00.0,00:00.0,00:00.0,Y,N,S,9174.75,29332.82843,1,1,O, ,297,0,Y,N,N,N,49548.105,0,0,0,512921,0,0,15,13,0,Y,N,Y, ,N,1,0,1200,0,1,29739.02,20444.44,0,10798.45,3826.55,0,166.13,58.87,0,29739.02,0,0,10798.45,0,0,0, ,00:00.0,1337, ,0, , ,     ,     ,  , , , , ,00:00.0,N,1,9174.75,29332.82843, , , , , , ,0,S,1,M, ,NULL,0,NULL,0,1,1,0,1, ,     ,0x000000011DD87D48, , 
10014558,8753ET4X,TRA, , ,50,53ET4X-102-24983,TRAILER 53' 4AX ET AIR RIDE,3,3303,REMORQUE LEWIS,00:00.0,00:00.0,00:00.0,00:00.0,Y,N,S,11810.5,44587.88119,1,1,O, ,326,0,Y,N,N,N,70208,0,0,0,512793,0,0,15,13,0,Y,N,Y, ,N,1,0,1200,0,1,48218.49,27933.83,0,11583.65,540.8,0,178.21,8.32,0,48218.49,0,0,11583.65,0,0,0, ,00:00.0,1614, ,0, , ,     ,     ,  , , , , ,00:00.0,N,1,11810.5,44587.88119, , , , , , ,0,S,1,M, ,NULL,0,NULL,0,1,1,0,1, ,     ,0x000000011E21A0A6, , 
10014468,8753VT962X-STAN,TRA, , ,50,53VT2V DCI-96-25149,TRAILER 53' 2X VAN CONTAINER,3,2711,DEMOUNTABLE CONCEPTS INC.,00:00.0,00:00.0,00:00.0,00:00.0,Y,N,S,6669,22679.632,1,1,O, ,258,0,Y,N,N,N,35757.867,0,0,0,512697,0,0,15,13,0,Y,N,Y, ,N,1,0,1200,0,1,22366.32,10081.06,0,7007,3591.9,0,107.8,55.26,0,22366.32,0,0,7007,0,0,0, ,00:00.0,1614, ,0, , ,     ,     ,  , , , , ,00:00.0,N,1,6669,22679.632, , , , , , ,0,S,1,M, ,NULL,0,NULL,0,1,1,0,1, ,     ,0x000000011D33F5E7, , 
10014499,SG WO 9405,TRA, , ,50,PONY 3X17-25089,38' PONY TRAILER FRAME 3X,3,1975,CASH ON DELIVERY,00:00.0,00:00.0,00:00.0,00:00.0,Y,N,S,4816.5,28241.47955,1,1,O, ,234,0,Y,N,N,N,40421,0,0,0, ,0,0,15,13,0,Y,N,Y, ,N,1,0,1200,0,0,30529.87,18977.86,0,6741.15,3303.3,0,103.71,50.82,0,30529.87,0,0,6741.15,0,0,0, ,00:00.0,1542, ,0, , ,     ,     ,  , , , , ,00:00.0,N,1,4816.5,28241.47955, , , , , , ,0,S,1,M, ,NULL,0,NULL,0,1,1,0,1, ,     ,0x000000011E40C1C5, , 
10014632,8730TT-ART-STAN,TRA, , ,50,30ART-102-25022,30 TON - 3 AXLE - 17.5 - 49,3,3035,NORTHEAST TRUCK & TRAILER,00:00.0,00:00.0,00:00.0,00:00.0,Y,N,S,8102.25,23840.48892,1,1,O, ,259,0,Y,N,N,N,36926,0,0,0,512891,0,0,15,13,0,Y,N,Y, ,N,1,0,1200,0,1,25435.1,19673.76,0,8365.5,1784.9,0,128.7,27.46,0,25435.1,0,0,8365.5,0,0,0, ,00:00.0,1338, ,0, , ,     ,     ,  , , , , ,00:00.0,N,1,8102.25,23840.48892, , , , , , ,0,S,1,M, ,NULL,0,NULL,0,1,1,0,1, ,     ,0x000000011DD87F93, , 
10014329,SG WO 9192,TRA, , ,50,PONY 3X17-24745,38' PONY TRAILER FRAME 3X,3,1975,CASH ON DELIVERY,00:00.0,00:00.0,00:00.0,00:00.0,Y,N,S,4816.5,11810.73978,1,1,O, ,429,0,Y,N,N,N,26028,0,0,0, ,0,0,15,13,0,Y,N,Y, ,N,1,0,1200,0,0,30155.44,19128.49,-2.45,6887.4,195,0,105.96,3,0,30155.44,0,0,6887.4,0,0,0, ,00:00.0,1110, ,0, , ,     ,     ,  , , , , ,00:00.0,N,1,4816.5,11810.73978, , , , , , ,0,S,1,M, ,NULL,0,NULL,0,1,1,0,1, ,     ,0x000000011DB2337E, , 
10014735,8721TT-NO/TILT,TRA, , ,50,20NTT-102-25590,20 TON - 2 AXLE - 17.5 - 49 IN,3,3303,REMORQUE LEWIS,00:00.0,00:00.0,00:00.0,NULL,N,N,S,6864,16501.45136,1,0,O, ,187,0,Y,N,N,N,28344,0,0,0,513019,0,0,15,13,0,Y,N,Y, ,N,0,0,1200,0,1,16769.99,0,0,4976.4,0,0,76.56,0,0,0,0,0,0,0,0,0, ,00:00.0,1031, ,0, , ,     ,     ,  , , , , ,00:00.0,N,1,6864,16501.45136, , , , , , ,0,S,1,M, ,NULL,0,NULL,0,1,0,0,1, ,     ,0x000000011E2265EF, , 
10014717,8728LBT2X NS V2016,TRA, , ,50,28LBT2X NS-102-24899,28 FT - 2 AXLE - 22.5 - 60 IN,3,3011,ATLANTIC POWERTRAIN & EQUIPMEN,00:00.0,00:00.0,00:00.0,NULL,N,N,S,6279,25930.89006,1,0,O, ,240,0,Y,N,N,N,42537,0,0,0,512991,0,0,15,8,0,Y,N,Y, ,N,0,0,1200,0,1,18784.29,1384.2,0,6760,0,0,104,0,0,0,0,0,0,0,0,0, ,00:00.0,940, ,0, , ,     ,     ,  , , , , ,00:00.0,N,1,6279,25930.89006, , , , , , ,0,S,1,M, ,NULL,0,NULL,0,1,0,0,1, ,     ,0x000000011E1F313E, , 
10014364,SG WO 9196,TRA, , ,50,PONY 3X17-24817,38' PONY TRAILER FRAME 3X,3,1975,CASH ON DELIVERY,00:00.0,00:00.0,00:00.0,00:00.0,Y,N,S,4816.5,28387.56865,1,1,O, ,405,0,Y,N,N,N,26028,0,0,0, ,0,0,15,13,0,Y,N,Y, ,N,1,0,1200,0,0,30387.35,19024.07,0,6919.9,169,0,106.46,2.6,0,30387.35,0,0,6919.9,0,0,0, ,00:00.0,1115, ,0, , ,     ,     ,  , , , , ,00:00.0,N,1,4816.5,28387.56865, , , , , , ,0,S,1,M, ,NULL,0,NULL,0,1,1,0,1, ,     ,0x000000011E40B976, , 
10014500,SG WO 9194,TRA, , ,50,PONY 3X17-25090,38' PONY TRAILER FRAME 3X,3,1975,CASH ON DELIVERY,00:00.0,00:00.0,00:00.0,00:00.0,Y,N,S,4816.5,28241.47955,1,1,O, ,251,0,Y,N,N,N,40421,0,0,0,512729,0,0,15,13,0,Y,N,Y, ,N,1,0,1200,0,1,30913.63,19305.67,0,6379.75,2968.55,0,98.15,45.67,0,30913.63,0,0,6379.75,0,0,0, ,00:00.0,815, ,0, , ,     ,     ,  , , , , ,00:00.0,N,1,4816.5,28241.47955, , , , , , ,0,S,1,M, ,NULL,0,NULL,0,1,1,0,1, ,     ,0x000000011DD86C69, , 
10014561,8725TT-NO-TILT,TRA, , ,50,25NTT-102-25210,"25 TON - 3 AXLE - 17.5 - 49""",3,2730,HALE TRAILER BRAKE & WHEEL INC,00:00.0,00:00.0,00:00.0,00:00.0,Y,N,S,7501,21300.42813,1,1,O, ,236,0,Y,N,N,N,38695.995,0,0,0,512796,0,0,15,13,0,Y,N,Y, ,N,1,0,1200,0,1,22518.37,4237.51,0,7666.75,443.95,141.05,117.95,6.83,2.17,22518.37,0,0,7666.75,0,0,0, ,00:00.0,1339, ,0, , ,     ,     ,  , , , , ,00:00.0,N,1,7501,21300.42813, , , , , , ,0,S,1,M, ,NULL,0,NULL,0,1,1,0,1, ,     ,0x000000011DD88254, , 
10014594,8755HDG3X H V2020,TRA, , ,50,55HDG3X H V2020-102-25279,55 TON - 3 AXLE - 60 IN,3,3303,REMORQUE LEWIS,00:00.0,00:00.0,00:00.0,NULL,N,N,S,14537.25,67259.74429,1,0,O, ,430,0,Y,N,N,N,88109,0,0,0,512843,0,0,15,13,0,Y,N,Y, ,N,0,0,1200,0,1,57203.18,11782.28,0,12449.45,0,0,191.53,0,0,0,0,0,0,0,0,0, ,00:00.0,756, ,0, , ,     ,     ,  , , , , ,00:00.0,N,1,14537.25,67259.74429, , , , , , ,0,S,1,M, ,NULL,0,NULL,0,1,0,0,1, ,     ,0x000000011E421A19, , 
10014617,8721TT-NO/TILT,TRA, , ,50,20NTT-102-25333,20 TON - 2 AXLE - 17.5 - 49 IN,3,2730,HALE TRAILER BRAKE & WHEEL INC,00:00.0,00:00.0,00:00.0,00:00.0,Y,N,S,6717.75,17791.29669,1,1,O, ,207,0,Y,N,N,N,28944.621,0,0,0,512876,0,0,15,13,0,Y,N,Y, ,N,1,0,1200,0,1,18270.41,7215.05,0,6425.25,1187.55,0,98.85,18.27,0,18270.41,0,0,6425.25,0,0,0, ,00:00.0,1321, ,0, , ,     ,     ,  , , , , ,00:00.0,N,1,6717.75,17791.29669, , , , , , ,0,S,1,M, ,NULL,0,NULL,0,1,1,0,1, ,     ,0x000000011D7B615B, , 
10014653,8730TT-ART-STAN,TRA, , ,50,30ART-102-25367,30 TON - 3 AXLE - 17.5 - 49 IN,3,2730,HALE TRAILER BRAKE & WHEEL INC,00:00.0,00:00.0,00:00.0,NULL,N,N,S,6964.75,24040.69443,1,0,O, ,211,0,Y,N,N,N,39154.995,0,0,0,512924,0,0,15,4,0,Y,N,Y, ,N,0,0,1200,0,1,16072.1,2524.94,0,2907.45,0,0,44.73,0,0,0,0,0,0,0,0,0, ,00:00.0,1530, ,0, , ,     ,     ,  , , , , ,00:00.0,N,1,6964.75,24040.69443, , , , , , ,0,S,1,M, ,NULL,0,NULL,0,1,0,0,1, ,     ,0x000000011E21BE27, , 
10014678,8753ET3X-AIR-PAVER,TRA, , ,50,53ET3XP-102-25219,53 FT - 3 AXLE - 17.5 - 72 IN,3,2841,TRANSIT TRAILER LIMITED,00:00.0,00:00.0,00:00.0,NULL,N,N,S,13002.6,38606.87212,1,0,O, ,280,0,Y,N,N,N,65382,0,0,0,512949,0,0,15,13,0,Y,N,Y, ,N,0,0,1200,0,1,36991.39,10457.53,0,11303.5,0,0,173.9,0,0,0,0,0,0,0,0,0, ,00:00.0,1425, ,0, , ,     ,     ,  , , , , ,00:00.0,N,1,13002.6,38606.87212, , , , , , ,0,S,1,M, ,NULL,0,NULL,0,1,0,0,1, ,     ,0x000000011E22647D, , 
10014679,8753ET3X-AIR-PAVER,TRA, , ,50,53ET3XP-102-25300,53 FT - 3 AXLE - 17.5 - 61 IN,3,2014,ACOTT CONSTRUCTION LTD.,00:00.0,00:00.0,00:00.0,NULL,N,N,S,13123.5,34897.96037,1,0,O, ,307,0,Y,N,N,N,68185,0,0,0,512950,0,0,15,13,0,Y,N,Y, ,N,0,0,1200,0,1,44434.37,11199.96,0,13051.35,0,0,200.79,0,0,0,0,0,0,0,0,0, ,00:00.0,1540, ,0, , ,     ,     ,  , , , , ,00:00.0,N,1,13123.5,34897.96037, , , , , , ,0,S,1,M, ,NULL,0,NULL,0,1,0,0,1, ,     ,0x000000011E414FA6, , 
10014647,8730TT-ANR-CAN,TRA, , ,50,30ANR-102-25350,30 TON - 3 AXLE - 17.5 - 49 IN,3,3042,FORT GARRY INDUSTRIES LTD.,00:00.0,00:00.0,00:00.0,00:00.0,Y,N,S,6168.5,19653.10571,1,1,O, ,202,0,Y,N,N,N,29747,0,0,0,512918,0,0,15,13,0,Y,N,Y, ,N,1,0,1200,0,1,20488.47,15887.18,0,5672.55,2316.6,0,87.27,35.64,0,20488.47,0,0,5672.55,0,0,0, ,00:00.0,1406, ,0, , ,     ,     ,  , , , , ,00:00.0,N,1,6168.5,19653.10571, , , , , , ,0,S,1,M, ,NULL,0,NULL,0,1,1,0,1, ,     ,0x000000011CBA5BBE, , 
10014648,8730TT-ANR-CAN,TRA, , ,50,30ANR-102-25364,30 TON - 3 AXLE - 17.5 - 49 IN,3,3042,FORT GARRY INDUSTRIES LTD.,00:00.0,00:00.0,00:00.0,00:00.0,Y,N,S,6168.5,19653.10571,1,1,O, ,197,0,Y,N,N,N,29747,0,0,0,512919,0,0,15,13,0,Y,N,Y, ,N,1,0,1200,0,1,20199.37,6670.4,0,5712.2,427.7,0,87.88,6.58,0,20199.37,0,0,5712.2,0,0,0, ,00:00.0,1614, ,0, , ,     ,     ,  , , , , ,00:00.0,N,1,6168.5,19653.10571, , , , , , ,0,S,1,M, ,NULL,0,NULL,0,1,1,0,1, ,     ,0x000000011D34DE1F, , 
70002558,FLOOR FRAME GUSSET,PAR, , ,50,TR-FFL-P004,FLOOR FRAME GUSSET,1, , ,00:00.0,00:00.0,00:00.0,NULL,N,N,S,5.2,3.2592,60,0,N, ,0,0,Y,N,N,N,10.28441,0,0,0, ,0,0,2,0,0,Y,N,Y, ,N,0,0,1200,2,0,0,0,0,0,0,0,0,0,0,0,0,0,0,0,0,0, ,00:00.0,1527, ,0, , ,     ,     ,  , , , , ,00:00.0,N,60,5.2,3.2592, , , , , , ,0,S,1,M, ,NULL,0,NULL,0,60,0,0,60, ,     ,0x000000011C7500FC, , 
70002560,FLOOR FRAME GUSSET,PAR, , ,50,TR-FFL-P008,FLOOR FRAME GUSSET,1, , ,00:00.0,00:00.0,00:00.0,NULL,N,N,S,3.25,2.8518,60,0,N, ,0,0,Y,N,N,N,9.44594,0,0,0, ,0,0,2,0,0,Y,N,Y, ,N,0,0,1200,2,0,0,0,0,0,0,0,0,0,0,0,0,0,0,0,0,0, ,00:00.0,1526, ,0, , ,     ,     ,  , , , , ,00:00.0,N,60,3.25,2.8518, , , , , , ,0,S,1,M, ,NULL,0,NULL,0,60,0,0,60, ,     ,0x000000011C7503E4, , 
70002561,"HEAVY DUTY X-MEMBER 16-3/4""",PAR, , ,50,TR-FL-E07-16.75,"HEAVY DUTY X-MEMBER 16-3/4""",1, , ,00:00.0,00:00.0,00:00.0,NULL,N,N,S,6.5,13.09903,8,0,N, ,0,0,Y,N,N,N,21.20333,0,0,0, ,0,0,2,0,0,Y,N,Y, ,N,0,0,1200,2,0,0,0,0,0,0,0,0,0,0,0,0,0,0,0,0,0, ,NULL,0, ,0, , ,     ,     ,  , , , , ,00:00.0,N,8,6.5,13.09903, , , , , , ,0,S,1,M, ,NULL,0,NULL,0,8,0,0,8, ,     ,0x000000011C7503FB, , 
70002565,"HEAVY DUTY X-MEMBER 30-1/2""",PAR, , ,50,TR-FL-E07-30.5,"HEAVY DUTY X-MEMBER 30-1/2""",1, , ,00:00.0,00:00.0,00:00.0,NULL,N,N,S,6.5,26.19814,12,0,N, ,0,0,Y,N,N,N,33.13167,0,0,0, ,0,0,2,0,0,Y,N,Y, ,N,0,0,1200,2,0,0,0,0,0,0,0,0,0,0,0,0,0,0,0,0,0, ,NULL,0, ,0, , ,     ,     ,  , , , , ,00:00.0,N,12,6.5,26.19814, , , , , , ,0,S,1,M, ,NULL,0,NULL,0,12,0,0,12, ,     ,0x000000011C75050F, , 
70002567,"HEAVY DUTY X-MEMBER 34-5/8""",PAR, , ,50,TR-FL-E07-34.625,"HEAVY DUTY X-MEMBER 34-5/8""",1, , ,00:00.0,00:00.0,00:00.0,NULL,N,N,S,6.5,27.50807,8,0,N, ,0,0,Y,N,N,N,32.49167,0,0,0, ,0,0,2,0,0,Y,N,Y, ,N,0,0,1200,2,0,0,0,0,0,0,0,0,0,0,0,0,0,0,0,0,0, ,NULL,0, ,0, , ,     ,     ,  , , , , ,00:00.0,N,8,6.5,27.50807, , , , , , ,0,S,1,M, ,NULL,0,NULL,0,8,0,0,8, ,     ,0x000000011C750534, , 
70002570,END DUMP REAR PIVOT,PAR, , ,50,TR-PVT-A001,END DUMP REAR PIVOT,1, , ,00:00.0,00:00.0,00:00.0,00:00.0,Y,N,S,48.75,97.77346,50,50,N, ,29,0,Y,N,N,N,302.277,0,0,0, ,0,0,2,1,0,Y,N,Y, ,N,1,0,1200,2,0,4932.1,0,0,2308.8,0,0,35.52,0,0,4932.1,0,0,2308.8,0,0,0, ,00:00.0,1319, ,0, , ,     ,     ,  , , , , ,00:00.0,N,50,48.75,97.77346, , , , , , ,0,S,1,M, ,NULL,0,NULL,0,50,50,0,50, ,     ,0x000000011DB1F8DE, , 
70002573,AXLE STOP ASSY,PAR, , ,50,TR-RSB-A001,AXLE STOP ASSY,1, , ,00:00.0,00:00.0,00:00.0,NULL,N,N,S,39,20.78027,30,0,N, ,0,0,Y,N,N,N,96.56468,0,0,0, ,0,0,3,0,0,Y,N,Y, ,N,0,0,1200,2,0,0,0,0,0,0,0,0,0,0,0,0,0,0,0,0,0, ,NULL,0, ,0, , ,     ,     ,  , , , , ,00:00.0,N,30,39,20.78027, , , , , , ,0,S,1,M, ,NULL,0,NULL,0,30,0,0,30, ,     ,0x000000011C750644, , 
70002577,FRAME REAR PIVOT SUPPORT,PAR, , ,50,TR-SFR-P020,FRAME REAR PIVOT SUPPORT,1, , ,00:00.0,00:00.0,00:00.0,NULL,N,N,S,16.25,3.29146,2,0,N, ,0,0,Y,N,N,N,17.65238,0,0,0, ,0,0,2,0,0,Y,N,Y, ,N,0,0,1200,2,0,0,0,0,0,0,0,0,0,0,0,0,0,0,0,0,0, ,NULL,0, ,0, , ,     ,     ,  , , , , ,00:00.0,N,2,16.25,3.29146, , , , , , ,0,S,1,M, ,NULL,0,NULL,0,2,0,0,2, ,     ,0x000000011C7506BD, , 
70002600,REAR 2 HOLE CHANNEL,PAR, , ,50,TR-UC-P003,REAR 2 HOLE CHANNEL,1, , ,00:00.0,00:00.0,00:00.0,NULL,N,N,S,19.5,59.81959,9,0,N, ,0,0,Y,N,N,N,177.81788,0,0,0, ,0,0,4,0,0,Y,N,Y, ,N,0,0,1200,2,0,0,0,0,0,0,0,0,0,0,0,0,0,0,0,0,0, ,NULL,0, ,0, , ,     ,     ,  , , , , ,00:00.0,N,9,19.5,59.81959, , , , , , ,0,S,1,M, ,NULL,0,NULL,0,9,0,0,9, ,     ,0x000000011C750ACB, , 
70002602,HOOK-UP CHANNEL,PAR, , ,50,TR-UC-P004,HOOK-UP CHANNEL,1, , ,00:00.0,00:00.0,00:00.0,NULL,N,N,S,26,65.1122,16,0,N, ,0,0,Y,N,N,N,222.3855,0,0,0, ,0,0,4,0,0,Y,N,Y, ,N,0,0,1200,2,0,0,0,0,0,0,0,0,0,0,0,0,0,0,0,0,0, ,NULL,0, ,0, , ,     ,     ,  , , , , ,00:00.0,N,16,26,65.1122, , , , , , ,0,S,1,M, ,NULL,0,NULL,0,16,0,0,16, ,     ,0x000000011C752075, , 
70002604,HIOST PIN CHANNEL,PAR, , ,50,TR-UC-P006,HIOST PIN CHANNEL,1, , ,00:00.0,00:00.0,00:00.0,NULL,N,N,S,13,20.80772,14,0,N, ,0,0,Y,N,N,N,111.09394,0,0,0, ,0,0,3,0,0,Y,N,Y, ,N,0,0,1200,2,0,0,0,0,0,0,0,0,0,0,0,0,0,0,0,0,0, ,NULL,0, ,0, , ,     ,     ,  , , , , ,00:00.0,N,14,13,20.80772, , , , , , ,0,S,1,M, ,NULL,0,NULL,0,14,0,0,14, ,     ,0x000000011C7520C0, , 
70002606,HIOST PIN CHANNEL LEFT SIDE,PAR, , ,50,TR-UC-P018L,HIOST PIN CHANNEL LEFT SIDE,1, , ,00:00.0,00:00.0,00:00.0,NULL,N,N,S,13,19.48288,7,0,N, ,0,0,Y,N,N,N,108.1455,0,0,0, ,0,0,3,0,0,Y,N,Y, ,N,0,0,1200,2,0,0,0,0,0,0,0,0,0,0,0,0,0,0,0,0,0, ,NULL,0, ,0, , ,     ,     ,  , , , , ,00:00.0,N,7,13,19.48288, , , , , , ,0,S,1,M, ,NULL,0,NULL,0,7,0,0,7, ,     ,0x000000011C7520E8, , 
70002609,KING PIN LOCK CHANNEL,PAR, , ,50,TR-UC-P036,KING PIN LOCK CHANNEL,1, , ,00:00.0,00:00.0,00:00.0,NULL,N,N,S,6.5,2.7291,16,0,N, ,0,0,Y,N,N,N,6.23156,0,0,0, ,0,0,2,0,0,Y,N,Y, ,N,0,0,1200,2,0,0,0,0,0,0,0,0,0,0,0,0,0,0,0,0,0, ,00:00.0,1549, ,0, , ,     ,     ,  , , , , ,00:00.0,N,16,6.5,2.7291, , , , , , ,0,S,1,M, ,NULL,0,NULL,0,16,0,0,16, ,     ,0x000000011C752121, , 
70002610,FRONT GNK CHANNEL,PAR, , ,50,TR-UC-P047,FRONT GNK CHANNEL,1, , ,00:00.0,00:00.0,00:00.0,NULL,N,N,S,32.5,59.81959,6,0,N, ,0,0,Y,N,N,N,246.61415,0,0,0, ,0,0,4,0,0,Y,N,Y, ,N,0,0,1200,2,0,0,0,0,0,0,0,0,0,0,0,0,0,0,0,0,0, ,00:00.0,1549, ,0, , ,     ,     ,  , , , , ,00:00.0,N,6,32.5,59.81959, , , , , , ,0,S,1,M, ,NULL,0,NULL,0,6,0,0,6, ,     ,0x000000011C752136, , 
70002592,TARP  BAR HANGER,PAR, , ,50,TB-TRP-P008,TARP  BAR HANGER,1, , ,00:00.0,00:00.0,00:00.0,NULL,N,N,S,45.5,0,18,0,N, ,0,0,Y,N,N,N,0,0,0,0, ,0,0,4,0,0,Y,N,Y, ,N,0,0,1200,2,0,0,0,0,0,0,0,0,0,0,0,0,0,0,0,0,0, ,NULL,0, ,0, , ,     ,     ,  , , , , ,00:00.0,N,18,45.5,0, , , , , , ,0,S,1,M, ,NULL,0,NULL,0,18,0,0,18, ,     ,0x000000011C7509DA, , 
70002594,LOCK BAR HANGER,PAR, , ,50,TR-ACL-P029,LOCK BAR HANGER,1, , ,00:00.0,00:00.0,00:00.0,NULL,N,N,S,45.5,8.56975,7,0,N, ,0,0,Y,N,N,N,34.85267,0,0,0, ,0,0,4,0,0,Y,N,Y, ,N,0,0,1200,2,0,0,0,0,0,0,0,0,0,0,0,0,0,0,0,0,0, ,NULL,0, ,0, , ,     ,     ,  , , , , ,00:00.0,N,7,45.5,8.56975, , , , , , ,0,S,1,M, ,NULL,0,NULL,0,7,0,0,7, ,     ,0x000000011C750A10, , 
70002596,LOCK MECHANISM BLOCK,PAR, , ,50,TR-ACL-P045,LOCK MECHANISM BLOCK,1, , ,00:00.0,00:00.0,00:00.0,NULL,N,N,S,45.5,8.56975,20,0,N, ,0,0,Y,N,N,N,28.58288,0,0,0, ,0,0,4,0,0,Y,N,Y, ,N,0,0,1200,2,0,0,0,0,0,0,0,0,0,0,0,0,0,0,0,0,0, ,NULL,0, ,0, , ,     ,     ,  , , , , ,00:00.0,N,20,45.5,8.56975, , , , , , ,0,S,1,M, ,NULL,0,NULL,0,20,0,0,20, ,     ,0x000000011C750A5A, , 
70002598,"WET LINE PIPE ASSY  12""",PAR, , ,50,TR-UC-A001,"WET LINE PIPE ASSY  12""",1, , ,00:00.0,00:00.0,00:00.0,NULL,N,N,S,32.5,23.24057,6,0,N, ,4,0,Y,N,N,N,72.2364,0,0,0, ,0,0,4,3,0,Y,N,Y, ,N,0,0,1200,2,0,31.04,0,0,183.95,0,0,2.83,0,0,0,0,0,0,0,0,0, ,00:00.0,1545, ,0, , ,     ,     ,  , , , , ,00:00.0,N,6,32.5,23.24057, , , , , , ,0,S,1,M, ,NULL,0,NULL,0,6,0,0,6, ,     ,0x000000011DFA4753, , 
70002134,STEEL PARTS FOR WO9418,PAR, , ,50,SP9418,STEEL PARTS FOR WO9418,1,3384,STARGATE MFG LTD,00:00.0,00:00.0,00:00.0,00:00.0,Y,N,S,0,2163.16056,1,1,O, ,9,0,N,N,N,N,0,0,0,0,109447,0,0,2,0,0,Y,N,Y, ,N,1,0,1200,2,1,2057.96,2057.96,0,0,0,0,0,0,0,2057.96,2057.96,0,0,0,0,0, ,00:00.0,1146, ,0, , ,     ,     ,  , , , , ,00:00.0,N,1,0,2163.16056, , , , , , ,0,S,1,M, ,NULL,0,NULL,0,1,1,0,1, ,     ,0x000000011BBCA889, , 
70002216,STEEL PARTS FOR WO9063,PAR, , ,50,SP9063,STEEL PARTS FOR WO9063,1,3384,STARGATE MFG LTD,00:00.0,00:00.0,00:00.0,00:00.0,Y,N,S,0,2039.41853,1,1,O, ,9,0,N,N,N,N,0,0,0,0,109525,0,0,2,0,0,Y,N,Y, ,N,1,0,1200,2,1,1929.52,1929.52,0,0,0,0,0,0,0,1929.52,1929.52,0,0,0,0,0, ,00:00.0,1151, ,0, , ,     ,     ,  , , , , ,00:00.0,N,1,0,2039.41853, , , , , , ,0,S,1,M, ,NULL,0,NULL,0,1,1,0,1, ,     ,0x000000011BBCA8D1, , 
70002255,"17FT PONY BOX FLOOR 1/4""",PAR, , ,50,PF9188,"17FT PONY BOX FLOOR 1/4""",1,3384,STARGATE MFG LTD,00:00.0,00:00.0,00:00.0,00:00.0,Y,N,S,1235,3699.63685,1,1,O, ,133,0,Y,N,N,N,0,0,0,0,109617,0,0,3,2,0,Y,N,Y, ,N,1,0,1200,2,2,3111.77,3111.77,0,1563.9,1563.9,0,24.06,24.06,0,3111.77,0,0,1563.9,0,0,0, ,00:00.0,1118, ,0, , ,     ,     ,  , , , , ,00:00.0,N,1,1235,3699.63685, , , , , , ,0,S,1,M, ,NULL,0,NULL,0,1,1,0,1, ,     ,0x000000011C2F8F1F, , 
30001644,CLAIM #6682 - GNK FLIP EARS INSTALLED,WAR, , ,50,#0999998,Warranty Parts & Labour,**,9999,WARRANTY,00:00.0,00:00.0,00:00.0,00:00.0,Y,N,M,0,0,1,1, , ,8,0,Y,N,N,N,0,0,0,0, ,0,0,2,0,0,Y,N,Y, ,N,2,0,1200,6,0,4539,0,0,0,0,0,0,0,0,4539,0,0,0,0,0,0, ,00:00.0,1102, ,0, , ,     ,     ,  , , , , ,00:00.0,N,1,0,0, , , , , , ,0,S,1,M, ,NULL,0,NULL,0,1,1,0,1, ,     ,0x000000011E1FA7B1, , 
70002407,FIFTH WHEEL PLATE ASSY,PAR, , ,50,TR-UC15-G0-A001,FIFTH WHEEL PLATE ASSY,1, , ,00:00.0,00:00.0,00:00.0,00:00.0,Y,N,S,325,726.0577,2,2,N, ,45,0,Y,N,N,N,2773.6554,0,0,0, ,0,0,2,1,0,Y,N,Y, ,N,1,0,1200,2,0,1397.76,1397.76,0,640.9,640.9,0,9.86,9.86,0,1397.76,1397.76,0,640.9,640.9,0,0, ,00:00.0,1142, ,0, , ,     ,     ,  , , , , ,00:00.0,N,2,325,726.0577, , , , , , ,0,S,1,M, ,NULL,0,NULL,0,2,2,0,2, ,     ,0x000000011BBCA98C, , 
70002460,"SHAFT STAINLESS 1"" X 108""",PAR, , ,50,PY-AFL-P004,"SHAFT STAINLESS 1"" X 108""",1, , ,00:00.0,00:00.0,00:00.0,NULL,N,N,S,6.5,84.77661,2,0,N, ,0,0,Y,N,N,N,88.57625,0,0,0, ,0,0,2,0,0,Y,N,Y, ,N,0,0,1200,2,0,0,0,0,0,0,0,0,0,0,0,0,0,0,0,0,0, ,NULL,0, ,0, , ,     ,     ,  , , , , ,00:00.0,N,2,6.5,84.77661, , , , , , ,0,S,1,M, ,NULL,0,NULL,0,2,0,0,2, ,     ,0x000000011BBCA9BF, , 
20044056,"BEAM ASS. PV GNK114""-18""-24""KP",SUB, , ,50,40946577,"BEAM ASS. PV GNK114""-18""-24""KP",1, , ,00:00.0,00:00.0,00:00.0,NULL,N,N,S,442.65,686.33206,2,0,N, ,1,0,Y,N,N,N,2857.581,0,0,0, ,0,0,5,1,0,Y,N,Y, ,N,0,0,1200,2,0,0,0,0,31.2,0,0,0.48,0,0,0,0,0,0,0,0,0, ,00:00.0,1110, ,0, , ,     ,     ,  , , , , ,00:00.0,N,2,442.65,686.33206, , , , , , ,0,S,1,M, ,NULL,0,NULL,0,2,0,0,2, ,     ,0x000000011C94BB46, , 
20044184,"KIT STEEL GNK 97.5""  3D",SUB, , ,50,40961181,"KIT STEEL GNK 97.5""  3D",1, , ,00:00.0,00:00.0,00:00.0,NULL,N,N,S,89.05,221.53795,3,0,N, ,0,0,Y,N,N,N,829.3875,0,0,0, ,0,0,5,0,0,Y,N,Y, ,N,0,0,1200,2,0,0,0,0,0,0,0,0,0,0,0,0,0,0,0,0,0, ,NULL,0, ,0, , ,     ,     ,  , , , , ,00:00.0,N,3,89.05,221.53795, , , , , , ,0,S,1,M, ,NULL,0,NULL,0,3,0,0,3, ,     ,0x000000011BBC91FF, , 
20044185,"KIT STEEL GNK 108""  3D",SUB, , ,50,40967153,"KIT STEEL GNK 108""  3D",1, , ,00:00.0,00:00.0,00:00.0,NULL,N,N,S,97.5,331.07804,1,0,N, ,0,0,Y,N,N,N,1082.3475,0,0,0, ,0,0,4,0,0,Y,N,Y, ,N,0,0,1200,2,0,0,0,0,0,0,0,0,0,0,0,0,0,0,0,0,0, ,NULL,0, ,0, , ,     ,     ,  , , , , ,00:00.0,N,1,97.5,331.07804, , , , , , ,0,S,1,M, ,NULL,0,NULL,0,1,0,0,1, ,     ,0x000000011BBC9201, , 
20044186,SUPPORT SCBT FOR AIR RAMPS,SUB, , ,50,40992600,SUPPORT SCBT FOR AIR RAMPS,1, , ,00:00.0,00:00.0,00:00.0,00:00.0,Y,N,D,35.75,34.90862,2,2,P, ,2,0,Y,N,N,N,153.65025,0,0,0, ,0,0,4,1,0,Y,N,Y, ,N,1,0,1200,2,0,253.66,253.66,0,39,39,0,0.6,0.6,0,253.66,253.66,0,39,39,0,0, ,00:00.0,1157, ,0, , ,     ,     ,  , , , , ,00:00.0,N,2,35.75,34.90862, , , , , , ,0,S,1,M, ,NULL,0,NULL,0,2,2,0,2, ,     ,0x000000011BBC9202, , 
20043658,"PIPE  1"" SCH 40 X 6""",SUB, , ,50,40948484,"PIPE  1"" SCH 40 X 6""",1, , ,00:00.0,00:00.0,00:00.0,00:00.0,Y,N,S,6.5,0.74497,40,40,N, ,4,0,Y,N,N,N,5.61191,0,0,0, ,0,0,2,1,0,Y,N,Y, ,N,1,0,1200,2,0,29.8,29.8,0,266.5,266.5,0,4.1,4.1,0,29.8,29.8,0,266.5,266.5,0,0, ,NULL,0, ,0, , ,     ,     ,  , , , , ,00:00.0,N,40,6.5,0.74497, , , , , , ,0,S,1,M, ,NULL,0,NULL,0,40,40,0,40, ,     ,0x000000011BBC9001, , 
20043630,"BUMPER 102"" ART & ET NEW",SUB, , ,50,40963615,"BUMPER 102"" ART & ET NEW",1, , ,00:00.0,00:00.0,00:00.0,00:00.0,Y,N,S,47.45,287.78306,5,5,N, ,24,0,Y,N,N,N,834.6201,0,0,0, ,0,0,2,1,0,Y,N,Y, ,N,1,0,1200,2,0,1634.86,1634.86,0,216.45,216.45,0,3.33,3.33,0,1634.86,1634.86,0,216.45,216.45,0,0, ,00:00.0,854, ,0, , ,     ,     ,  , , , , ,00:00.0,N,5,47.45,287.78306, , , , , , ,0,S,1,M, ,NULL,0,NULL,0,5,5,0,5, ,     ,0x000000011BBC8FE4, , 
20043577,BRACKET WINCH,SUB, , ,50,40900403,BRACKET WINCH,1, , ,00:00.0,00:00.0,00:00.0,00:00.0,Y,N,S,1.95,0.37674,40,40,N, ,3,0,Y,N,N,N,4.55303,0,0,0, ,0,0,3,2,0,Y,N,Y, ,N,1,0,1200,2,0,14.35,14.35,0,133.25,133.25,0,2.05,2.05,0,14.35,14.35,0,133.25,133.25,0,0, ,00:00.0,1113, ,0, , ,     ,     ,  , , , , ,00:00.0,N,40,1.95,0.37674, , , , , , ,0,S,1,M, ,NULL,0,NULL,0,40,40,0,40, ,     ,0x000000011BBC8FAF, , 
20043622,PLATE DK3/16X33-3/8x27-1/8=6.3,SUB, , ,50,40959103,PLATE DK3/16X33-3/8x27-1/8=6.3,1, , ,00:00.0,00:00.0,00:00.0,00:00.0,Y,N,S,7.15,43.32409,40,40,N, ,5,0,Y,N,N,N,120.81135,0,0,0, ,0,0,3,2,0,Y,N,Y, ,N,1,0,1200,2,0,1868.51,0,0,328.25,0,0,5.05,0,0,1868.51,0,0,328.25,0,0,0, ,00:00.0,1135, ,0, , ,     ,     ,  , , , , ,00:00.0,N,40,7.15,43.32409, , , , , , ,0,S,1,M, ,NULL,0,NULL,0,40,40,0,40, ,     ,0x000000011D33D92E, , 
20043580,HANDLE WINCH  BWS FABRICATED,SUB, , ,50,40900493,HANDLE WINCH  BWS FABRICATED,1, , ,00:00.0,00:00.0,00:00.0,00:00.0,Y,N,S,2.6,0.32374,40,40,N, ,3,0,Y,N,N,N,13.64888,0,0,0, ,0,0,3,2,0,Y,N,Y, ,N,1,0,1200,2,0,12.67,0,0,187.2,55.25,0,2.88,0.85,0,12.67,0,0,187.2,0,0,0, ,00:00.0,1114, ,0, , ,     ,     ,  , , , , ,00:00.0,N,40,2.6,0.32374, , , , , , ,0,S,1,M, ,NULL,0,NULL,0,40,40,0,40, ,     ,0x000000011C2F997D, , 
20043582,BRACKET CENTER MUDFLAP,SUB, , ,50,40933081,BRACKET CENTER MUDFLAP,1, , ,00:00.0,00:00.0,00:00.0,00:00.0,Y,N,S,8.45,2.71361,10,10,N, ,2,0,Y,N,N,N,30.31185,0,0,0, ,0,0,3,1,0,Y,N,Y, ,N,1,0,1200,2,0,27.9,0,0,47.45,0,0,0.73,0,0,27.9,0,0,47.45,0,0,0, ,00:00.0,1114, ,0, , ,     ,     ,  , , , , ,00:00.0,N,10,8.45,2.71361, , , , , , ,0,S,1,M, ,NULL,0,NULL,0,10,10,0,10, ,     ,0x000000011D33D59C, , 
20043538,"RAMP SET 6' X 38"" PLANKED",SUB, , ,50,40963578,"RAMP SET 6' X 38"" PLANKED",1, , ,00:00.0,00:00.0,00:00.0,NULL,N,N,S,471.25,686.8833,5,0,N, ,2,0,Y,N,N,N,1954.1297,0,0,0, ,0,0,6,3,0,Y,N,Y, ,N,0,0,1200,2,0,0,0,0,112.45,0,0,1.73,0,0,0,0,0,0,0,0,0, ,NULL,0, ,0, , ,     ,     ,  , , , , ,00:00.0,N,5,471.25,686.8833, , , , , , ,0,S,1,M, ,NULL,0,NULL,0,5,0,0,5, ,     ,0x000000011DFD73A8, , 
20043525,4739,SUB, , ,50,40953545,"BUNK HEAVY DUTY 108"" FABRICATE",1, , ,00:00.0,00:00.0,00:00.0,00:00.0,Y,N,S,162.5,230.11769,1,1,N, ,15,0,Y,N,N,N,1003.986,0,0,0, ,0,0,2,1,0,Y,N,Y, ,N,1,0,1200,2,0,231.49,0,0,291.2,0,0,4.48,0,0,231.49,0,0,291.2,0,0,0, ,NULL,0, ,0, , ,     ,     ,  , , , , ,00:00.0,N,1,162.5,230.11769, , , , , , ,0,S,1,M, ,NULL,0,NULL,0,1,1,0,1, ,     ,0x000000011DB1FA08, , 
20043526,4739,SUB, , ,50,40954620,BUMPER REAR PUSH/IMPACT,1, , ,00:00.0,00:00.0,00:00.0,00:00.0,Y,N,S,266.5,201.71188,1,1,N, ,25,0,Y,N,N,N,1288.6425,0,0,0, ,0,0,6,5,0,Y,N,Y, ,N,1,0,1200,2,0,223.25,0,0,266.5,0,0,4.1,0,0,223.25,0,0,266.5,0,0,0, ,00:00.0,1256, ,0, , ,     ,     ,  , , , , ,00:00.0,N,1,266.5,201.71188, , , , , , ,0,S,1,M, ,NULL,0,NULL,0,1,1,0,1, ,     ,0x000000011D33C822, , 
20043507,4664  Steel Kit,SUB, , ,50,40992566,"STEEL KIT FOR 25TT NTT 61""",1,7778,BWS MACHINE SHOP,00:00.0,00:00.0,00:00.0,00:00.0,Y,N,S,237.25,301.89719,1,1,P, ,76,0,Y,N,N,N,1261.8165,0,0,0, ,0,0,6,4,0,Y,N,Y, ,N,1,0,1200,2,0,457.19,0,0,186.55,0,0,2.87,0,0,457.19,0,0,186.55,0,0,0, ,00:00.0,1330, ,0, , ,     ,     ,  , , , , ,00:00.0,N,1,237.25,301.89719, , , , , , ,0,S,1,M, ,NULL,0,NULL,0,1,1,0,1, ,     ,0x000000011D7C2ED2, , 
20043518,BEAM WRAP FOR ET PAVER,SUB, , ,50,40947136,BEAM WRAP FOR ET PAVER,1, , ,00:00.0,00:00.0,00:00.0,NULL,N,N,S,39,61.33232,10,0,N, ,8,0,Y,N,N,N,148.1142,0,0,0, ,0,0,2,1,0,Y,N,Y, ,N,0,0,1200,2,0,613.13,0,0,441.35,81.25,0,6.79,1.25,0,0,0,0,0,0,0,0, ,NULL,0, ,0, , ,     ,     ,  , , , , ,00:00.0,N,10,39,61.33232, , , , , , ,0,S,1,M, ,NULL,0,NULL,0,10,0,0,10, ,     ,0x000000011D58DA16, , 
20043324,4727,SUB, , ,50,40968733,A-FRAME 2 BAG FOR 102 TAG GALV,1, , ,00:00.0,00:00.0,00:00.0,NULL,N,N,S,721.5,1208.1332,1,0,N, ,1,0,Y,N,N,N,4280.9859,0,0,0, ,0,0,8,1,0,Y,N,Y, ,N,0,0,1200,2,0,0,0,0,135.2,0,0,2.08,0,0,0,0,0,0,0,0,0, ,NULL,0, ,0, , ,     ,     ,  , , , , ,00:00.0,N,1,721.5,1208.1332, , , , , , ,0,S,1,M, ,NULL,0,NULL,0,1,0,0,1, ,     ,0x000000011E20F5BA, , 
20043325,4727,SUB, , ,50,40968748,"BUMPER 102"" ART GALV",1, , ,00:00.0,00:00.0,00:00.0,00:00.0,Y,N,S,39,310.96958,1,1,N, ,24,0,Y,N,N,N,1056.516,0,0,0, ,0,0,2,1,0,Y,N,Y, ,N,3,0,1200,2,0,398.34,398.34,0,27.95,27.95,0,0.43,0.43,0,398.34,398.34,0,27.95,27.95,0,0, ,00:00.0,1354, ,0, , ,     ,     ,  , , , , ,00:00.0,N,1,39,310.96958, , , , , , ,0,S,1,M, ,NULL,0,NULL,0,1,1,0,1, ,     ,0x000000011BBC8EB9, , 
20043326,4727,SUB, , ,50,40968759,GALV GUAGE ENCLOSURE AIR RAMP,1, , ,00:00.0,00:00.0,00:00.0,00:00.0,Y,N,S,19.5,2.77226,1,1,N, ,6,0,Y,N,N,N,186.3336,0,0,0, ,0,0,6,5,0,Y,N,Y, ,N,1,0,1200,2,0,2.88,0,0,58.5,50.05,0,0.9,0.77,0,2.88,0,0,58.5,0,0,0, ,NULL,0, ,0, , ,     ,     ,  , , , , ,00:00.0,N,1,19.5,2.77226, , , , , , ,0,S,1,M, ,NULL,0,NULL,0,1,1,0,1, ,     ,0x000000011C2F977F, , 
20043327,4727,SUB, , ,50,40968763,GALV LONG PUSH ARM ASSEMBLY,1, , ,00:00.0,00:00.0,00:00.0,00:00.0,Y,N,S,159.9,87.33038,1,1,N, ,30,0,Y,N,N,N,866.40075,0,0,0, ,0,0,7,6,0,Y,N,Y, ,N,1,0,1200,2,0,102.7,22.08,0,179.4,101.4,0,2.76,1.56,0,102.7,0,0,179.4,0,0,0, ,00:00.0,839, ,0, , ,     ,     ,  , , , , ,00:00.0,N,1,159.9,87.33038, , , , , , ,0,S,1,M, ,NULL,0,NULL,0,1,1,0,1, ,     ,0x000000011C2F9894, , 
20043332,4727,SUB, , ,50,40970614,"SLIDING RAMP HOIST GALV. 1 BAG 44""",1, , ,00:00.0,00:00.0,00:00.0,NULL,N,N,S,292.5,158.77005,1,0,N, ,21,0,Y,N,N,N,0,0,0,0, ,0,0,6,5,0,Y,N,Y, ,N,0,0,1200,2,0,179.08,0,0,358.15,24.7,0,5.51,0.38,0,0,0,0,0,0,0,0, ,NULL,0, ,0, , ,     ,     ,  , , , , ,00:00.0,N,1,292.5,158.77005, , , , , , ,0,S,1,M, ,NULL,0,NULL,0,1,0,0,1, ,     ,0x000000011D341AAE, , 
20043194,"BEAM ASS. ET GNK114""-18""-24""KP",SUB, , ,50,40946576,"BEAM ASS. ET GNK114""-18""-24""KP",1, , ,00:00.0,00:00.0,00:00.0,NULL,N,N,S,492.0435,584.43466,2,0,N, ,1,0,Y,N,N,N,2259.9375,0,0,0, ,0,0,5,1,0,Y,N,Y, ,N,0,0,1200,2,0,0,0,0,8.45,8.45,0,0.13,0.13,0,0,0,0,0,0,0,0, ,00:00.0,939, ,0, , ,     ,     ,  , , , , ,00:00.0,N,2,492.0435,584.43466, , , , , , ,0,S,1,M, ,NULL,0,NULL,0,2,0,0,2, ,     ,0x000000011BBC8E42, , 
20043263,RAMP COMPENSATOR SHORT ASSY,SUB, , ,50,40949696,RAMP COMPENSATOR SHORT ASSY,1, , ,00:00.0,00:00.0,00:00.0,00:00.0,Y,N,S,55.9,117.52422,5,5,N, ,52,0,Y,N,N,N,404.8125,0,0,0, ,0,0,3,2,0,Y,N,Y, ,N,1,0,1200,2,0,615.16,615.16,0,243.1,243.1,0,3.74,3.74,0,615.16,615.16,0,243.1,243.1,0,0, ,00:00.0,940, ,0, , ,     ,     ,  , , , , ,00:00.0,N,5,55.9,117.52422, , , , , , ,0,S,1,M, ,NULL,0,NULL,0,5,5,0,5, ,     ,0x000000011BBC8E84, , 
20043269,EXTREMITY LIGHT SWING OUT SET,SUB, , ,50,40951541-KIT,EXTREMITY LIGHT SWING OUT SET,4, , ,00:00.0,00:00.0,00:00.0,NULL,N,N,S,0,267.57489,2,0,N, ,0,0,Y,N,N,N,657.747,0,0,0, ,0,0,2,0,0,Y,N,Y, ,N,0,0,1200,2,0,0,0,0,0,0,0,0,0,0,0,0,0,0,0,0,0, ,NULL,0, ,0, , ,     ,     ,  , , , , ,00:00.0,N,2,0,267.57489, , , , , , ,0,S,1,M, ,NULL,0,NULL,0,2,0,0,2, ,     ,0x000000011BBC8E8A, , 
10014602,8725TT-ART-CAN,TRA, , ,50,25ART-102-25316,25 TON - 3 AXLE - 17.5 - 49 IN,3,3234,THE MCLEAN COMPANY,00:00.0,00:00.0,00:00.0,00:00.0,Y,N,S,8199.75,26718.8398,1,1,O, ,245,0,Y,N,N,N,43173.12,0,0,0,512855,0,0,15,13,0,Y,N,Y, ,N,1,0,1200,0,1,27546.02,27546.02,0,8529.95,8529.95,0,131.23,131.23,0,27546.02,27546.02,0,8529.95,8529.95,0,0, ,00:00.0,1336, ,0, , ,     ,     ,  , , , , ,00:00.0,N,1,8199.75,26718.8398, , , , , , ,0,S,1,M, ,NULL,0,NULL,0,1,1,0,1, ,     ,0x000000011BBBEC86, , 
10014465,8753VT962X-STAN,TRA, , ,50,53VT2V DCI-96-25146,TRAILER 53' 2X VAN CONTAINER,3,2711,DEMOUNTABLE CONCEPTS INC.,00:00.0,00:00.0,00:00.0,NULL,N,N,S,6669,22679.632,1,0,O, ,231,0,Y,N,N,N,35763.135,0,0,0,512694,0,0,15,13,0,Y,N,Y, ,N,0,0,1200,0,1,22357.69,14207.01,0,7005.05,4847.05,0,107.77,74.57,0,0,0,0,0,0,0,0, ,00:00.0,1610, ,0, , ,     ,     ,  , , , , ,00:00.0,N,1,6669,22679.632, , , , , , ,0,S,1,M, ,NULL,0,NULL,0,1,0,0,1, ,     ,0x000000011E4184AA, , 
10014528,8727DT2X V2019,TRA, , ,50,27DT2X V2018-102-24841,TRAILER 27' DUMP U-BODY 2019,3,3303,REMORQUE LEWIS,00:00.0,00:00.0,00:00.0,00:00.0,Y,N,S,8391.5,44498.15475,1,1,O, ,290,0,Y,N,N,N,60876,0,0,0,512763,0,0,15,13,0,Y,N,Y, ,N,1,0,1200,0,1,45709.3,40497.01,0,7456.8,6139.25,0,114.72,94.45,0,45709.3,0,0,7456.8,0,0,0, ,00:00.0,1630, ,0, , ,     ,     ,  , , , , ,00:00.0,N,1,8391.5,44498.15475, , , , , , ,0,S,1,M, ,NULL,0,NULL,0,1,1,0,1, ,     ,0x000000011D34995A, , 
10014521,8753ET4X MR,TRA, , ,50,53ET4X MR-102-25168,TRAILER 53' 4AX ET AIR RIDE,3,3303,REMORQUE LEWIS,00:00.0,00:00.0,00:00.0,00:00.0,Y,N,S,10429.25,45167.25535,1,1,O, ,316,0,Y,N,N,N,66346,0,0,0,512756,0,0,15,13,0,Y,N,Y, ,N,1,0,1200,0,1,45025.83,24244.58,0,10300.55,4739.8,0,158.47,72.92,0,45025.83,0,0,10300.55,0,0,0, ,00:00.0,1617, ,0, , ,     ,     ,  , , , , ,00:00.0,N,1,10429.25,45167.25535, , , , , , ,0,S,1,M, ,NULL,0,NULL,0,1,1,0,1, ,     ,0x000000011D33F40E, , 
10014600,8721TT-ART-CAN,TRA, , ,50,20ART-102-25238,20 TON - 2AXLE - 17.5 - 49 IN,3,3011,ATLANTIC POWERTRAIN & EQUIPMEN,00:00.0,00:00.0,00:00.0,00:00.0,Y,N,S,5482.75,18093.13213,1,1,O, ,230,0,Y,N,N,N,27038,0,0,0,512853,0,0,15,13,0,Y,N,Y, ,N,1,0,1200,0,1,19062.51,19062.51,0,5354.05,5354.05,0,82.37,82.37,0,19062.51,19062.51,0,5354.05,5354.05,0,0, ,00:00.0,1552, ,0, , ,     ,     ,  , , , , ,00:00.0,N,1,5482.75,18093.13213, , , , , , ,0,S,1,M, ,NULL,0,NULL,0,1,1,0,1, ,     ,0x000000011BBBEC84, , 
10014548,8725TT-NO-TILT,TRA, , ,50,25NTT-102-25170,"TRAILER 25 TON ""NTT"" STAND",3,3303,REMORQUE LEWIS,00:00.0,00:00.0,00:00.0,00:00.0,Y,N,S,6331,18483.08701,1,1,O, ,169,0,Y,N,N,N,28748,0,0,0,512783,0,0,15,13,0,Y,N,Y, ,N,1,0,1200,0,1,20460.6,18114.93,0,6348.55,3904.55,0,97.67,60.07,0,20460.6,0,0,6348.55,0,0,0, ,00:00.0,729, ,0, , ,     ,     ,  , , , , ,00:00.0,N,1,6331,18483.08701, , , , , , ,0,S,1,M, ,NULL,0,NULL,0,1,1,0,1, ,     ,0x000000011C9428D3, , 
20043207,BEAM SET GNK 55HDG E,SUB, , ,50,40992134,BEAM SET GNK 55HDG E,1, , ,00:00.0,00:00.0,00:00.0,NULL,N,N,S,477.75,2019.63,1,0,N, ,0,0,Y,N,N,N,6244.83525,0,0,0, ,0,0,2,0,0,Y,N,Y, ,N,0,0,1200,2,0,0,0,0,0,0,0,0,0,0,0,0,0,0,0,0,0, ,NULL,0, ,0, , ,     ,     ,  , , , , ,00:00.0,N,1,477.75,2019.63, , , , , , ,0,S,1,M, ,NULL,0,NULL,0,1,0,0,1, ,     ,0x000000011BBC8E4E, , 
10014720,8727DT2X V2019,TRA, , ,50,27DT2X V2018-102-25456,27 FT - 2 AXLE - 24.5 - 49 IN,3,3303,REMORQUE LEWIS,00:00.0,00:00.0,00:00.0,00:00.0,Y,N,S,9399,46097.97895,1,1,O, ,310,0,Y,N,N,N,66627,0,0,0,512997,0,0,15,13,0,Y,N,Y, ,N,1,0,1200,0,1,48262.04,24816.17,0,7371.65,2751.45,0,113.41,42.33,0,48262.04,0,0,7371.65,0,0,0, ,00:00.0,1305, ,0, , ,     ,     ,  , , , , ,00:00.0,N,1,9399,46097.97895, , , , , , ,0,S,1,M, ,NULL,0,NULL,0,1,1,0,1, ,     ,0x000000011E219DF9, , 
20043306,PLATE FLAT SUSPENSION,SUB, , ,50,40945864,PLATE FLAT SUSPENSION,1, , ,00:00.0,00:00.0,00:00.0,00:00.0,Y,N,S,3.25,0.78489,40,40,N, ,2,0,Y,N,N,N,2.49709,0,0,0, ,0,0,2,1,0,Y,N,Y, ,N,1,0,1200,2,0,35.4,35.4,0,18.2,18.2,0,0.28,0.28,0,35.4,35.4,0,18.2,18.2,0,0, ,NULL,0, ,0, , ,     ,     ,  , , , , ,00:00.0,N,40,3.25,0.78489, , , , , , ,0,S,1,M, ,NULL,0,NULL,0,40,40,0,40, ,     ,0x000000011BBC8EA9, , 
20043301,EXTREMITY LIGHT PULL OUT SET,SUB, , ,50,40992312-KIT,EXTREMITY LIGHT PULL OUT SET,1, , ,00:00.0,00:00.0,00:00.0,00:00.0,Y,N,S,0,774.02612,6,6,N, ,56,0,Y,N,N,N,1487.60625,0,0,0, ,0,0,3,0,0,Y,N,Y, ,N,1,0,1200,2,0,3389.23,0,0,0,0,0,0,0,0,3389.23,0,0,0,0,0,0, ,00:00.0,1027, ,0, , ,     ,     ,  , , , , ,00:00.0,N,6,0,774.02612, , , , , , ,0,S,1,M, ,NULL,0,NULL,0,6,6,0,6, ,     ,0x000000011D79A363, , 
20043328,EXTREMITY LIGHT SWING OUT SET,SUB, , ,50,40969372-KIT,EXTREMITY LIGHT SWING OUT SET,1, , ,00:00.0,00:00.0,00:00.0,00:00.0,Y,N,S,0,498.00235,6,6,N, ,37,0,Y,N,N,N,1384.14,0,0,0, ,0,0,2,0,0,Y,N,Y, ,N,1,0,1200,2,0,2162.92,1557.98,0,0,0,0,0,0,0,2162.92,0,0,0,0,0,0, ,00:00.0,1352, ,0, , ,     ,     ,  , , , , ,00:00.0,N,6,0,498.00235, , , , , , ,0,S,1,M, ,NULL,0,NULL,0,6,6,0,6, ,     ,0x000000011CEE00C2, , 
20043297,"A-FRAME 4 BAG FOR 102"" TAG",SUB, , ,50,40964860,"A-FRAME 4 BAG FOR 102"" TAG",1, , ,00:00.0,00:00.0,00:00.0,00:00.0,Y,N,S,60.45,2205.63786,5,5,N, ,21,0,Y,N,N,N,5115.97149,0,0,0, ,0,0,2,1,0,Y,N,Y, ,N,1,0,1200,2,0,9831.48,9831.48,0,690.3,690.3,0,10.62,10.62,0,9831.48,9831.48,0,690.3,690.3,0,0, ,00:00.0,1319, ,0, , ,     ,     ,  , , , , ,00:00.0,N,5,60.45,2205.63786, , , , , , ,0,S,1,M, ,NULL,0,NULL,0,5,5,0,5, ,     ,0x000000011BBC8EA0, , 
20043495,4739  Steel Kit,SUB, , ,50,40994652,"STEEL KIT FOR 51' LOG TRL 108""",1,7778,BWS MACHINE SHOP,00:00.0,00:00.0,00:00.0,00:00.0,Y,N,S,591.5,791.98491,1,1,P, ,121,0,Y,N,N,N,0,0,0,0, ,0,0,6,5,0,Y,N,Y, ,N,1,0,1200,2,0,870.43,0,0,388.05,0,0,5.97,0,0,870.43,0,0,388.05,0,0,0, ,00:00.0,1306, ,0, , ,     ,     ,  , , , , ,00:00.0,N,1,591.5,791.98491, , , , , , ,0,S,1,M, ,NULL,0,NULL,0,1,1,0,1, ,     ,0x000000011DB1FD9F, , 
20043501,4651  Steel Kit Step 1,SUB, , ,50,40946872,KIT STEEL STEP 1 12' RAMP,1,7778,BWS MACHINE SHOP,00:00.0,00:00.0,00:00.0,00:00.0,Y,N,S,16.25,64.89868,1,1,P, ,4,0,Y,N,N,N,281.265,0,0,0, ,0,0,6,3,0,Y,N,Y, ,N,1,0,1200,2,0,69.52,0,0,16.25,0,0,0.25,0,0,69.52,0,0,16.25,0,0,0, ,00:00.0,1113, ,0, , ,     ,     ,  , , , , ,00:00.0,N,1,16.25,64.89868, , , , , , ,0,S,1,M, ,NULL,0,NULL,0,1,1,0,1, ,     ,0x000000011DFC0395, , 
20043502,4651  Steel Kit Step 2,SUB, , ,50,40946873,KIT STEEL STEP 2 12' RAMP,1,7778,BWS MACHINE SHOP,00:00.0,00:00.0,00:00.0,00:00.0,Y,N,S,65,22.12667,1,1,P, ,10,0,Y,N,N,N,269.4585,0,0,0, ,0,0,6,4,0,Y,N,Y, ,N,1,0,1200,2,0,62.24,0,0,63.05,0,0,0.97,0,0,62.24,0,0,63.05,0,0,0, ,00:00.0,1124, ,0, , ,     ,     ,  , , , , ,00:00.0,N,1,65,22.12667, , , , , , ,0,S,1,M, ,NULL,0,NULL,0,1,1,0,1, ,     ,0x000000011DFC007E, , 
20043523,"RAMP SET 6' X 38"" SELF CLEAN",SUB, , ,50,40949394,"RAMP SET 6' X 38"" SELF CLEAN",1, , ,00:00.0,00:00.0,00:00.0,NULL,N,N,S,378.3,854.88924,3,0,N, ,11,0,Y,N,N,N,2455.47975,0,0,0, ,0,0,5,3,0,Y,N,Y, ,N,0,0,1200,2,0,1849.97,0,0,218.4,0,0,3.36,0,0,0,0,0,0,0,0,0, ,NULL,0, ,0, , ,     ,     ,  , , , , ,00:00.0,N,3,378.3,854.88924, , , , , , ,0,S,1,M, ,NULL,0,NULL,0,3,0,0,3, ,     ,0x000000011E20F25B, , 
20043544,4664 4665,SUB, , ,50,40968748,"BUMPER 102"" ART GALV",1, , ,00:00.0,00:00.0,00:00.0,NULL,N,N,S,39,317.72976,2,0,N, ,8,0,Y,N,N,N,1056.516,0,0,0, ,0,0,2,1,0,Y,N,Y, ,N,0,0,1200,2,0,336.89,336.89,0,130.65,0,0,2.01,0,0,0,0,0,0,0,0,0, ,00:00.0,940, ,0, , ,     ,     ,  , , , , ,00:00.0,N,2,39,317.72976, , , , , , ,0,S,1,M, ,NULL,0,NULL,0,2,0,0,2, ,     ,0x000000011C5409E4, , 
20043546,4664 4665,SUB, , ,50,40968759,GALV GUAGE ENCLOSURE AIR RAMP,1, , ,00:00.0,00:00.0,00:00.0,00:00.0,Y,N,S,19.5,2.79954,2,2,N, ,5,0,Y,N,N,N,186.3336,0,0,0, ,0,0,6,5,0,Y,N,Y, ,N,1,0,1200,2,0,5.74,0,0,96.2,0,0,1.48,0,0,5.74,0,0,96.2,0,0,0, ,00:00.0,940, ,0, , ,     ,     ,  , , , , ,00:00.0,N,2,19.5,2.79954, , , , , , ,0,S,1,M, ,NULL,0,NULL,0,2,2,0,2, ,     ,0x000000011D7C2035, , 
20043474,4691  Beams,SUB, , ,50,40938645,"BEAM ASSY 53' HF4X  72"" SPREAD",1,7778,BWS MACHINE SHOP,00:00.0,00:00.0,00:00.0,00:00.0,Y,N,S,1722.5,2798.69128,1,1,P, ,135,0,Y,N,N,N,14236.497,0,0,0, ,0,0,7,6,0,Y,N,Y, ,N,1,0,1200,2,0,3379.98,3155.62,0,1968.2,687.7,0,30.28,10.58,0,3379.98,0,0,1968.2,0,0,0, ,00:00.0,1519, ,0, , ,     ,     ,  , , , , ,00:00.0,N,1,1722.5,2798.69128, , , , , , ,0,S,1,M, ,NULL,0,NULL,0,1,1,0,1, ,     ,0x000000011CB693A8, , 
20043570,4711,SUB, , ,50,40994615,RAMP FLIP UP ASS.         SET,1, , ,00:00.0,00:00.0,00:00.0,00:00.0,Y,N,S,536.9,371.47042,1,1,N, ,54,0,Y,N,N,N,0,0,0,0, ,0,0,7,6,0,Y,N,Y, ,N,1,0,1200,2,0,645.97,0,0,573.95,0,0,8.83,0,0,645.97,0,0,573.95,0,0,0, ,00:00.0,1050, ,0, , ,     ,     ,  , , , , ,00:00.0,N,1,536.9,371.47042, , , , , , ,0,S,1,M, ,NULL,0,NULL,0,1,1,0,1, ,     ,0x000000011DFC0407, , 
20043605,"FLAT BAR 1/2 X 2 X 24""",SUB, , ,50,40946968,"FLAT BAR 1/2 X 2 X 24""",1, , ,00:00.0,00:00.0,00:00.0,00:00.0,Y,N,S,3.25,4.305,36,36,N, ,4,0,Y,N,N,N,16.34869,0,0,0, ,0,0,2,1,0,Y,N,Y, ,N,1,0,1200,2,0,149.3,149.3,0,70.2,70.2,0,1.08,1.08,0,149.3,149.3,0,70.2,70.2,0,0, ,00:00.0,1109, ,0, , ,     ,     ,  , , , , ,00:00.0,N,36,3.25,4.305, , , , , , ,0,S,1,M, ,NULL,0,NULL,0,36,36,0,36, ,     ,0x000000011BBC8FCB, , 
20043639,GNK TOWER ASSY,SUB, , ,50,40992090,GNK TOWER ASSY,1, , ,00:00.0,00:00.0,00:00.0,NULL,N,N,S,1287,2790.01198,1,0,N, ,43,0,Y,N,N,N,9487.8105,0,0,0, ,0,0,7,6,0,Y,N,Y, ,N,0,0,1200,2,0,2578.03,0,0,1075.75,122.85,0,16.55,1.89,0,0,0,0,0,0,0,0, ,NULL,0, ,0, , ,     ,     ,  , , , , ,00:00.0,N,1,1287,2790.01198, , , , , , ,0,S,1,M, ,NULL,0,NULL,0,1,0,0,1, ,     ,0x000000011D77F34A, , 
20043626,GUSSET MAIN FRAME,SUB, , ,50,40959145,GUSSET MAIN FRAME,1, , ,00:00.0,00:00.0,00:00.0,00:00.0,Y,N,S,5.2,7.81666,20,20,N, ,5,0,Y,N,N,N,34.7259,0,0,0, ,0,0,3,2,0,Y,N,Y, ,N,1,0,1200,2,0,193.79,0,0,93.6,0,0,1.44,0,0,193.79,0,0,40.3,0,0,0, ,00:00.0,1136, ,0, , ,     ,     ,  , , , , ,00:00.0,N,20,5.2,7.81666, , , , , , ,0,S,1,M, ,NULL,0,NULL,0,20,20,0,20, ,     ,0x000000011CB91C5C, , 
20043700,4721  Steel Kit,SUB, , ,50,40970784,"STEEL KIT FOR 30TT N/TILT 72""",1,7778,BWS MACHINE SHOP,00:00.0,00:00.0,00:00.0,00:00.0,Y,N,S,364.65,466.13012,1,1,P, ,135,0,Y,N,N,N,0,0,0,0, ,0,0,5,4,0,Y,N,Y, ,N,1,0,1200,2,0,561.73,0,0,256.1,0,0,3.94,0,0,561.73,0,0,256.1,0,0,0, ,00:00.0,1048, ,0, , ,     ,     ,  , , , , ,00:00.0,N,1,364.65,466.13012, , , , , , ,0,S,1,M, ,NULL,0,NULL,0,1,1,0,1, ,     ,0x000000011D340593, , 
20043646,COUPLER PLATE ASSEMBLY HDG,SUB, , ,50,40993494,COUPLER PLATE ASSEMBLY HDG,1, , ,00:00.0,00:00.0,00:00.0,00:00.0,Y,N,S,133.25,363.96723,2,2,N, ,20,0,Y,N,N,N,1286.118,0,0,0, ,0,0,3,2,0,Y,N,Y, ,N,1,0,1200,0,0,864.04,862.89,0,55.25,11.7,0,0.85,0.18,0,864.04,0,0,55.25,0,0,0, ,00:00.0,1510, ,0, , ,     ,     ,  , , , , ,00:00.0,N,2,133.25,363.96723, , , , , , ,0,S,1,M, ,NULL,0,NULL,0,2,2,0,2, ,     ,0x000000011C2F7A03, , 
20043887,SHORT PUSH ARM ASSEMBLY,SUB, , ,50,40992571,SHORT PUSH ARM ASSEMBLY,1, , ,00:00.0,00:00.0,00:00.0,00:00.0,Y,N,S,162.305,84.45363,3,3,N, ,47,0,Y,N,N,N,652.086,0,0,0, ,0,0,7,6,0,Y,N,Y, ,N,1,0,1200,2,0,271.21,0,0,600.6,0,0,9.24,0,0,271.21,0,0,600.6,0,0,0, ,00:00.0,1038, ,0, , ,     ,     ,  , , , , ,00:00.0,N,3,162.305,84.45363, , , , , , ,0,S,1,M, ,NULL,0,NULL,0,3,3,0,3, ,     ,0x000000011DFC06F9, , 
20043922,"FLAT BAR 1/4 X 2 X 18-1/16""",SUB, , ,50,40946347,"FLAT BAR 1/4 X 2 X 18-1/16""",1, , ,00:00.0,00:00.0,00:00.0,NULL,N,N,S,10.4,1.48226,72,0,N, ,1,0,Y,N,N,N,10.17876,0,0,0, ,0,0,3,2,0,Y,N,Y, ,N,0,0,1200,2,0,0,0,0,35.75,0,0,0.55,0,0,0,0,0,0,0,0,0, ,NULL,0, ,0, , ,     ,     ,  , , , , ,00:00.0,N,72,10.4,1.48226, , , , , , ,0,S,1,M, ,NULL,0,NULL,0,72,0,0,72, ,     ,0x000000011CB6C877, , 
20044147,4739,SUB, , ,50,40935586-106,"STAKE;; OFFSET FOR EXTE POCKETS 106""",1,7778,BWS MACHINE SHOP,00:00.0,00:00.0,00:00.0,00:00.0,Y,N,S,99.45,173.29702,12,12,P, ,25,0,Y,N,N,N,0,0,0,0, ,0,0,3,2,0,Y,N,Y, ,N,1,0,1200,2,0,2095.62,0,0,917.15,0,0,14.11,0,0,2095.62,0,0,917.15,0,0,0, ,00:00.0,1321, ,0, , ,     ,     ,  , , , , ,00:00.0,N,12,99.45,173.29702, , , , , , ,0,S,1,M, ,NULL,0,NULL,0,12,12,0,12, ,     ,0x000000011D7C3965, , 
20044148,4739,SUB, , ,50,40935586-112,"STAKE;; OFFSET FOR EXTE POCKETS 112""",1,7778,BWS MACHINE SHOP,00:00.0,00:00.0,00:00.0,NULL,N,N,S,99.45,173.29702,8,0,P, ,12,0,Y,N,N,N,0,0,0,0, ,0,0,3,2,0,Y,N,Y, ,N,0,0,1200,2,0,1400.22,0,0,641.55,0,0,9.87,0,0,0,0,0,0,0,0,0, ,00:00.0,951, ,0, , ,     ,     ,  , , , , ,00:00.0,N,8,99.45,173.29702, , , , , , ,0,S,1,M, ,NULL,0,NULL,0,8,0,0,8, ,     ,0x000000011E1F1889, , 
70002463,ANGLE 2X2X1/4 X 23',PAR, , ,50,PY-FR-P059,ANGLE 2X2X1/4 X 23',1, , ,00:00.0,00:00.0,00:00.0,00:00.0,Y,N,S,3.9,4.00909,10,10,N, ,2,0,Y,N,N,N,9.5013,0,0,0, ,0,0,2,1,0,Y,N,Y, ,N,1,0,1200,2,0,40.21,0,0,24.7,0,0,0.38,0,0,40.21,0,0,24.7,0,0,0, ,NULL,0, ,0, , ,     ,     ,  , , , , ,00:00.0,N,10,3.9,4.00909, , , , , , ,0,S,1,M, ,NULL,0,NULL,0,10,10,0,10, ,     ,0x000000011CEDFDF8, , 
70002213,STEEL PARTS FOR WO9064,PAR, , ,50,SP9064,STEEL PARTS FOR WO9064,1,3384,STARGATE MFG LTD,00:00.0,00:00.0,00:00.0,00:00.0,Y,N,S,0,2039.41853,1,1,O, ,25,0,N,N,N,N,0,0,0,0,109522,0,0,2,0,0,Y,N,Y, ,N,1,0,1200,2,1,1927,1901.67,0,0,0,0,0,0,0,1927,0,0,0,0,0,0, ,00:00.0,714, ,0, , ,     ,     ,  , , , , ,00:00.0,N,1,0,2039.41853, , , , , , ,0,S,1,M, ,NULL,0,NULL,0,1,1,0,1, ,     ,0x000000011CB5F00E, , 
70002405,END DUMP TOP HOIST MOUNT,PAR, , ,50,TR-THP-001,END DUMP TOP HOIST MOUNT,1, , ,00:00.0,00:00.0,00:00.0,NULL,N,N,S,65,115.23677,15,0,N, ,0,0,Y,N,N,N,393.4446,0,0,0, ,0,0,3,0,0,Y,N,Y, ,N,0,0,1200,2,0,0,0,0,0,0,0,0,0,0,0,0,0,0,0,0,0, ,NULL,0, ,0, , ,     ,     ,  , , , , ,00:00.0,N,15,65,115.23677, , , , , , ,0,S,1,M, ,NULL,0,NULL,0,15,0,0,15, ,     ,0x000000011DD307F9, , 
70002472,"FLAT BAR 3/8 X 2 X 12""",PAR, , ,50,PY-FR-P071,"FLAT BAR 3/8 X 2 X 12""",1, , ,00:00.0,00:00.0,00:00.0,NULL,N,N,S,3.25,1.54009,40,0,N, ,2,0,Y,N,N,N,11.48138,0,0,0, ,0,0,2,1,0,Y,N,Y, ,N,2,0,1200,2,0,61.85,0,0,32.5,0,0,0.5,0,0,41.96,0,0,-41.96,0,0,0, ,NULL,0, ,0, , ,     ,     ,  , , , , ,00:00.0,N,40,3.25,1.54009, , , , , , ,0,S,1,M, ,NULL,0,NULL,0,40,0,0,40, ,     ,0x000000011D582FFA, , 
70002521,"BAR RD 3/8 X 9""",PAR, , ,50,PY-FR-P122-9,"BAR RD 3/8 X 9""",1, , ,00:00.0,00:00.0,00:00.0,00:00.0,Y,N,S,3.25,0.24027,12,12,N, ,5,0,Y,N,N,N,10.03935,0,0,0, ,0,0,2,1,0,Y,N,Y, ,N,1,0,1200,2,0,2.95,0,0,20.8,0,0,0.32,0,0,2.95,0,0,20.8,0,0,0, ,00:00.0,1459, ,0, , ,     ,     ,  , , , , ,00:00.0,N,12,3.25,0.24027, , , , , , ,0,S,1,M, ,NULL,0,NULL,0,12,12,0,12, ,     ,0x000000011DFC0E37, , 
70002522,PLATE 3/8 X3 X 2 = 0.04,PAR, , ,50,PY-FR-P129,PLATE 3/8 X3 X 2 = 0.04,1, , ,00:00.0,00:00.0,00:00.0,NULL,N,N,S,3.25,0.47862,24,0,N, ,1,0,Y,N,N,N,3.75215,0,0,0, ,0,0,2,1,0,Y,N,Y, ,N,0,0,1200,2,0,0,0,0,14.95,0,0,0.23,0,0,0,0,0,0,0,0,0, ,00:00.0,1459, ,0, , ,     ,     ,  , , , , ,00:00.0,N,24,3.25,0.47862, , , , , , ,0,S,1,M, ,NULL,0,NULL,0,24,0,0,24, ,     ,0x000000011DD6EE33, , 
70002373,LEFT PIVOT ASSY,PAR, , ,50,TR-AFR-A004,LEFT PIVOT ASSY,1, , ,00:00.0,00:00.0,00:00.0,00:00.0,Y,N,S,52,94.16638,10,10,N, ,21,0,Y,N,N,N,356.13045,0,0,0, ,0,0,4,3,0,Y,N,Y, ,N,1,0,1200,2,0,952.61,952.61,0,537.55,537.55,0,8.27,8.27,0,952.61,952.61,0,537.55,537.55,0,0, ,00:00.0,929, ,0, , ,     ,     ,  , , , , ,00:00.0,N,10,52,94.16638, , , , , , ,0,S,1,M, ,NULL,0,NULL,0,10,10,0,10, ,     ,0x000000011BBCA96A, , 
30001659,CLAIM #6692 - PDI ISSUES,WAR, , ,50,#0999998,Warranty Parts & Labour,**,9999,WARRANTY,00:00.0,00:00.0,00:00.0,NULL,N,N,M,0,0,1,0, , ,1,0,N,N,N,N,0,0,0,0, ,0,0,1,0,0,Y,N,Y, ,N,0,0,1200,6,0,376.09,0,0,0,0,0,0,0,0,0,0,0,0,0,0,0, ,00:00.0,1041, ,0, , ,     ,     ,  , , , , ,00:00.0,N,1,0,0, , , , , , ,0,S,1,M, ,NULL,0,NULL,0,1,0,0,1, ,     ,0x000000011C72894E, , 
20044174,EXTREMITY LIGHT PULL OUT,SUB, , ,50,40938636,EXTREMITY LIGHT PULL OUT,1, , ,00:00.0,00:00.0,00:00.0,NULL,N,N,S,217.75,55.2147,4,0,N, ,20,0,Y,N,N,N,408.44625,0,0,0, ,0,0,8,7,0,Y,N,Y, ,N,0,0,1200,2,0,180.73,0,0,808.6,0,0,12.44,0,0,0,0,0,0,0,0,0, ,NULL,0, ,0, , ,     ,     ,  , , , , ,00:00.0,N,4,217.75,55.2147, , , , , , ,0,S,1,M, ,NULL,0,NULL,0,4,0,0,4, ,     ,0x000000011E1F2897, , 
20044007,PIVOT BLOCK,SUB, , ,50,40993101,PIVOT BLOCK,1, , ,00:00.0,00:00.0,00:00.0,NULL,N,N,S,0,363,2,0,N, ,0,0,Y,N,N,N,925.65,0,0,0, ,0,0,2,0,0,Y,N,Y, ,N,0,0,1200,2,0,0,0,0,0,0,0,0,0,0,0,0,0,0,0,0,0, ,NULL,0, ,0, , ,     ,     ,  , , , , ,00:00.0,N,2,0,363, , , , , , ,0,S,1,M, ,NULL,0,NULL,0,2,0,0,2, ,     ,0x000000011BBC9154, , 
20044038,4657,SUB, , ,50,40961170,GOOSENECK FOR 42'48'53' ET,1, , ,00:00.0,00:00.0,00:00.0,NULL,N,N,S,483.6,2166.90521,1,0,N, ,14,0,Y,N,N,N,7133.319,0,0,0, ,0,0,2,1,0,Y,N,Y, ,N,0,0,1200,2,0,37.79,0,0,894.4,0,0,13.76,0,0,0,0,0,0,0,0,0, ,NULL,0, ,0, , ,     ,     ,  , , , , ,00:00.0,N,1,483.6,2166.90521, , , , , , ,0,S,1,M, ,NULL,0,NULL,0,1,0,0,1, ,     ,0x000000011DFBF0FF, , 
20044089,BOGIE ARM ASSY.,SUB, , ,50,22202835,BOGIE ARM ASSY.,1, , ,00:00.0,00:00.0,00:00.0,NULL,N,N,S,146.25,649.44,2,0,N, ,0,0,Y,N,N,N,1897.66749,0,0,0, ,0,0,2,0,0,Y,N,Y, ,N,0,0,1200,0,0,0,0,0,0,0,0,0,0,0,0,0,0,0,0,0,0, ,00:00.0,1451, ,0, , ,     ,     ,  , , , , ,00:00.0,N,2,146.25,649.44, , , , , , ,0,S,1,M, ,NULL,0,NULL,0,2,0,0,2, ,     ,0x000000011BBC91A3, , 
20044160,"A-FRAME 4 BAG FOR 102"" TAG",SUB, , ,50,40964860,"A-FRAME 4 BAG FOR 102"" TAG",1, , ,00:00.0,00:00.0,00:00.0,NULL,N,N,S,60.45,2324.5773,5,0,N, ,0,0,Y,N,N,N,5489.946,0,0,0, ,0,0,2,0,0,Y,N,Y, ,N,0,0,1200,2,0,0,0,0,0,0,0,0,0,0,0,0,0,0,0,0,0, ,00:00.0,1033, ,0, , ,     ,     ,  , , , , ,00:00.0,N,5,60.45,2324.5773, , , , , , ,0,S,1,M, ,NULL,0,NULL,0,5,0,0,5, ,     ,0x000000011BBC91E8, , 
70002613,STEEL PARTS FOR WO8773,PAR, , ,50,SP8773,STEEL PARTS FOR WO8773,1,3384,STARGATE MFG LTD,00:00.0,00:00.0,00:00.0,00:00.0,Y,N,S,325,862.21421,1,1,O, ,8,0,Y,N,N,N,0,0,0,0,109853,0,0,2,0,0,Y,N,Y, ,N,1,0,1200,2,1,2175.48,0,0,0,0,0,0,0,0,2175.48,0,0,0,0,0,0, ,00:00.0,652, ,0, , ,     ,     ,  , , , , ,00:00.0,N,1,325,862.21421, , , , , , ,0,S,1,M, ,NULL,0,NULL,0,1,1,0,1, ,     ,0x000000011DF9380F, , 
70002614,STEEL PARTS FOR WO8774,PAR, , ,50,SP8774,STEEL PARTS FOR WO8774,1,3384,STARGATE MFG LTD,00:00.0,00:00.0,00:00.0,00:00.0,Y,N,S,325,821.03486,1,1,O, ,8,0,Y,N,N,N,0,0,0,0,109854,0,0,2,0,0,Y,N,Y, ,N,1,0,1200,2,1,2348.28,0,0,0,0,0,0,0,0,2348.28,0,0,0,0,0,0, ,00:00.0,650, ,0, , ,     ,     ,  , , , , ,00:00.0,N,1,325,821.03486, , , , , , ,0,S,1,M, ,NULL,0,NULL,0,1,1,0,1, ,     ,0x000000011DF9372B, , 
70002615,STEEL PARTS FOR WO8775,PAR, , ,50,SP8775,STEEL PARTS FOR WO8775,1,3384,STARGATE MFG LTD,00:00.0,00:00.0,00:00.0,00:00.0,Y,N,S,325,862.21421,1,1,O, ,8,0,Y,N,N,N,0,0,0,0,109855,0,0,2,0,0,Y,N,Y, ,N,1,0,1200,2,1,2175.48,0,0,0,0,0,0,0,0,2175.48,0,0,0,0,0,0, ,00:00.0,651, ,0, , ,     ,     ,  , , , , ,00:00.0,N,1,325,862.21421, , , , , , ,0,S,1,M, ,NULL,0,NULL,0,1,1,0,1, ,     ,0x000000011DF937C3, , 
80000253,Load Test For WO# 4684,R&D, , ,50,999,Load Test For WO# 4684,**, , ,00:00.0,00:00.0,00:00.0,NULL,N,N,D,0,0,1,0, , ,5,0,Y,N,N,N,0,0,0,0, ,0,0,2,1,0,Y,N,Y, ,N,0,0,1200,6,0,0,0,0,744.9,0,0,11.46,0,0,0,0,0,0,0,0,0, ,00:00.0,740, ,0, , ,     ,     ,  , , , , ,00:00.0,N,1,0,0, , , , , , ,0,S,1,M, ,NULL,0,NULL,0,1,0,0,1, ,     ,0x000000011C2DDAD6, , 
20043912,"TUBE HSS 3/16 X 8 X 8 X 3""",SUB, , ,50,40944045,"TUBE HSS 3/16 X 8 X 8 X 3""",1, , ,00:00.0,00:00.0,00:00.0,00:00.0,Y,N,S,13,5.46,20,20,N, ,3,0,Y,N,N,N,54.78038,0,0,0, ,0,0,3,2,0,Y,N,Y, ,N,1,0,1200,2,0,109.2,0,0,265.2,0,0,4.08,0,0,109.2,0,0,265.2,0,0,0, ,NULL,0, ,0, , ,     ,     ,  , , , , ,00:00.0,N,20,13,5.46, , , , , , ,0,S,1,M, ,NULL,0,NULL,0,20,20,0,20, ,     ,0x000000011CEDFCA7, , 
20043859,4662 4766,SUB, , ,50,40968410,BEAVERTAIL CHANNEL D/S,1, , ,00:00.0,00:00.0,00:00.0,NULL,N,N,S,55.25,26.0744,2,0,N, ,1,0,Y,N,N,N,183.10275,0,0,0, ,0,0,4,1,0,Y,N,Y, ,N,0,0,1200,2,0,0,0,0,42.25,0,0,0.65,0,0,0,0,0,0,0,0,0, ,00:00.0,1028, ,0, , ,     ,     ,  , , , , ,00:00.0,N,2,55.25,26.0744, , , , , , ,0,S,1,M, ,NULL,0,NULL,0,2,0,0,2, ,     ,0x000000011DFA06D4, , 
20043862,4727 4728 4666,SUB, , ,50,40968748,"BUMPER 102"" ART GALV",1, , ,00:00.0,00:00.0,00:00.0,00:00.0,Y,N,S,39,379.02898,3,3,N, ,23,0,Y,N,N,N,1056.516,0,0,0, ,0,0,2,1,0,Y,N,Y, ,N,1,0,1200,2,0,1074.67,0,0,188.5,0,0,2.9,0,0,1074.67,0,0,188.5,0,0,0, ,00:00.0,1059, ,0, , ,     ,     ,  , , , , ,00:00.0,N,3,39,379.02898, , , , , , ,0,S,1,M, ,NULL,0,NULL,0,3,3,0,3, ,     ,0x000000011DFC0164, , 
20043869,4727,SUB, , ,50,40970614,"SLIDING RAMP HOIST GALV. 1 BAG 44""",1, , ,00:00.0,00:00.0,00:00.0,00:00.0,Y,N,S,292.5,174.30094,1,1,N, ,21,0,Y,N,N,N,0,0,0,0, ,0,0,6,5,0,Y,N,Y, ,N,1,0,1200,2,0,180.99,0,0,210.6,0,0,3.24,0,0,180.99,0,0,210.6,0,0,0, ,NULL,0, ,0, , ,     ,     ,  , , , , ,00:00.0,N,1,292.5,174.30094, , , , , , ,0,S,1,M, ,NULL,0,NULL,0,1,1,0,1, ,     ,0x000000011D7C2892, , 
20043873,PLATE KICK C/W RAMP STORAGE,SUB, , ,50,40989474,PLATE KICK C/W RAMP STORAGE,1, , ,00:00.0,00:00.0,00:00.0,00:00.0,Y,N,S,35.75,120.21949,2,2,N, ,5,0,Y,N,N,N,367.3275,0,0,0, ,0,0,3,2,0,Y,N,Y, ,N,1,0,1200,2,0,246.74,0,0,102.05,0,0,1.57,0,0,246.74,0,0,102.05,0,0,0, ,00:00.0,1105, ,0, , ,     ,     ,  , , , , ,00:00.0,N,2,35.75,120.21949, , , , , , ,0,S,1,M, ,NULL,0,NULL,0,2,2,0,2, ,     ,0x000000011D3402F6, , 
20043877,4663 4767,SUB, , ,50,40990961,GNK WRAP ET4XP GNK,1, , ,00:00.0,00:00.0,00:00.0,NULL,N,N,S,52,72.4488,4,0,N, ,0,0,Y,N,N,N,246.47025,0,0,0, ,0,0,2,0,0,Y,N,Y, ,N,0,0,1200,2,0,0,0,0,0,0,0,0,0,0,0,0,0,0,0,0,0, ,00:00.0,1426, ,0, , ,     ,     ,  , , , , ,00:00.0,N,4,52,72.4488, , , , , , ,0,S,1,M, ,NULL,0,NULL,0,4,0,0,4, ,     ,0x000000011BBC90D5, , 
20043841,PLATE STAKE SHIM,SUB, , ,50,40933052,PLATE STAKE SHIM,1, , ,00:00.0,00:00.0,00:00.0,00:00.0,Y,N,S,1.95,0.99494,100,100,N, ,2,0,Y,N,N,N,3.49605,0,0,0, ,0,0,2,1,0,Y,N,Y, ,N,1,0,1200,2,0,100.24,0,0,124.8,0,0,1.92,0,0,100.24,0,0,124.8,0,0,0, ,00:00.0,1203, ,0, , ,     ,     ,  , , , , ,00:00.0,N,100,1.95,0.99494, , , , , , ,0,S,1,M, ,NULL,0,NULL,0,100,100,0,100, ,     ,0x000000011CB89B50, , 
20043745,4663 4767,SUB, , ,50,40937574,BEAM WRAP FOR ET MR,1, , ,00:00.0,00:00.0,00:00.0,NULL,N,N,S,32.5,160.99734,4,0,N, ,3,0,Y,N,N,N,542.64,0,0,0, ,0,0,2,1,0,Y,N,Y, ,N,0,0,1200,2,0,592.18,0,0,134.55,0,0,2.07,0,0,0,0,0,0,0,0,0, ,00:00.0,1008, ,0, , ,     ,     ,  , , , , ,00:00.0,N,4,32.5,160.99734, , , , , , ,0,S,1,M, ,NULL,0,NULL,0,4,0,0,4, ,     ,0x000000011CB74AEF, , 
20043748,4663 4767,SUB, , ,50,40938622,"SLIDING RAMP HOIST  34-1/2""",1, , ,00:00.0,00:00.0,00:00.0,NULL,N,N,S,211.25,578.24549,2,0,N, ,1,0,Y,N,N,N,2120.0445,0,0,0, ,0,0,3,1,0,Y,N,Y, ,N,0,0,1200,2,0,0,0,0,115.05,0,0,1.77,0,0,0,0,0,0,0,0,0, ,NULL,0, ,0, , ,     ,     ,  , , , , ,00:00.0,N,2,211.25,578.24549, , , , , , ,0,S,1,M, ,NULL,0,NULL,0,2,0,0,2, ,     ,0x000000011CD971E3, , 
20043772,"PIN ASSY 97-1/2""PVR TRANSITION",SUB, , ,50,40947709,"PIN ASSY 97-1/2""PVR TRANSITION",1, , ,00:00.0,00:00.0,00:00.0,NULL,N,N,S,94.25,149.32016,4,0,N, ,4,0,Y,N,N,N,429.87051,0,0,0, ,0,0,7,5,0,Y,N,Y, ,N,0,0,1200,2,0,0,0,0,282.75,0,0,4.35,0,0,0,0,0,0,0,0,0, ,00:00.0,1107, ,0, , ,     ,     ,  , , , , ,00:00.0,N,4,94.25,149.32016, , , , , , ,0,S,1,M, ,NULL,0,NULL,0,4,0,0,4, ,     ,0x000000011D11EAA2, , 
20043627,4662 4766,SUB, , ,50,40960146,RAMP FLAT BAR BIFOLD PLANKED,1, , ,00:00.0,00:00.0,00:00.0,NULL,N,N,S,1228.5,1695.73794,1,0,N, ,2,0,Y,N,N,N,6325.479,0,0,0, ,0,0,6,2,0,Y,N,Y, ,N,0,0,1200,2,0,0,0,0,98.8,0,0,1.52,0,0,0,0,0,0,0,0,0, ,NULL,0, ,0, , ,     ,     ,  , , , , ,00:00.0,N,1,1228.5,1695.73794, , , , , , ,0,S,1,M, ,NULL,0,NULL,0,1,0,0,1, ,     ,0x000000011DFDC5FA, , 
20043653,TOOL BOX FOR FRONT OF PAVER,SUB, , ,50,40944821,TOOL BOX FOR FRONT OF PAVER,1, , ,00:00.0,00:00.0,00:00.0,00:00.0,Y,N,S,69.55,47.25131,5,5,N, ,12,0,Y,N,N,N,293.3826,0,0,0, ,0,0,4,3,0,Y,N,Y, ,N,1,0,1200,2,0,246.32,0,0,310.7,0,0,4.78,0,0,246.32,0,0,310.7,0,0,0, ,00:00.0,1106, ,0, , ,     ,     ,  , , , , ,00:00.0,N,5,69.55,47.25131, , , , , , ,0,S,1,M, ,NULL,0,NULL,0,5,5,0,5, ,     ,0x000000011DFBFE43, , 
20043655,"PIPE 1-1/2 SCH 40 X 26-1/8""",SUB, , ,50,40946327,"PIPE 1-1/2 SCH 40 X 26-1/8""",1, , ,00:00.0,00:00.0,00:00.0,00:00.0,Y,N,S,9.75,4.97858,100,100,N, ,13,0,Y,N,N,N,40.8,0,0,0, ,0,0,2,1,0,Y,N,Y, ,N,1,0,1200,2,0,553.03,0,0,1420.9,0,0,21.86,0,0,553.03,0,0,1420.9,0,0,0, ,00:00.0,1326, ,0, , ,     ,     ,  , , , , ,00:00.0,N,100,9.75,4.97858, , , , , , ,0,S,1,M, ,NULL,0,NULL,0,100,100,0,100, ,     ,0x000000011D7C32C4, , 
20043657,"FLAT BAR 3/8 X 4 X 11-9/16""",SUB, , ,50,40946371,"FLAT BAR 3/8 X 4 X 11-9/16""",1, , ,00:00.0,00:00.0,00:00.0,00:00.0,Y,N,S,6.63,3.0208,50,50,N, ,4,0,Y,N,N,N,14.35956,0,0,0, ,0,0,3,2,0,Y,N,Y, ,N,1,0,1200,2,0,154.33,0,0,96.2,11.7,0,1.48,0.18,0,154.33,0,0,96.2,0,0,0, ,NULL,0, ,0, , ,     ,     ,  , , , , ,00:00.0,N,50,6.63,3.0208, , , , , , ,0,S,1,M, ,NULL,0,NULL,0,50,50,0,50, ,     ,0x000000011D33D84C, , 
20043578,BRACKET AIR CONTROL BOX,SUB, , ,50,40900414,BRACKET AIR CONTROL BOX,1, , ,00:00.0,00:00.0,00:00.0,00:00.0,Y,N,S,22.1,5.74309,15,15,N, ,4,0,Y,N,N,N,31.62765,0,0,0, ,0,0,4,2,0,Y,N,Y, ,N,1,0,1200,2,0,89.82,0,0,169,169,0,2.6,2.6,0,89.82,0,0,169,0,0,0, ,00:00.0,1113, ,0, , ,     ,     ,  , , , , ,00:00.0,N,15,22.1,5.74309, , , , , , ,0,S,1,M, ,NULL,0,NULL,0,15,15,0,15, ,     ,0x000000011DB2B762, , 
20043625,"FLAT BAR 3/8 X 3 X 45-11/16""",SUB, , ,50,40959120,"FLAT BAR 3/8 X 3 X 45-11/16""",1, , ,00:00.0,00:00.0,00:00.0,00:00.0,Y,N,S,11.7,8.96152,20,20,N, ,2,0,Y,N,N,N,28.11375,0,0,0, ,0,0,3,1,0,Y,N,Y, ,N,1,0,1200,2,0,179.23,179.23,0,86.45,86.45,0,1.33,1.33,0,179.23,179.23,0,86.45,86.45,0,0, ,NULL,0, ,0, , ,     ,     ,  , , , , ,00:00.0,N,20,11.7,8.96152, , , , , , ,0,S,1,M, ,NULL,0,NULL,0,20,20,0,20, ,     ,0x000000011BBC8FDF, , 
20043610,"PIPE 2"" SCH 40 X 17""",SUB, , ,50,40950048,"PIPE 2"" SCH 40 X 17""",1, , ,00:00.0,00:00.0,00:00.0,00:00.0,Y,N,S,31.525,4.78694,14,14,N, ,4,0,Y,N,N,N,56.41602,0,0,0, ,0,0,4,3,0,Y,N,Y, ,N,1,0,1200,2,0,65.96,0,0,304.2,206.7,0,4.68,3.18,0,65.96,0,0,304.2,0,0,0, ,NULL,0, ,0, , ,     ,     ,  , , , , ,00:00.0,N,14,31.525,4.78694, , , , , , ,0,S,1,M, ,NULL,0,NULL,0,14,14,0,14, ,     ,0x000000011C991360, , 
20043620,"FLAT BAR 1/4 X 2 X 12-7/8""",SUB, , ,50,40959100,"FLAT BAR 1/4 X 2 X 12-7/8""",1, , ,00:00.0,00:00.0,00:00.0,00:00.0,Y,N,S,1.95,1.08946,320,320,N, ,2,0,Y,N,N,N,3.79927,0,0,0, ,0,0,2,1,0,Y,N,Y, ,N,1,0,1200,2,0,350.87,350.87,0,336.05,336.05,0,5.17,5.17,0,350.87,350.87,0,336.05,336.05,0,0, ,NULL,0, ,0, , ,     ,     ,  , , , , ,00:00.0,N,320,1.95,1.08946, , , , , , ,0,S,1,M, ,NULL,0,NULL,0,320,320,0,320, ,     ,0x000000011BBC8FDA, , 
20043589,LANDING GEAR LEG - AIR DETACH,SUB, , ,50,40944072,LANDING GEAR LEG - AIR DETACH,1, , ,00:00.0,00:00.0,00:00.0,00:00.0,Y,N,S,55.9,36.75592,8,8,N, ,26,0,Y,N,N,N,297.03038,0,0,0, ,0,0,4,3,0,Y,N,Y, ,N,1,0,1200,2,0,327.56,0,0,706.55,0,0,10.87,0,0,327.56,0,0,706.55,0,0,0, ,00:00.0,1300, ,0, , ,     ,     ,  , , , , ,00:00.0,N,8,55.9,36.75592, , , , , , ,0,S,1,M, ,NULL,0,NULL,0,8,8,0,8, ,     ,0x000000011D33C32D, , 
20043591,"BRACKET TOOLBOX 18"" X 18""",SUB, , ,50,40944450,"BRACKET TOOLBOX 18"" X 18""",4, , ,00:00.0,00:00.0,00:00.0,00:00.0,Y,N,S,64.35,26.31952,6,6,N, ,10,0,Y,N,N,N,370.20263,0,0,0, ,0,0,7,4,0,Y,N,Y, ,N,1,0,1200,2,0,159.84,159.84,0,265.85,265.85,0,4.09,4.09,0,159.84,159.84,0,265.85,265.85,0,0, ,NULL,0, ,0, , ,     ,     ,  , , , , ,00:00.0,N,6,64.35,26.31952, , , , , , ,0,S,1,M, ,NULL,0,NULL,0,6,6,0,6, ,     ,0x000000011BBC8FBD, , 
20043596,SR-C6-ET3X-SKIRT FOR 5' LONG,SUB, , ,50,40946314,SR-C6-ET3X-SKIRT FOR 5' LONG,1, , ,00:00.0,00:00.0,00:00.0,NULL,N,N,S,16.25,47.33024,20,0,N, ,0,0,Y,N,N,N,120.47603,0,0,0, ,0,0,3,0,0,Y,N,Y, ,N,0,0,1200,2,0,0,0,0,0,0,0,0,0,0,0,0,0,0,0,0,0, ,NULL,0, ,0, , ,     ,     ,  , , , , ,00:00.0,N,20,16.25,47.33024, , , , , , ,0,S,1,M, ,NULL,0,NULL,0,20,0,0,20, ,     ,0x000000011BBC8FC2, , 
20043598,PLATE 5/16X28-5/8X9-1/4=1.84,SUB, , ,50,40946378,PLATE 5/16X28-5/8X9-1/4=1.84,1, , ,00:00.0,00:00.0,00:00.0,00:00.0,Y,N,S,26,17.77133,12,12,N, ,5,0,Y,N,N,N,57.62788,0,0,0, ,0,0,4,3,0,Y,N,Y, ,N,1,0,1200,2,0,228.69,0,0,69.55,0,0,1.07,0,0,228.69,0,0,69.55,0,0,0, ,00:00.0,1011, ,0, , ,     ,     ,  , , , , ,00:00.0,N,12,26,17.77133, , , , , , ,0,S,1,M, ,NULL,0,NULL,0,12,12,0,12, ,     ,0x000000011DFC0D38, , 
20043604,COUPLER PLATE ASS'Y,SUB, , ,50,40946584,COUPLER PLATE ASS'Y,1, , ,00:00.0,00:00.0,00:00.0,00:00.0,Y,N,S,87.1,326.17387,5,5,N, ,22,0,Y,N,N,N,1004.955,0,0,0, ,0,0,6,5,0,Y,N,Y, ,N,1,0,1200,2,0,1780.23,1151.77,0,354.25,174.2,0,5.45,2.68,0,1780.23,0,0,354.25,0,0,0, ,00:00.0,730, ,0, , ,     ,     ,  , , , , ,00:00.0,N,5,87.1,326.17387, , , , , , ,0,S,1,M, ,NULL,0,NULL,0,5,5,0,5, ,     ,0x000000011CB68504, , 
20043529,BRACE RAMP ART C/W CHAIN,SUB, , ,50,40955504,BRACE RAMP ART C/W CHAIN,1, , ,00:00.0,00:00.0,00:00.0,00:00.0,Y,N,S,5.2,8.36688,60,60,N, ,5,0,Y,N,N,N,45.68453,0,0,0, ,0,0,3,2,0,Y,N,Y, ,N,1,0,1200,2,0,503.39,503.39,0,165.75,165.75,0,2.55,2.55,0,503.39,503.39,0,165.75,165.75,0,0, ,NULL,0, ,0, , ,     ,     ,  , , , , ,00:00.0,N,60,5.2,8.36688, , , , , , ,0,S,1,M, ,NULL,0,NULL,0,60,60,0,60, ,     ,0x000000011BBC8F7F, , 
20043531,FOOT BEAVERTAIL FOR TAGS,SUB, , ,50,40955558,FOOT BEAVERTAIL FOR TAGS,1, , ,00:00.0,00:00.0,00:00.0,00:00.0,Y,N,S,24.05,12.01266,20,20,N, ,15,0,Y,N,N,N,45.3492,0,0,0, ,0,0,4,3,0,Y,N,Y, ,N,1,0,1200,2,0,261,0,0,530.4,66.95,0,8.16,1.03,0,261,0,0,530.4,0,0,0, ,00:00.0,1137, ,0, , ,     ,     ,  , , , , ,00:00.0,N,20,24.05,12.01266, , , , , , ,0,S,1,M, ,NULL,0,NULL,0,20,20,0,20, ,     ,0x000000011CB89A9D, , 
20043532,PLATE DK 3/16X40X9-3/8=2.6,SUB, , ,50,40959119,PLATE DK 3/16X40X9-3/8=2.6,1, , ,00:00.0,00:00.0,00:00.0,00:00.0,Y,N,S,5.2,17.90821,19,19,N, ,5,0,Y,N,N,N,60.9705,0,0,0, ,0,0,3,2,0,Y,N,Y, ,N,1,0,1200,2,0,361.07,0,0,108.55,78,0,1.67,1.2,0,361.07,0,0,108.55,0,0,0, ,00:00.0,1305, ,0, , ,     ,     ,  , , , , ,00:00.0,N,19,5.2,17.90821, , , , , , ,0,S,1,M, ,NULL,0,NULL,0,19,19,0,19, ,     ,0x000000011C2FB767, , 
20043520,LONG PUSH ARM ASSEMBLY,SUB, , ,50,40948525,LONG PUSH ARM ASSEMBLY,1, , ,00:00.0,00:00.0,00:00.0,00:00.0,Y,N,S,127.4,96.05382,10,10,N, ,37,0,Y,N,N,N,491.6247,0,0,0, ,0,0,6,5,0,Y,N,Y, ,N,1,0,1200,2,0,1121.7,0,0,750.1,0,0,11.54,0,0,1121.7,0,0,750.1,0,0,0, ,00:00.0,1109, ,0, , ,     ,     ,  , , , , ,00:00.0,N,10,127.4,96.05382, , , , , , ,0,S,1,M, ,NULL,0,NULL,0,10,10,0,10, ,     ,0x000000011DFBFAA2, , 
20043504,4685  4686  Steel Kit,SUB, , ,50,40935825,STEEL KIT 35ADG ALUM.PULLOUT,1,7778,BWS MACHINE SHOP,00:00.0,00:00.0,00:00.0,NULL,N,N,S,419.9,705.59372,2,0,P, ,5,0,Y,N,N,N,2568.0285,0,0,0, ,0,0,6,4,0,Y,N,Y, ,N,0,0,1200,2,0,0,0,0,549.25,0,0,8.45,0,0,0,0,0,0,0,0,0, ,00:00.0,1014, ,0, , ,     ,     ,  , , , , ,00:00.0,N,2,419.9,705.59372, , , , , , ,0,S,1,M, ,NULL,0,NULL,0,2,0,0,2, ,     ,0x000000011D9CCE51, , 
20043479,4621  Beams,SUB, , ,50,40970101,"BEAM ASSY 53ET3XP - 72""",1,7778,BWS MACHINE SHOP,00:00.0,00:00.0,00:00.0,00:00.0,Y,N,S,1896.05,2614.37912,1,1,P, ,89,0,Y,N,N,N,10582.5765,0,0,0, ,0,0,7,6,0,Y,N,Y, ,N,1,0,1200,2,0,2811.25,0,0,2129.4,0,0,32.76,0,0,2811.25,0,0,2129.4,0,0,0, ,00:00.0,1411, ,0, , ,     ,     ,  , , , , ,00:00.0,N,1,1896.05,2614.37912, , , , , , ,0,S,1,M, ,NULL,0,NULL,0,1,1,0,1, ,     ,0x000000011D7C2520, , 
20043487,4669  Bridge Beams,SUB, , ,50,40991943,DUAL BEAMS REAR BRIDGE,1,7778,BWS MACHINE SHOP,00:00.0,00:00.0,00:00.0,NULL,N,N,S,1267.5,1640.63222,1,0,P, ,11,0,Y,N,N,N,6842.313,0,0,0, ,0,0,4,3,0,Y,N,Y, ,N,0,0,1200,2,0,1664.21,0,0,839.15,0,0,12.91,0,0,0,0,0,0,0,0,0, ,00:00.0,950, ,0, , ,     ,     ,  , , , , ,00:00.0,N,1,1267.5,1640.63222, , , , , , ,0,S,1,M, ,NULL,0,NULL,0,1,0,0,1, ,     ,0x000000011DD1E35F, , 
20043483,4669  Deck Beams,SUB, , ,50,40991962,BEAM SET LOW DECK,1,7778,BWS MACHINE SHOP,00:00.0,00:00.0,00:00.0,NULL,N,N,S,1365,3005.50364,1,0,P, ,27,0,Y,N,N,N,10174.347,0,0,0, ,0,0,5,4,0,Y,N,Y, ,N,0,0,1200,2,0,3231.17,0,0,1342.25,0,0,20.65,0,0,0,0,0,0,0,0,0, ,00:00.0,946, ,0, , ,     ,     ,  , , , , ,00:00.0,N,1,1365,3005.50364, , , , , , ,0,S,1,M, ,NULL,0,NULL,0,1,0,0,1, ,     ,0x000000011E20F7B6, , 
20043298,"A-FRAME 4 BAG FOR 114"" TAG",SUB, , ,50,40964862,"A-FRAME 4 BAG FOR 114"" TAG",1, , ,00:00.0,00:00.0,00:00.0,NULL,N,N,S,61.1,2150.88478,5,0,N, ,2,0,Y,N,N,N,5909.4975,0,0,0, ,0,0,2,1,0,Y,N,Y, ,N,0,0,1200,2,0,0,0,0,266.5,0,0,4.1,0,0,0,0,0,0,0,0,0, ,00:00.0,1540, ,0, , ,     ,     ,  , , , , ,00:00.0,N,5,61.1,2150.88478, , , , , , ,0,S,1,M, ,NULL,0,NULL,0,5,0,0,5, ,     ,0x000000011DFBB429, , 
20043299,4685 4686,SUB, , ,50,40965970,SKIRT FRONT ASSEMBLY C/W RAMPS,1, , ,00:00.0,00:00.0,00:00.0,NULL,N,N,S,237.25,668.06624,2,0,N, ,25,0,Y,N,N,N,2374.9935,0,0,0, ,0,0,6,5,0,Y,N,Y, ,N,0,0,1200,2,0,1358.87,0,0,403,0,0,6.2,0,0,0,0,0,0,0,0,0, ,00:00.0,1540, ,0, , ,     ,     ,  , , , , ,00:00.0,N,2,237.25,668.06624, , , , , , ,0,S,1,M, ,NULL,0,NULL,0,2,0,0,2, ,     ,0x000000011DF9B12A, , 
20043292,"RAMP SET 38"" X 76""  PLANKED",SUB, , ,50,40963637,"RAMP SET 38"" X 76""  PLANKED",1, , ,00:00.0,00:00.0,00:00.0,NULL,N,N,S,419.25,652.09116,5,0,N, ,15,0,Y,N,N,N,1966.5035,0,0,0, ,0,0,6,4,0,Y,N,Y, ,N,0,0,1200,2,0,2347.05,0,0,415.35,0,0,6.39,0,0,0,0,0,0,0,0,0, ,00:00.0,1529, ,0, , ,     ,     ,  , , , , ,00:00.0,N,5,419.25,652.09116, , , , , , ,0,S,1,M, ,NULL,0,NULL,0,5,0,0,5, ,     ,0x000000011E408004, , 
10014683,8610,TRA, , ,50,DUMP SF3X-25482,3X END DUMP ASSY;; 40' GALVANIZED,3,3384,STARGATE MFG LTD,00:00.0,00:00.0,00:00.0,00:00.0,Y,N,S,6279,6953.64815,1,1,O, ,57,0,Y,N,N,N,28923,0,0,0,512954,0,0,15,4,0,Y,N,Y, ,N,1,0,1200,0,1,8954.55,8539.6,0,3430.7,3430.7,0,52.78,52.78,0,8954.55,0,0,3430.7,0,0,0, ,00:00.0,1059, ,0, , ,     ,     ,  , , , , ,00:00.0,N,1,6279,6953.64815, , , , , , ,0,S,1,M, ,NULL,0,NULL,0,1,1,0,1, ,     ,0x000000011BDC5746, , 
20043197,"KIT STEEL GNK 102""  3D",SUB, , ,50,40947658,"KIT STEEL GNK 102""  3D",1, , ,00:00.0,00:00.0,00:00.0,NULL,N,N,S,91.65,152.94215,1,0,N, ,2,0,Y,N,N,N,538.407,0,0,0, ,0,0,5,2,0,Y,N,Y, ,N,0,0,1200,2,0,0,0,0,31.2,0,0,0.48,0,0,0,0,0,0,0,0,0, ,NULL,0, ,0, , ,     ,     ,  , , , , ,00:00.0,N,1,91.65,152.94215, , , , , , ,0,S,1,M, ,NULL,0,NULL,0,1,0,0,1, ,     ,0x000000011CDA3E44, , 
20043270,4685 4686,SUB, , ,50,40952936,TOP WRAP  100 KSI,1, , ,00:00.0,00:00.0,00:00.0,NULL,N,N,S,32.5,35.96854,4,0,N, ,2,0,Y,N,N,N,140.37113,0,0,0, ,0,0,2,1,0,Y,N,Y, ,N,0,0,1200,2,0,0,0,0,39.65,0,0,0.61,0,0,0,0,0,0,0,0,0, ,NULL,0, ,0, , ,     ,     ,  , , , , ,00:00.0,N,4,32.5,35.96854, , , , , , ,0,S,1,M, ,NULL,0,NULL,0,4,0,0,4, ,     ,0x000000011E2264C9, , 
20043271,4685,SUB, , ,50,40952937,BOTTOM WRAP  100 KSI,1, , ,00:00.0,00:00.0,00:00.0,NULL,N,N,S,32.5,424,2,0,N, ,6,0,Y,N,N,N,1267.13963,0,0,0, ,0,0,2,1,0,Y,N,Y, ,N,0,0,1200,2,0,0,0,0,338.65,0,0,5.21,0,0,0,0,0,0,0,0,0, ,00:00.0,904, ,0, , ,     ,     ,  , , , , ,00:00.0,N,2,32.5,424, , , , , , ,0,S,1,M, ,NULL,0,NULL,0,2,0,0,2, ,     ,0x000000011E1CFFB2, , 
20043274,RAMP 6 FT BEAVERTAIL SELFCLEAN,SUB, , ,50,40955068,RAMP 6 FT BEAVERTAIL SELFCLEAN,1, , ,00:00.0,00:00.0,00:00.0,00:00.0,Y,N,S,64.35,90.7167,10,10,N, ,10,0,Y,N,N,N,376.6962,0,0,0, ,0,0,3,2,0,Y,N,Y, ,N,1,0,1200,2,0,979.82,0,0,622.7,217.1,0,9.58,3.34,0,979.82,0,0,622.7,0,0,0, ,00:00.0,1351, ,0, , ,     ,     ,  , , , , ,00:00.0,N,10,64.35,90.7167, , , , , , ,0,S,1,M, ,NULL,0,NULL,0,10,10,0,10, ,     ,0x000000011CEE01B4, , 
20043276,4722 4723,SUB, , ,50,40958299,"BUMPER 114"" ANR 2013 MODEL",1, , ,00:00.0,00:00.0,00:00.0,NULL,N,N,S,185.25,375.28873,2,0,N, ,16,0,Y,N,N,N,1337.883,0,0,0, ,0,0,3,2,0,Y,N,Y, ,N,0,0,1200,2,0,892.12,856.87,0,400.4,76.05,0,6.16,1.17,0,0,0,0,0,0,0,0, ,00:00.0,1502, ,0, , ,     ,     ,  , , , , ,00:00.0,N,2,185.25,375.28873, , , , , , ,0,S,1,M, ,NULL,0,NULL,0,2,0,0,2, ,     ,0x000000011D342A8B, , 
20043209,RING IN-FLOOR LASHING,SUB, , ,50,40900504,RING IN-FLOOR LASHING,1, , ,00:00.0,00:00.0,00:00.0,00:00.0,Y,N,S,14.3,15.02678,30,30,N, ,8,0,Y,N,N,N,77.98568,0,0,0, ,0,0,4,3,0,Y,N,Y, ,N,1,0,1200,2,0,449.16,449.16,0,578.5,578.5,0,8.9,8.9,0,449.16,449.16,0,578.5,578.5,0,0, ,NULL,0, ,0, , ,     ,     ,  , , , , ,00:00.0,N,30,14.3,15.02678, , , , , , ,0,S,1,M, ,NULL,0,NULL,0,30,30,0,30, ,     ,0x000000011BBC8E50, , 
20043196,"KIT STEEL GNK 102""  3D",SUB, , ,50,40946580,"KIT STEEL GNK 102""  3D",1, , ,00:00.0,00:00.0,00:00.0,NULL,N,N,S,65,152.94215,3,0,N, ,2,0,Y,N,N,N,617.0745,0,0,0, ,0,0,6,2,0,Y,N,Y, ,N,0,0,1200,2,0,0,0,0,89.7,0,0,1.38,0,0,0,0,0,0,0,0,0, ,NULL,0, ,0, , ,     ,     ,  , , , , ,00:00.0,N,3,65,152.94215, , , , , , ,0,S,1,M, ,NULL,0,NULL,0,3,0,0,3, ,     ,0x000000011CD943C3, , 
10014549,8725TT-NO-TILT,TRA, , ,50,25NTT-102-25171,"TRAILER 25 TON ""NTT"" STAND",3,3303,REMORQUE LEWIS,00:00.0,00:00.0,00:00.0,00:00.0,Y,N,S,6331,18483.08701,1,1,O, ,179,0,Y,N,N,N,28748,0,0,0,512784,0,0,15,13,0,Y,N,Y, ,N,1,0,1200,0,1,21050.7,21036.23,0,6373.25,5619.25,0,98.05,86.45,0,21050.7,0,0,6373.25,0,0,0, ,00:00.0,813, ,0, , ,     ,     ,  , , , , ,00:00.0,N,1,6331,18483.08701, , , , , , ,0,S,1,M, ,NULL,0,NULL,0,1,1,0,1, ,     ,0x000000011C94279E, , 
10014604,8730TT-ART-STAN,TRA, , ,50,30ART-114-25270,30 TON - 3 AXLE - 17.5 - 49 IN,3,3011,ATLANTIC POWERTRAIN & EQUIPMEN,00:00.0,00:00.0,00:00.0,00:00.0,Y,N,S,6964.75,23769.02124,1,1,O, ,258,0,Y,N,N,N,34407,0,0,0,512857,0,0,15,13,0,Y,N,Y, ,N,1,0,1200,0,1,23622.57,19798.9,0,6875.7,4187.95,0,105.78,64.43,0,23622.57,0,0,6875.7,0,0,0, ,00:00.0,1407, ,0, , ,     ,     ,  , , , , ,00:00.0,N,1,6964.75,23769.02124, , , , , , ,0,S,1,M, ,NULL,0,NULL,0,1,1,0,1, ,     ,0x000000011CBA5D47, , 
70002535,FLIP TARP BAR SUPPORT BLOCK,PAR, , ,50,TB-TRP-A003,FLIP TARP BAR SUPPORT BLOCK,1, , ,00:00.0,00:00.0,00:00.0,NULL,N,N,S,6.5,73.25,18,0,N, ,0,0,Y,N,N,N,6.25857,0,0,0, ,0,0,2,0,0,Y,N,Y, ,N,0,0,1200,2,0,0,0,0,0,0,0,0,0,0,0,0,0,0,0,0,0, ,NULL,0, ,0, , ,     ,     ,  , , , , ,00:00.0,N,18,6.5,73.25, , , , , , ,0,S,1,M, ,NULL,0,NULL,0,18,0,0,18, ,     ,0x000000011C74FF27, , 
20043305,SHOE LIFT FOR AIR DETACHABLE,SUB, , ,50,40944018,SHOE LIFT FOR AIR DETACHABLE,1, , ,00:00.0,00:00.0,00:00.0,00:00.0,Y,N,S,24.7,10.18786,16,16,N, ,29,0,Y,N,N,N,87.52875,0,0,0, ,0,0,6,5,0,Y,N,Y, ,N,1,0,1200,2,0,191.66,0,0,277.55,131.3,0,4.27,2.02,0,191.66,0,0,277.55,0,0,0, ,00:00.0,1615, ,0, , ,     ,     ,  , , , , ,00:00.0,N,16,24.7,10.18786, , , , , , ,0,S,1,M, ,NULL,0,NULL,0,16,16,0,16, ,     ,0x000000011CB68A8F, , 
20043508,4622  Steel Kit,SUB, , ,50,40964566,KIT STEEL,1,7778,BWS MACHINE SHOP,00:00.0,00:00.0,00:00.0,NULL,N,N,S,178.75,177.4566,1,0,P, ,0,0,Y,N,N,N,2122.5945,0,0,0, ,0,0,6,0,0,Y,N,Y, ,N,0,0,1200,2,0,0,0,0,0,0,0,0,0,0,0,0,0,0,0,0,0, ,00:00.0,1440, ,0, , ,     ,     ,  , , , , ,00:00.0,N,1,178.75,177.4566, , , , , , ,0,S,1,M, ,NULL,0,NULL,0,1,0,0,1, ,     ,0x000000011BBC8F6A, , 
20043511,4675  4676  Steel Kit,SUB, , ,50,41000038,"STEEL KIT 25ART 102""",1,7778,BWS MACHINE SHOP,00:00.0,00:00.0,00:00.0,00:00.0,Y,N,S,204.75,67.44052,2,2,P, ,35,0,Y,N,N,N,0,0,0,0, ,0,0,6,4,0,Y,N,Y, ,N,1,0,1200,2,0,178,0,0,108.55,0,0,1.67,0,0,178,0,0,108.55,0,0,0, ,00:00.0,1113, ,0, , ,     ,     ,  , , , , ,00:00.0,N,2,204.75,67.44052, , , , , , ,0,S,1,M, ,NULL,0,NULL,0,2,2,0,2, ,     ,0x000000011DFBF6E4, , 
20043690,4727  Steel Kit,SUB, , ,50,41000064,"STEEL KIT 30TT ART 49""",1,7778,BWS MACHINE SHOP,00:00.0,00:00.0,00:00.0,NULL,N,N,S,416,517.72336,1,0,P, ,0,0,Y,N,N,N,0,0,0,0, ,0,0,6,0,0,Y,N,Y, ,N,0,0,1200,2,0,0,0,0,0,0,0,0,0,0,0,0,0,0,0,0,0, ,00:00.0,1055, ,0, , ,     ,     ,  , , , , ,00:00.0,N,1,416,517.72336, , , , , , ,0,S,1,M, ,NULL,0,NULL,0,1,0,0,1, ,     ,0x000000011BBC9021, , 
20043670,TAILIGHT COVER FOR 3 IN A ROW,SUB, , ,50,40968650,TAILIGHT COVER FOR 3 IN A ROW,1, , ,00:00.0,00:00.0,00:00.0,00:00.0,Y,N,S,25.35,12.36755,10,10,N, ,5,0,Y,N,N,N,82.33185,0,0,0, ,0,0,4,2,0,Y,N,Y, ,N,1,0,1200,2,0,127.35,127.35,0,70.2,70.2,0,1.08,1.08,0,127.35,127.35,0,70.2,70.2,0,0, ,NULL,0, ,0, , ,     ,     ,  , , , , ,00:00.0,N,10,25.35,12.36755, , , , , , ,0,S,1,M, ,NULL,0,NULL,0,10,10,0,10, ,     ,0x000000011BBC900D, , 
20043672,PIVOT BLOCK,SUB, , ,50,40993101,PIVOT BLOCK,1, , ,00:00.0,00:00.0,00:00.0,NULL,N,N,S,0,363,2,0,N, ,0,0,Y,N,N,N,925.65,0,0,0, ,0,0,2,0,0,Y,N,Y, ,N,0,0,1200,2,0,0,0,0,0,0,0,0,0,0,0,0,0,0,0,0,0, ,NULL,0, ,0, , ,     ,     ,  , , , , ,00:00.0,N,2,0,363, , , , , , ,0,S,1,M, ,NULL,0,NULL,0,2,0,0,2, ,     ,0x000000011BBC900F, , 
20043929,PLATE D3/16X33-7/8X26-1/2=6.23,SUB, , ,50,40946569,PLATE D3/16X33-7/8X26-1/2=6.23,1, , ,00:00.0,00:00.0,00:00.0,NULL,N,N,S,19.5,45.84418,20,0,N, ,0,0,Y,N,N,N,152.27325,0,0,0, ,0,0,3,0,0,Y,N,Y, ,N,0,0,1200,2,0,0,0,0,0,0,0,0,0,0,0,0,0,0,0,0,0, ,00:00.0,1518, ,0, , ,     ,     ,  , , , , ,00:00.0,N,20,19.5,45.84418, , , , , , ,0,S,1,M, ,NULL,0,NULL,0,20,0,0,20, ,     ,0x000000011BBC9107, , 
20043936,TAILSKIRT ASSY. ALL ADG'S,SUB, , ,50,40949917,TAILSKIRT ASSY. ALL ADG'S,1, , ,00:00.0,00:00.0,00:00.0,NULL,N,N,S,221.65,472.25387,1,0,N, ,14,0,Y,N,N,N,2416.023,0,0,0, ,0,0,6,5,0,Y,N,Y, ,N,0,0,1200,2,0,286.99,0,0,232.05,0,0,3.57,0,0,0,0,0,0,0,0,0, ,NULL,0, ,0, , ,     ,     ,  , , , , ,00:00.0,N,1,221.65,472.25387, , , , , , ,0,S,1,M, ,NULL,0,NULL,0,1,0,0,1, ,     ,0x000000011DD309DB, , 
70002651,SO# 109933,PAR, , ,50,22200628,CHAIN SANDER 17-3/4C/C AL667XH,1,2369,DEPT OF TRANSPORTATION DIST 85,00:00.0,00:00.0,00:00.0,NULL,N,N,S,7.8,18.19773,120,0,O, ,9,0,Y,N,N,N,64.39515,0,0,0,109933,0,0,4,3,0,Y,N,Y, ,N,0,0,1200,2,2,0,0,0,1175.2,0,0,18.08,0,0,0,0,0,0,0,0,0, ,00:00.0,1140, ,0, , ,     ,     ,  , , , , ,00:00.0,N,120,7.8,18.19773, , , , , , ,0,S,1,M, ,NULL,0,NULL,0,120,0,0,120, ,     ,0x000000011E416E9B, , 
20044278,HEADBOARD 20FDNT,SUB, , ,50,40967505,HEADBOARD 20FDNT,1, , ,00:00.0,00:00.0,00:00.0,00:00.0,Y,N,D,0,0,2,2, , ,5,0,Y,N,N,N,535.602,0,0,0, ,0,0,5,4,0,Y,N,Y, ,N,1,0,1200,2,0,259.72,0,0,317.2,0,0,4.88,0,0,259.72,0,0,317.2,0,0,0, ,00:00.0,1039, ,0, , ,     ,     ,  , , , , ,00:00.0,N,2,0,0, , , , , , ,0,S,1,M, ,NULL,0,NULL,0,2,2,0,2, ,     ,0x000000011CEDFA63, , 
20043999,STIFFENER BUMPER,SUB, , ,50,40956069,STIFFENER BUMPER,1, , ,00:00.0,00:00.0,00:00.0,00:00.0,Y,N,S,1.3,0.58523,100,100,N, ,1,0,Y,N,N,N,2.12109,0,0,0, ,0,0,2,0,0,Y,N,Y, ,N,1,0,1200,2,0,58.45,0,0,0,0,0,0,0,0,58.45,0,0,0,0,0,0, ,00:00.0,1554, ,0, , ,     ,     ,  , , , , ,00:00.0,N,100,1.3,0.58523, , , , , , ,0,S,1,M, ,NULL,0,NULL,0,100,100,0,100, ,     ,0x000000011CEDFC88, , 
20044002,TAILIGHT COVER FOR 2 IN A ROW,SUB, , ,50,40968648,TAILIGHT COVER FOR 2 IN A ROW,1, , ,00:00.0,00:00.0,00:00.0,NULL,N,N,S,14.3,9.87697,40,0,N, ,1,0,Y,N,N,N,57.18885,0,0,0, ,0,0,4,1,0,Y,N,Y, ,N,0,0,1200,2,0,0,0,0,37.05,0,0,0.57,0,0,0,0,0,0,0,0,0, ,00:00.0,1555, ,0, , ,     ,     ,  , , , , ,00:00.0,N,40,14.3,9.87697, , , , , , ,0,S,1,M, ,NULL,0,NULL,0,40,0,0,40, ,     ,0x000000011CB6190D, , 
30001660,CLAIM #6695 - EXTREMITY LIGHT P/S,WAR, , ,50,#0999998,Warranty Parts & Labour,**,9999,WARRANTY,00:00.0,00:00.0,00:00.0,NULL,N,N,M,0,0,1,0, , ,12,0,Y,N,N,N,0,0,0,0, ,0,0,2,0,0,Y,N,Y, ,N,0,0,1200,6,0,144.37,0,0,0,0,0,0,0,0,0,0,0,0,0,0,0, ,00:00.0,904, ,0, , ,     ,     ,  , , , , ,00:00.0,N,1,0,0, , , , , , ,0,S,1,M, ,NULL,0,NULL,0,1,0,0,1, ,     ,0x000000011D7989EC, , 
30001661,CLAIM #6696 - PAINT REPAIR,WAR, , ,50,#0999998,Warranty Parts & Labour,**,9999,WARRANTY,00:00.0,00:00.0,00:00.0,NULL,N,N,M,0,0,1,0, , ,63,0,Y,N,N,N,0,0,0,0, ,0,0,4,3,0,Y,N,Y, ,N,0,0,1200,6,0,1152.94,0,0,2440.1,0,0,37.54,0,0,0,0,0,0,0,0,0, ,00:00.0,1632, ,0, , ,     ,     ,  , , , , ,00:00.0,N,1,0,0, , , , , , ,0,S,1,M, ,NULL,0,NULL,0,1,0,0,1, ,     ,0x000000011DFB298A, , 
70002464,BEAM ASSY PONY 3X,PAR, , ,50,PY-FR-A001,BEAM ASSY PONY 3X,1,7778,BWS MACHINE SHOP,00:00.0,00:00.0,00:00.0,NULL,N,N,S,1950,3114.64336,1,0,P, ,32,0,Y,N,N,N,11827.512,0,0,0, ,0,0,8,6,0,Y,N,Y, ,N,0,0,1200,2,0,3138.13,0,0,1795.3,14.95,0,27.62,0.23,0,0,0,0,0,0,0,0, ,00:00.0,1543, ,0, , ,     ,     ,  , , , , ,00:00.0,N,1,1950,3114.64336, , , , , , ,0,S,1,M, ,NULL,0,NULL,0,1,0,0,1, ,     ,0x000000011CEA1F48, , 
70002433,RAMP ASSY ADG PULLOUT,PAR, , ,50,40944330,RAMP ASSY ADG PULLOUT,1,3110,S & S TRAILER SALES;; INC,00:00.0,00:00.0,00:00.0,NULL,N,N,S,0,306.99786,5,0,O, ,8,0,Y,N,N,N,770.70554,0,0,0,109721,0,0,3,0,0,Y,N,Y, ,N,0,0,1200,2,1,1632.92,1632.92,0,0,0,0,0,0,0,0,0,0,0,0,0,0, ,00:00.0,1051, ,0, , ,     ,     ,  , , , , ,00:00.0,N,5,0,306.99786, , , , , , ,0,S,1,M, ,NULL,0,NULL,0,5,0,0,5, ,     ,0x000000011BBCA9A6, , 
70002465,BEAM ASSY PONY 3X,PAR, , ,50,PY-FR-A001,BEAM ASSY PONY 3X,1,7778,BWS MACHINE SHOP,00:00.0,00:00.0,00:00.0,NULL,N,N,S,1950,3114.64336,1,0,P, ,59,0,Y,N,N,N,11827.512,0,0,0, ,0,0,8,7,0,Y,N,Y, ,N,0,0,1200,2,0,3154.15,0,0,1219.4,0,0,18.76,0,0,0,0,0,0,0,0,0, ,00:00.0,1336, ,0, , ,     ,     ,  , , , , ,00:00.0,N,1,1950,3114.64336, , , , , , ,0,S,1,M, ,NULL,0,NULL,0,1,0,0,1, ,     ,0x000000011D0F2557, , 
70002409,FIFTH WHEEL PLATE ASSY,PAR, , ,50,TR-UC15-G12-A001,FIFTH WHEEL PLATE ASSY,1, , ,00:00.0,00:00.0,00:00.0,00:00.0,Y,N,S,325,825.82399,9,9,N, ,58,0,Y,N,N,N,2932.08774,0,0,0, ,0,0,2,1,0,Y,N,Y, ,N,1,0,1200,2,0,7625.33,0,0,2946.45,0,0,45.33,0,0,7625.33,0,0,2946.45,0,0,0, ,00:00.0,707, ,0, , ,     ,     ,  , , , , ,00:00.0,N,9,325,825.82399, , , , , , ,0,S,1,M, ,NULL,0,NULL,0,9,9,0,9, ,     ,0x000000011DF93145, , 
70002509,"TUBE HSS 8X3X1/4 X 41-5/8""",PAR, , ,50,PY-FR-P057-41.625,"TUBE HSS 8X3X1/4 X 41-5/8""",1, , ,00:00.0,00:00.0,00:00.0,NULL,N,N,S,6.5,70.00875,18,0,N, ,4,0,Y,N,N,N,234.22813,0,0,0, ,0,0,2,1,0,Y,N,Y, ,N,0,0,1200,2,0,0,0,0,136.5,0,0,2.1,0,0,0,0,0,0,0,0,0, ,NULL,0, ,0, , ,     ,     ,  , , , , ,00:00.0,N,18,6.5,70.00875, , , , , , ,0,S,1,M, ,NULL,0,NULL,0,18,0,0,18, ,     ,0x000000011E1F2576, , 
70002514,ANGLE 2X2X1/4 X 31-1/2',PAR, , ,50,PY-FR-P078,ANGLE 2X2X1/4 X 31-1/2',1, , ,00:00.0,00:00.0,00:00.0,00:00.0,Y,N,S,6.5,5.36772,10,10,N, ,2,0,Y,N,N,N,92.7435,0,0,0, ,0,0,2,1,0,Y,N,Y, ,N,1,0,1200,2,0,53.69,0,0,24.7,0,0,0.38,0,0,53.69,0,0,24.7,0,0,0, ,NULL,0, ,0, , ,     ,     ,  , , , , ,00:00.0,N,10,6.5,5.36772, , , , , , ,0,S,1,M, ,NULL,0,NULL,0,10,10,0,10, ,     ,0x000000011CEDFF08, , 
70002516,"FLAT BAR 3/8 X 3 X 35-7/8""",PAR, , ,50,PY-FR-P081,"FLAT BAR 3/8 X 3 X 35-7/8""",1, , ,00:00.0,00:00.0,00:00.0,NULL,N,N,S,3.25,7.09112,24,0,N, ,2,0,Y,N,N,N,23.51949,0,0,0, ,0,0,2,1,0,Y,N,Y, ,N,2,0,1200,2,0,170.78,0,0,19.5,0,0,0.3,0,0,53.67,0,0,-53.67,0,0,0, ,00:00.0,1452, ,0, , ,     ,     ,  , , , , ,00:00.0,N,24,3.25,7.09112, , , , , , ,0,S,1,M, ,NULL,0,NULL,0,24,0,0,24, ,     ,0x000000011D585AB9, , 
70002518,"ANGLE 1-1/2X1-1/2X1/4 X 1-3/4""",PAR, , ,50,PY-FR-P085,"ANGLE 1-1/2X1-1/2X1/4 X 1-3/4""",1, , ,00:00.0,00:00.0,00:00.0,NULL,N,N,S,3.25,0.23239,68,0,N, ,1,0,Y,N,N,N,2.99059,0,0,0, ,0,0,2,1,0,Y,N,Y, ,N,0,0,1200,2,0,0,0,0,115.7,0,0,1.78,0,0,0,0,0,0,0,0,0, ,00:00.0,1453, ,0, , ,     ,     ,  , , , , ,00:00.0,N,68,3.25,0.23239, , , , , , ,0,S,1,M, ,NULL,0,NULL,0,68,0,0,68, ,     ,0x000000011DD95E6F, , 
70002519,"FLAT BAR 3/4 X 1-1/4 X 5-1/2""",PAR, , ,50,PY-FR-P091,"FLAT BAR 3/4 X 1-1/4 X 5-1/2""",1, , ,00:00.0,00:00.0,00:00.0,00:00.0,Y,N,S,13,2.1325,22,22,N, ,3,0,Y,N,N,N,10.20232,0,0,0, ,0,0,2,1,0,Y,N,Y, ,N,1,0,1200,2,0,45.15,0,0,144.95,0,0,2.23,0,0,45.15,0,0,144.95,0,0,0, ,00:00.0,1459, ,0, , ,     ,     ,  , , , , ,00:00.0,N,22,13,2.1325, , , , , , ,0,S,1,M, ,NULL,0,NULL,0,22,22,0,22, ,     ,0x000000011CEDFE65, , 
70002520,"BAR RD 3/8 X 10""",PAR, , ,50,PY-FR-P122-10,"BAR RD 3/8 X 10""",1, , ,00:00.0,00:00.0,00:00.0,00:00.0,Y,N,S,3.25,0.19395,12,12,N, ,3,0,Y,N,N,N,9.9093,0,0,0, ,0,0,2,1,0,Y,N,Y, ,N,1,0,1200,2,0,2.38,0,0,14.3,0,0,0.22,0,0,2.38,0,0,14.3,0,0,0, ,00:00.0,1459, ,0, , ,     ,     ,  , , , , ,00:00.0,N,12,3.25,0.19395, , , , , , ,0,S,1,M, ,NULL,0,NULL,0,12,12,0,12, ,     ,0x000000011D7C233F, , 
70002489,LINKAGE LATCH CONTROL ARM,PAR, , ,50,22200949,LINKAGE LATCH CONTROL ARM,1,7778,BWS MACHINE SHOP,00:00.0,00:00.0,00:00.0,00:00.0,Y,N,D,50.7,30.76058,4,4,P, ,7,0,Y,N,N,N,192.93779,0,0,0, ,0,0,3,2,0,Y,N,Y, ,N,1,0,1200,2,0,122.45,0,0,176.8,176.8,0,2.72,2.72,0,122.45,0,0,176.8,0,0,0, ,00:00.0,805, ,0, , ,     ,     ,  , , , , ,00:00.0,N,4,50.7,30.76058, , , , , , ,0,S,1,M, ,NULL,0,NULL,0,4,4,0,4, ,     ,0x000000011D7C1BD8, , 
40000302,CLOSE TO 1530,FIX, , ,50,9999,JIG FIXTURE,**,77777,BWS MANUFACTURING LTD.,00:00.0,00:00.0,00:00.0,NULL,N,N,M,0,0,1,0, , ,9,0,Y,N,N,N,0,0,0,0, ,0,0,6,5,0,Y,N,Y, ,N,0,0,1200,2,0,948.39,948.39,0,810.55,767,0,12.47,11.8,0,0,0,0,0,0,0,0, ,00:00.0,1020, ,0, , ,     ,     ,  , , , , ,00:00.0,N,1,0,0, , , , , , ,0,S,1,M, ,NULL,0,NULL,0,1,0,0,1, ,     ,0x000000011C713FA5, , 
50000448,Paint bulk body Red,REP, , ,50,RESTORE JOB,Quote#276,**,1975,CASH ON DELIVERY,00:00.0,00:00.0,00:00.0,NULL,N,N,M,0,0,1,0,O, ,20,0,N,N,N,N,1828.92018,0,0,0,109852,0,0,3,2,0,Y,N,Y, ,N,0,0,1200,3,1,907.61,0,0,780.65,0,0,12.01,0,0,0,0,0,0,0,0,304987, ,00:00.0,1624, ,0, , ,     ,     ,  , , , , ,00:00.0,N,1,0,0, , , , , , ,0,S,1,M, ,NULL,0,NULL,0,1,0,0,1, ,     ,0x000000011D7BA575, , 
70002256,"17FT PONY BOX FLOOR 1/4""",PAR, , ,50,PF9192,"17FT PONY BOX FLOOR 1/4""",1,3384,STARGATE MFG LTD,00:00.0,00:00.0,00:00.0,NULL,N,N,S,1235,3699.63685,1,0,O, ,46,0,Y,N,N,N,0,0,0,0,109618,0,0,3,2,0,Y,N,Y, ,N,0,0,1200,2,1,3211.2,2885.23,0,578.5,578.5,0,8.9,8.9,0,0,0,0,0,0,0,0, ,00:00.0,832, ,0, , ,     ,     ,  , , , , ,00:00.0,N,1,1235,3699.63685, , , , , , ,0,S,1,M, ,NULL,0,NULL,0,1,0,0,1, ,     ,0x000000011CB6AF75, , 
70002135,STEEL PARTS FOR WO9419,PAR, , ,50,SP9419,STEEL PARTS FOR WO9419,1,3384,STARGATE MFG LTD,00:00.0,00:00.0,00:00.0,00:00.0,Y,N,S,0,2163.16056,1,1,O, ,9,0,N,N,N,N,0,0,0,0,109448,0,0,2,0,0,Y,N,Y, ,N,1,0,1200,2,1,2145.06,0,0,0,0,0,0,0,0,2145.06,0,0,0,0,0,0, ,00:00.0,655, ,0, , ,     ,     ,  , , , , ,00:00.0,N,1,0,2163.16056, , , , , , ,0,S,1,M, ,NULL,0,NULL,0,1,1,0,1, ,     ,0x000000011DF937AA, , 
70002299,BEAM ASSY PONY 3X,PAR, , ,50,PY-FR-A001,BEAM ASSY PONY 3X,1,7778,BWS MACHINE SHOP,00:00.0,00:00.0,00:00.0,NULL,N,N,S,1950,3101.58834,1,0,N, ,30,0,Y,N,N,N,13214.712,0,0,0, ,0,0,8,6,0,Y,N,Y, ,N,0,0,1200,2,0,3154.15,0,0,1738.1,0,0,26.74,0,0,0,0,0,0,0,0,0, ,00:00.0,1057, ,0, , ,     ,     ,  , , , , ,00:00.0,N,1,1950,3101.58834, , , , , , ,0,S,1,M, ,NULL,0,NULL,0,1,0,0,1, ,     ,0x000000011DAEE10A, , 
70002304,BEAM ASSY PONY 3X,PAR, , ,50,PY-FR-A001,BEAM ASSY PONY 3X,1,7778,BWS MACHINE SHOP,00:00.0,00:00.0,00:00.0,NULL,N,N,S,1950,3101.58834,1,0,P, ,56,0,Y,N,N,N,13214.712,0,0,0, ,0,0,8,6,0,Y,N,Y, ,N,0,0,1200,2,0,3138.13,0,0,643.5,471.25,0,9.9,7.25,0,0,0,0,0,0,0,0, ,00:00.0,1340, ,0, , ,     ,     ,  , , , , ,00:00.0,N,1,1950,3101.58834, , , , , , ,0,S,1,M, ,NULL,0,NULL,0,1,0,0,1, ,     ,0x000000011D0F32E0, , 
70002276,"20'-9"" T-BOX FLOOR",PAR, , ,50,TF1212,"20'-9"" T-BOX FLOOR",1,3384,STARGATE MFG LTD,00:00.0,00:00.0,00:00.0,NULL,N,N,S,1495,5553.72312,1,0,O, ,0,0,Y,N,N,N,0,0,0,0,109638,0,0,3,0,0,Y,N,Y, ,N,0,0,1200,2,1,0,0,0,0,0,0,0,0,0,0,0,0,0,0,0,0, ,00:00.0,730, ,0, , ,     ,     ,  , , , , ,00:00.0,N,1,1495,5553.72312, , , , , , ,0,S,1,M, ,NULL,0,NULL,0,1,0,0,1, ,     ,0x000000011D77E29B, , 
70002277,"21'-6"" T-BOX FLOOR",PAR, , ,50,TF1225,"21'-6"" T-BOX FLOOR",1,3384,STARGATE MFG LTD,00:00.0,00:00.0,00:00.0,NULL,N,N,S,0,0,1,0,O, ,0,0,Y,N,N,N,0,0,0,0,109639,0,0,3,0,0,Y,N,Y, ,N,0,0,1200,2,1,0,0,0,0,0,0,0,0,0,0,0,0,0,0,0,0, ,00:00.0,730, ,0, , ,     ,     ,  , , , , ,00:00.0,N,1,0,0, , , , , , ,0,S,1,M, ,NULL,0,NULL,0,1,0,0,1, ,     ,0x000000011D77E3AB, , 
20044045,4671,SUB, , ,50,40992146,GNK 55HDG3X E  V2020,1, , ,00:00.0,00:00.0,00:00.0,NULL,N,N,S,1820,11662.51895,1,0,N, ,27,0,Y,N,N,N,31023.9885,0,0,0, ,0,0,2,0,0,Y,N,Y, ,N,0,0,1200,2,0,6259.14,0,0,0,0,0,0,0,0,0,0,0,0,0,0,0, ,NULL,0, ,0, , ,     ,     ,  , , , , ,00:00.0,N,1,1820,11662.51895, , , , , , ,0,S,1,M, ,NULL,0,NULL,0,1,0,0,1, ,     ,0x000000011D32A249, , 
20044143,4717 4718,SUB, , ,50,40961443,"STAKE BWS 4-1/2X3X106""",1, , ,00:00.0,00:00.0,00:00.0,00:00.0,Y,N,S,97.5,155.04902,16,16,N, ,30,0,Y,N,N,N,472,0,0,0, ,0,0,3,2,0,Y,N,Y, ,N,1,0,1200,2,0,2364.75,0,0,1222.65,0,0,18.81,0,0,2364.75,0,0,1222.65,0,0,0, ,00:00.0,1325, ,0, , ,     ,     ,  , , , , ,00:00.0,N,16,97.5,155.04902, , , , , , ,0,S,1,M, ,NULL,0,NULL,0,16,16,0,16, ,     ,0x000000011D7C340F, , 
70002591,LOCK BAR HANGER,PAR, , ,50,TB-TRP-P001,LOCK BAR HANGER,1, , ,00:00.0,00:00.0,00:00.0,NULL,N,N,S,45.5,0,8,0,N, ,0,0,Y,N,N,N,0,0,0,0, ,0,0,4,0,0,Y,N,Y, ,N,0,0,1200,2,0,0,0,0,0,0,0,0,0,0,0,0,0,0,0,0,0, ,NULL,0, ,0, , ,     ,     ,  , , , , ,00:00.0,N,8,45.5,0, , , , , , ,0,S,1,M, ,NULL,0,NULL,0,8,0,0,8, ,     ,0x000000011C7509C3, , 
20043916,"BRACKET TOOLBOX 18"" X 18""",SUB, , ,50,40944450,"BRACKET TOOLBOX 18"" X 18""",4, , ,00:00.0,00:00.0,00:00.0,NULL,N,N,S,64.35,26.68669,8,0,N, ,7,0,Y,N,N,N,370.20263,0,0,0, ,0,0,7,4,0,Y,N,Y, ,N,0,0,1200,2,0,139.26,0,0,879.45,0,0,13.53,0,0,0,0,0,0,0,0,0, ,00:00.0,1511, ,0, , ,     ,     ,  , , , , ,00:00.0,N,8,64.35,26.68669, , , , , , ,0,S,1,M, ,NULL,0,NULL,0,8,0,0,8, ,     ,0x000000011DFA068B, , 
20043886,ALUMINUM TOOL BOX COVER NTT,SUB, , ,50,40992565,ALUMINUM TOOL BOX COVER NTT,1, , ,00:00.0,00:00.0,00:00.0,NULL,N,N,S,97.5,76.06987,3,0,N, ,0,0,Y,N,N,N,197.574,0,0,0, ,0,0,3,0,0,Y,N,Y, ,N,0,0,1200,2,0,0,0,0,0,0,0,0,0,0,0,0,0,0,0,0,0, ,NULL,0, ,0, , ,     ,     ,  , , , , ,00:00.0,N,3,97.5,76.06987, , , , , , ,0,S,1,M, ,NULL,0,NULL,0,3,0,0,3, ,     ,0x000000011BBC90DE, , 
20043954,PLATE D3/16X27-1/8X48-3/8=9.11,SUB, , ,50,40959121,PLATE D3/16X27-1/8X48-3/8=9.11,1, , ,00:00.0,00:00.0,00:00.0,NULL,N,N,S,19.5,67.03699,20,0,N, ,0,0,Y,N,N,N,168.57838,0,0,0, ,0,0,3,0,0,Y,N,Y, ,N,0,0,1200,2,0,0,0,0,0,0,0,0,0,0,0,0,0,0,0,0,0, ,NULL,0, ,0, , ,     ,     ,  , , , , ,00:00.0,N,20,19.5,67.03699, , , , , , ,0,S,1,M, ,NULL,0,NULL,0,20,0,0,20, ,     ,0x000000011BBC9120, , 
20043946,PLATE DK3/16X33-3/8x27-1/8=6.3,SUB, , ,50,40959103,PLATE DK3/16X33-3/8x27-1/8=6.3,1, , ,00:00.0,00:00.0,00:00.0,NULL,N,N,S,7.15,46.28569,42,0,N, ,0,0,Y,N,N,N,119.36792,0,0,0, ,0,0,3,0,0,Y,N,Y, ,N,0,0,1200,2,0,0,0,0,0,0,0,0,0,0,0,0,0,0,0,0,0, ,NULL,0, ,0, , ,     ,     ,  , , , , ,00:00.0,N,42,7.15,46.28569, , , , , , ,0,S,1,M, ,NULL,0,NULL,0,42,0,0,42, ,     ,0x000000011BBC9118, , 
20043853,4722 4723,SUB, , ,50,40964382,"BUMPER ANR CHANNEL 114""",1, , ,00:00.0,00:00.0,00:00.0,00:00.0,Y,N,S,219.7,406.96764,2,2,N, ,30,0,Y,N,N,N,1547.391,0,0,0, ,0,0,3,2,0,Y,N,Y, ,N,1,0,1200,2,0,1045.17,0,0,295.75,0,0,4.55,0,0,1045.17,0,0,295.75,0,0,0, ,00:00.0,1056, ,0, , ,     ,     ,  , , , , ,00:00.0,N,2,219.7,406.96764, , , , , , ,0,S,1,M, ,NULL,0,NULL,0,2,2,0,2, ,     ,0x000000011DFC0261, , 
20043824,BRACKET STROBE LIGHT POLE,SUB, , ,50,40961576,BRACKET STROBE LIGHT POLE,1, , ,00:00.0,00:00.0,00:00.0,NULL,N,N,S,22.75,0.46817,5,0,N, ,14,0,Y,N,N,N,130.48988,0,0,0, ,0,0,4,3,0,Y,N,Y, ,N,0,0,1200,2,0,0.83,0,0,293.15,0,0,4.51,0,0,0,0,0,0,0,0,0, ,NULL,0, ,0, , ,     ,     ,  , , , , ,00:00.0,N,5,22.75,0.46817, , , , , , ,0,S,1,M, ,NULL,0,NULL,0,5,0,0,5, ,     ,0x000000011E4139CC, , 
20043879,KIT HYD TRUCK ONLY,SUB, , ,50,40992199,KIT HYD TRUCK ONLY,1, , ,00:00.0,00:00.0,00:00.0,NULL,N,N,S,0,1364.9288,4,0,N, ,33,0,Y,N,N,N,3858.1245,0,0,0, ,0,0,2,0,0,Y,N,Y, ,N,0,0,1200,2,0,7272.65,0,0,0,0,0,0,0,0,0,0,0,0,0,0,0, ,00:00.0,1550, ,0, , ,     ,     ,  , , , , ,00:00.0,N,4,0,1364.9288, , , , , , ,0,S,1,M, ,NULL,0,NULL,0,4,0,0,4, ,     ,0x000000011DFA6007, , 
20043863,4666 4728,SUB, , ,50,40968757,GALV SLIDING RAMP HOIST FRAME,1, , ,00:00.0,00:00.0,00:00.0,00:00.0,Y,N,S,109.85,81.07531,2,2,N, ,9,0,Y,N,N,N,456.48825,0,0,0, ,0,0,4,3,0,Y,N,Y, ,N,1,0,1200,2,0,169.31,0,0,317.2,0,0,4.88,0,0,169.31,0,0,317.2,0,0,0, ,00:00.0,1410, ,0, , ,     ,     ,  , , , , ,00:00.0,N,2,109.85,81.07531, , , , , , ,0,S,1,M, ,NULL,0,NULL,0,2,2,0,2, ,     ,0x000000011D7C2476, , 
20043864,4728 4666,SUB, , ,50,40968759,GALV GUAGE ENCLOSURE AIR RAMP,1, , ,00:00.0,00:00.0,00:00.0,NULL,N,N,S,19.5,2.83767,2,0,N, ,4,0,Y,N,N,N,186.3336,0,0,0, ,0,0,6,5,0,Y,N,Y, ,N,0,0,1200,2,0,0,0,0,531.7,0,0,8.18,0,0,0,0,0,0,0,0,0, ,00:00.0,1405, ,0, , ,     ,     ,  , , , , ,00:00.0,N,2,19.5,2.83767, , , , , , ,0,S,1,M, ,NULL,0,NULL,0,2,0,0,2, ,     ,0x000000011DFDC203, , 
20043865,4666 4728,SUB, , ,50,40968769,GALV SLIDING RAMP HOIST SLIDER,1, , ,00:00.0,00:00.0,00:00.0,00:00.0,Y,N,S,222.3,93.22563,2,2,N, ,15,0,Y,N,N,N,880.5405,0,0,0, ,0,0,6,5,0,Y,N,Y, ,N,1,0,1200,2,0,191.92,0,0,326.3,0,0,5.02,0,0,191.92,0,0,326.3,0,0,0, ,NULL,0, ,0, , ,     ,     ,  , , , , ,00:00.0,N,2,222.3,93.22563, , , , , , ,0,S,1,M, ,NULL,0,NULL,0,2,2,0,2, ,     ,0x000000011D7C27E1, , 
20043668,TAILIGHT COVER FOR 2 IN A ROW,SUB, , ,50,40968648,TAILIGHT COVER FOR 2 IN A ROW,1, , ,00:00.0,00:00.0,00:00.0,NULL,N,N,S,14.3,9.62219,24,0,N, ,10,0,Y,N,N,N,93.38355,0,0,0, ,0,0,4,3,0,Y,N,Y, ,N,0,0,1200,2,0,81.38,81.38,0,308.75,308.75,0,4.75,4.75,0,0,0,0,0,0,0,0, ,00:00.0,844, ,0, , ,     ,     ,  , , , , ,00:00.0,N,24,14.3,9.62219, , , , , , ,0,S,1,M, ,NULL,0,NULL,0,24,0,0,24, ,     ,0x000000011BBC900B, , 
20043705,4802  Steel Kit,SUB, , ,50,40946170,"STEEL KIT FOR ADG FLIP 49""",1,7778,BWS MACHINE SHOP,00:00.0,00:00.0,00:00.0,NULL,N,N,S,195,262.65991,1,0,P, ,0,0,Y,N,N,N,1223.7705,0,0,0, ,0,0,6,0,0,Y,N,Y, ,N,0,0,1200,2,0,0,0,0,0,0,0,0,0,0,0,0,0,0,0,0,0, ,00:00.0,1426, ,0, , ,     ,     ,  , , , , ,00:00.0,N,1,195,262.65991, , , , , , ,0,S,1,M, ,NULL,0,NULL,0,1,0,0,1, ,     ,0x000000011BBC902E, , 
20043652,GUAGE ENCLOSURE AIR RAMP,SUB, , ,50,40944762,GUAGE ENCLOSURE AIR RAMP,1, , ,00:00.0,00:00.0,00:00.0,00:00.0,Y,N,S,72.8,2.9068,20,20,N, ,9,0,Y,N,N,N,97.9353,0,0,0, ,0,0,6,5,0,Y,N,Y, ,N,1,0,1200,2,0,59.19,0,0,338.65,0,0,5.21,0,0,59.19,0,0,338.65,0,0,0, ,NULL,0, ,0, , ,     ,     ,  , , , , ,00:00.0,N,20,72.8,2.9068, , , , , , ,0,S,1,M, ,NULL,0,NULL,0,20,20,0,20, ,     ,0x000000011D7C1F92, , 
20043640,FOR W/O 20044046 GNK/TRLR 4672,SUB, , ,50,40992090,GNK TOWER ASSY,1, , ,00:00.0,00:00.0,00:00.0,NULL,N,N,S,1287,2790.01198,1,0,N, ,3,0,Y,N,N,N,9487.8105,0,0,0, ,0,0,7,4,0,Y,N,Y, ,N,0,0,1200,2,0,0,0,0,73.45,73.45,0,1.13,1.13,0,0,0,0,0,0,0,0, ,00:00.0,1500, ,0, , ,     ,     ,  , , , , ,00:00.0,N,1,1287,2790.01198, , , , , , ,0,S,1,M, ,NULL,0,NULL,0,1,0,0,1, ,     ,0x000000011D0C4F27, , 
20043512,4728  4666  Steel Kit,SUB, , ,50,40992566,"STEEL KIT FOR 25TT NTT 61""",1,7778,BWS MACHINE SHOP,00:00.0,00:00.0,00:00.0,NULL,N,N,S,237.25,302.20732,2,0,P, ,4,0,Y,N,N,N,1261.8165,0,0,0, ,0,0,6,4,0,Y,N,Y, ,N,0,0,1200,2,0,0,0,0,310.05,0,0,4.77,0,0,0,0,0,0,0,0,0, ,00:00.0,838, ,0, , ,     ,     ,  , , , , ,00:00.0,N,2,237.25,302.20732, , , , , , ,0,S,1,M, ,NULL,0,NULL,0,2,0,0,2, ,     ,0x000000011DD8C779, , 
20043566,4671,SUB, , ,50,40993630,SIDERAIL ASSEMBLY,1, , ,00:00.0,00:00.0,00:00.0,NULL,N,N,S,547.3,1678.34138,1,0,N, ,1,0,Y,N,N,N,6639.996,0,0,0, ,0,0,3,1,0,Y,N,Y, ,N,0,0,1200,2,0,0,0,0,6.5,6.5,0,0.1,0.1,0,0,0,0,0,0,0,0, ,NULL,0, ,0, , ,     ,     ,  , , , , ,00:00.0,N,1,547.3,1678.34138, , , , , , ,0,S,1,M, ,NULL,0,NULL,0,1,0,0,1, ,     ,0x000000011BBC8FA4, , 
20043555,CROSSMEMBER BOOMWELL,SUB, , ,50,40992279,CROSSMEMBER BOOMWELL,1, , ,00:00.0,00:00.0,00:00.0,NULL,N,N,S,81.25,51.91274,3,0,N, ,1,0,Y,N,N,N,299.99475,0,0,0, ,0,0,4,1,0,Y,N,Y, ,N,0,0,1200,2,0,0,0,0,4.55,4.55,0,0.07,0.07,0,0,0,0,0,0,0,0, ,NULL,0, ,0, , ,     ,     ,  , , , , ,00:00.0,N,3,81.25,51.91274, , , , , , ,0,S,1,M, ,NULL,0,NULL,0,3,0,0,3, ,     ,0x000000011BBC8F99, , 
20043289,4730,SUB, , ,50,40963593,"RAMP SET 6' X 38"" SELF CLEAN",1, , ,00:00.0,00:00.0,00:00.0,NULL,N,N,S,385.125,812.54844,1,0,N, ,3,0,Y,N,N,N,2875.576,0,0,0, ,0,0,5,3,0,Y,N,Y, ,N,0,0,1200,2,0,0,0,0,133.25,0,0,2.05,0,0,0,0,0,0,0,0,0, ,NULL,0, ,0, , ,     ,     ,  , , , , ,00:00.0,N,1,385.125,812.54844, , , , , , ,0,S,1,M, ,NULL,0,NULL,0,1,0,0,1, ,     ,0x000000011E2153CE, , 
20043503,4651  Beams,SUB, , ,50,40946597,BEAM ASSY 53' ET PAVER - 2012,1,7778,BWS MACHINE SHOP,00:00.0,00:00.0,00:00.0,00:00.0,Y,N,S,1651,2675.32738,1,1,P, ,39,0,Y,N,N,N,10753.299,0,0,0, ,0,0,7,6,0,Y,N,Y, ,N,1,0,1200,2,0,2738.06,1067.14,0,1245.4,193.7,0,19.16,2.98,0,2738.06,0,0,1245.4,0,0,0, ,00:00.0,1501, ,0, , ,     ,     ,  , , , , ,00:00.0,N,1,1651,2675.32738, , , , , , ,0,S,1,M, ,NULL,0,NULL,0,1,1,0,1, ,     ,0x000000011CB69426, , 
20043496,4739  Beams,SUB, , ,50,40953492,BEAM ASSY.8751LF4X5TNB TRI,1,7778,BWS MACHINE SHOP,00:00.0,00:00.0,00:00.0,NULL,N,N,S,2003.95,4133.26398,1,0,P, ,30,0,Y,N,N,N,13530.708,0,0,0, ,0,0,8,7,0,Y,N,Y, ,N,0,0,1200,2,0,4678.39,0,0,3138.85,0,0,48.29,0,0,0,0,0,0,0,0,0, ,00:00.0,1552, ,0, , ,     ,     ,  , , , , ,00:00.0,N,1,2003.95,4133.26398, , , , , , ,0,S,1,M, ,NULL,0,NULL,0,1,0,0,1, ,     ,0x000000011D7A611D, , 
20043266,BOX D S MIDWAY TURN LIGHT,SUB, , ,50,40950628,BOX D S MIDWAY TURN LIGHT,1, , ,00:00.0,00:00.0,00:00.0,00:00.0,Y,N,S,15.6,46.92941,1,1,N, ,4,0,Y,N,N,N,55.23,0,0,0, ,0,0,4,2,0,Y,N,Y, ,N,1,0,1200,2,0,45.08,45.08,0,143,143,0,2.2,2.2,0,45.08,45.08,0,143,143,0,0, ,NULL,0, ,0, , ,     ,     ,  , , , , ,00:00.0,N,1,15.6,46.92941, , , , , , ,0,S,1,M, ,NULL,0,NULL,0,1,1,0,1, ,     ,0x000000011BBC8E87, , 
20043267,BOX P S MIDWAY TURN LIGHT,SUB, , ,50,40950629,BOX P S MIDWAY TURN LIGHT,1, , ,00:00.0,00:00.0,00:00.0,00:00.0,Y,N,S,15.6,46.92941,1,1,N, ,3,0,Y,N,N,N,63.03,0,0,0, ,0,0,4,0,0,Y,N,Y, ,N,1,0,1200,2,0,45.08,45.08,0,0,0,0,0,0,0,45.08,45.08,0,0,0,0,0, ,NULL,0, ,0, , ,     ,     ,  , , , , ,00:00.0,N,1,15.6,46.92941, , , , , , ,0,S,1,M, ,NULL,0,NULL,0,1,1,0,1, ,     ,0x000000011BBC8E88, , 
20043213,4739,SUB, , ,50,40933333,COUPLER PLATE ASSY BOLT-IN,1, , ,00:00.0,00:00.0,00:00.0,NULL,N,N,S,83.85,619.87666,1,0,N, ,5,0,Y,N,N,N,1728.6705,0,0,0, ,0,0,3,2,0,Y,N,Y, ,N,0,0,1200,2,0,618.97,0,0,144.3,0,0,2.22,0,0,0,0,0,0,0,0,0, ,NULL,0, ,0, , ,     ,     ,  , , , , ,00:00.0,N,1,83.85,619.87666, , , , , , ,0,S,1,M, ,NULL,0,NULL,0,1,0,0,1, ,     ,0x000000011D799B31, , 
20043215,4685,SUB, , ,50,40935809,SIDERAIL PS ASSY 35ADG2X53AGNR,1, , ,00:00.0,00:00.0,00:00.0,NULL,N,N,S,341.25,518.34352,1,0,N, ,17,0,Y,N,N,N,2748.9765,0,0,0, ,0,0,3,2,0,Y,N,Y, ,N,0,0,1200,2,0,979.84,0,0,1875.25,7.8,0,28.85,0.12,0,0,0,0,0,0,0,0, ,NULL,0, ,0, , ,     ,     ,  , , , , ,00:00.0,N,1,341.25,518.34352, , , , , , ,0,S,1,M, ,NULL,0,NULL,0,1,0,0,1, ,     ,0x000000011E20EB53, , 
20043217,4685,SUB, , ,50,40935810,SIDERAIL DS ASSY 35ADG2X53AGNR,1, , ,00:00.0,00:00.0,00:00.0,00:00.0,Y,N,S,341.25,518.34352,1,1,N, ,22,0,Y,N,N,N,2903.124,0,0,0, ,0,0,3,1,0,Y,N,Y, ,N,1,0,1200,2,0,966.27,0,0,7.8,7.8,0,0.12,0.12,0,966.27,0,0,7.8,0,0,0, ,00:00.0,1504, ,0, , ,     ,     ,  , , , , ,00:00.0,N,1,341.25,518.34352, , , , , , ,0,S,1,M, ,NULL,0,NULL,0,1,1,0,1, ,     ,0x000000011CEDF6D5, , 
20043191,"KIT STEEL GNK 114""  22.5",SUB, , ,50,40946508,"KIT STEEL GNK 114""  22.5",1, , ,00:00.0,00:00.0,00:00.0,NULL,N,N,S,44.2,177.35621,1,0,N, ,2,0,Y,N,N,N,604.66875,0,0,0, ,0,0,5,2,0,Y,N,Y, ,N,0,0,1200,2,0,0,0,0,34.45,0,0,0.53,0,0,0,0,0,0,0,0,0, ,NULL,0, ,0, , ,     ,     ,  , , , , ,00:00.0,N,1,44.2,177.35621, , , , , , ,0,S,1,M, ,NULL,0,NULL,0,1,0,0,1, ,     ,0x000000011BFC4950, , 
10014371,SG WO 9187,TRA, , ,50,PONY 3X17-24824,38' PONY TRAILER FRAME 3X,3,1975,CASH ON DELIVERY,00:00.0,00:00.0,00:00.0,00:00.0,Y,N,S,4816.5,28387.56865,1,1,O, ,259,0,Y,N,N,N,26028,0,0,0, ,0,0,15,13,0,Y,N,Y, ,N,1,0,1200,0,0,30541.57,24647.73,0,7602.4,4990.7,0,116.96,76.78,0,30541.57,0,0,7602.4,0,0,0, ,00:00.0,943, ,0, , ,     ,     ,  , , , , ,00:00.0,N,1,4816.5,28387.56865, , , , , , ,0,S,1,M, ,NULL,0,NULL,0,1,1,0,1, ,     ,0x000000011C9753D7, , 
10014605,8730TT-ART-STAN,TRA, , ,50,30ART-114-25271,30 TON - 3 AXLE - 17.5 - 49 IN,3,3011,ATLANTIC POWERTRAIN & EQUIPMEN,00:00.0,00:00.0,00:00.0,00:00.0,Y,N,S,6964.75,23769.02124,1,1,O, ,253,0,Y,N,N,N,34407,0,0,0,512858,0,0,15,13,0,Y,N,Y, ,N,1,0,1200,0,1,23795.11,19010.9,0,7143.5,4180.15,0,109.9,64.31,0,23795.11,0,0,7143.5,0,0,0, ,00:00.0,1439, ,0, , ,     ,     ,  , , , , ,00:00.0,N,1,6964.75,23769.02124, , , , , , ,0,S,1,M, ,NULL,0,NULL,0,1,1,0,1, ,     ,0x000000011D33F641, , 
10014603,8725TT-ART-CAN,TRA, , ,50,25ART-102-25317,25 TON - 3 AXLE - 17.5 - 49 IN,3,3234,THE MCLEAN COMPANY,00:00.0,00:00.0,00:00.0,00:00.0,Y,N,S,8199.75,26718.8398,1,1,O, ,270,0,Y,N,N,N,43173.12,0,0,0,512856,0,0,15,13,0,Y,N,Y, ,N,1,0,1200,0,1,27393.92,24271.87,0,7914.4,4609.8,0,121.76,70.92,0,27393.92,0,0,7914.4,0,0,0, ,00:00.0,1406, ,0, , ,     ,     ,  , , , , ,00:00.0,N,1,8199.75,26718.8398, , , , , , ,0,S,1,M, ,NULL,0,NULL,0,1,1,0,1, ,     ,0x000000011CBA585E, , 
10014550,8725TT-NO-TILT,TRA, , ,50,25NTT-102-25172,"TRAILER 25 TON ""NTT"" STAND",3,3303,REMORQUE LEWIS,00:00.0,00:00.0,00:00.0,NULL,N,N,S,6818.5,19783.73964,1,0,O, ,204,0,Y,N,N,N,31241,0,0,0,512785,0,0,15,13,0,Y,N,Y, ,N,0,0,1200,0,1,21788.28,13792.7,0,6540.3,3203.85,0,100.62,49.29,0,0,0,0,0,0,0,0, ,00:00.0,1541, ,0, , ,     ,     ,  , , , , ,00:00.0,N,1,6818.5,19783.73964, , , , , , ,0,S,1,M, ,NULL,0,NULL,0,1,0,0,1, ,     ,0x000000011E21D8EE, , 
20043505,4685  Beams,SUB, , ,50,40952556,"BEAM ASSY 35ADG2X53 96""",1,7778,BWS MACHINE SHOP,00:00.0,00:00.0,00:00.0,NULL,N,N,S,1709.5,3608.67276,1,0,P, ,29,0,Y,N,N,N,14557.032,0,0,0, ,0,0,8,7,0,Y,N,Y, ,N,0,0,1200,2,0,4049.39,0,0,2255.5,0,0,34.7,0,0,0,0,0,0,0,0,0, ,00:00.0,1543, ,0, , ,     ,     ,  , , , , ,00:00.0,N,1,1709.5,3608.67276, , , , , , ,0,S,1,M, ,NULL,0,NULL,0,1,0,0,1, ,     ,0x000000011D7A6469, , 
20043691,4722  Steel Kit,SUB, , ,50,41000051,STEEL KIT FOR 25TT ANR,1,7778,BWS MACHINE SHOP,00:00.0,00:00.0,00:00.0,00:00.0,Y,N,S,139.75,106.69877,1,1,P, ,28,0,Y,N,N,N,0,0,0,0, ,0,0,5,4,0,Y,N,Y, ,N,1,0,1200,2,0,151.97,0,0,104.65,0,0,1.61,0,0,151.97,0,0,31.85,0,0,0, ,00:00.0,1048, ,0, , ,     ,     ,  , , , , ,00:00.0,N,1,139.75,106.69877, , , , , , ,0,S,1,M, ,NULL,0,NULL,0,1,1,0,1, ,     ,0x000000011DFC05E1, , 
20043687,4657  4658  Steel Kit,SUB, , ,50,40939490,KIT STEEL,1,7778,BWS MACHINE SHOP,00:00.0,00:00.0,00:00.0,NULL,N,N,S,136.5,605.31444,2,0,P, ,0,0,Y,N,N,N,0,0,0,0, ,0,0,6,0,0,Y,N,Y, ,N,0,0,1200,2,0,0,0,0,0,0,0,0,0,0,0,0,0,0,0,0,0, ,00:00.0,1547, ,0, , ,     ,     ,  , , , , ,00:00.0,N,2,136.5,605.31444, , , , , , ,0,S,1,M, ,NULL,0,NULL,0,2,0,0,2, ,     ,0x000000011BBC901E, , 
20043777,"SLIDING RAMP HOIST 2 BAG 44""",SUB, , ,50,40948544,"SLIDING RAMP HOIST 2 BAG 44""",1, , ,00:00.0,00:00.0,00:00.0,NULL,N,N,S,146.25,603.23021,1,0,N, ,1,0,Y,N,N,N,1926.8055,0,0,0, ,0,0,3,1,0,Y,N,Y, ,N,0,0,1200,2,0,0,0,0,42.25,0,0,0.65,0,0,0,0,0,0,0,0,0, ,NULL,0, ,0, , ,     ,     ,  , , , , ,00:00.0,N,1,146.25,603.23021, , , , , , ,0,S,1,M, ,NULL,0,NULL,0,1,0,0,1, ,     ,0x000000011CD958A9, , 
20043897,4739,SUB, , ,50,40994655,BOTTOM WRAP,1, , ,00:00.0,00:00.0,00:00.0,NULL,N,N,S,39,92.57354,2,0,N, ,2,0,Y,N,N,N,0,0,0,0, ,0,0,2,1,0,Y,N,Y, ,N,0,0,1200,2,0,0,0,0,148.2,0,0,2.28,0,0,0,0,0,0,0,0,0, ,NULL,0, ,0, , ,     ,     ,  , , , , ,00:00.0,N,2,39,92.57354, , , , , , ,0,S,1,M, ,NULL,0,NULL,0,2,0,0,2, ,     ,0x000000011D9C5436, , 
20043868,4725,SUB, , ,50,40970176,"RAMP SET 8' X 45""  PLANKED C/W EXTENSIONS",1, , ,00:00.0,00:00.0,00:00.0,NULL,N,N,S,682.5,940.47586,1,0,N, ,2,0,Y,N,N,N,3643.7315,0,0,0, ,0,0,6,1,0,Y,N,Y, ,N,0,0,1200,2,0,0,0,0,73.45,0,0,1.13,0,0,0,0,0,0,0,0,0, ,NULL,0, ,0, , ,     ,     ,  , , , , ,00:00.0,N,1,682.5,940.47586, , , , , , ,0,S,1,M, ,NULL,0,NULL,0,1,0,0,1, ,     ,0x000000011E4195C6, , 
20043849,4725,SUB, , ,50,40963626,"RAMP SET 8' X 45""  PLANKED",1, , ,00:00.0,00:00.0,00:00.0,NULL,N,N,S,471.25,860.44372,1,0,N, ,0,0,Y,N,N,N,3098.9645,0,0,0, ,0,0,6,0,0,Y,N,Y, ,N,0,0,1200,2,0,0,0,0,0,0,0,0,0,0,0,0,0,0,0,0,0, ,NULL,0, ,0, , ,     ,     ,  , , , , ,00:00.0,N,1,471.25,860.44372, , , , , , ,0,S,1,M, ,NULL,0,NULL,0,1,0,0,1, ,     ,0x000000011BBC90B9, , 
20043837,BRACKET;; ALUM. MUD FLAP,SUB, , ,50,40900492,BRACKET;; ALUM. MUD FLAP,4, , ,00:00.0,00:00.0,00:00.0,00:00.0,Y,N,S,1.95,1.37236,150,150,N, ,3,0,Y,N,N,N,4.35828,0,0,0, ,0,0,3,2,0,Y,N,Y, ,N,1,0,1200,2,0,206.86,0,0,125.45,0,0,1.93,0,0,206.86,0,0,125.45,0,0,0, ,NULL,0, ,0, , ,     ,     ,  , , , , ,00:00.0,N,150,1.95,1.37236, , , , , , ,0,S,1,M, ,NULL,0,NULL,0,150,150,0,150, ,     ,0x000000011DFBFB29, , 
20043960,"BUMPER 102"" ART & ET NEW",SUB, , ,50,40963615,"BUMPER 102"" ART & ET NEW",1, , ,00:00.0,00:00.0,00:00.0,NULL,N,N,S,47.45,315.19695,10,0,N, ,9,0,Y,N,N,N,909.5442,0,0,0, ,0,0,2,1,0,Y,N,Y, ,N,0,0,1200,2,0,3274.59,0,0,493.35,0,0,7.59,0,0,0,0,0,0,0,0,0, ,NULL,0, ,0, , ,     ,     ,  , , , , ,00:00.0,N,10,47.45,315.19695, , , , , , ,0,S,1,M, ,NULL,0,NULL,0,10,0,0,10, ,     ,0x000000011DFB91B2, , 
20043939,EXTREMITY LIGHT SWING OUT SET,SUB, , ,50,40951541,EXTREMITY LIGHT SWING OUT SET,4, , ,00:00.0,00:00.0,00:00.0,NULL,N,N,S,72.15,65.28346,5,0,N, ,12,0,Y,N,N,N,361.4523,0,0,0, ,0,0,6,4,0,Y,N,Y, ,N,0,0,1200,2,0,118.62,0,0,354.25,0,0,5.45,0,0,0,0,0,0,0,0,0, ,NULL,0, ,0, , ,     ,     ,  , , , , ,00:00.0,N,5,72.15,65.28346, , , , , , ,0,S,1,M, ,NULL,0,NULL,0,5,0,0,5, ,     ,0x000000011E227AE6, , 
70002579,FIFTH WHEEL PLATE ASSY,PAR, , ,50,TR-UC15-G0-A001,FIFTH WHEEL PLATE ASSY,1, , ,00:00.0,00:00.0,00:00.0,NULL,N,N,S,325,783.88898,4,0,N, ,0,0,Y,N,N,N,2599.2915,0,0,0, ,0,0,2,0,0,Y,N,Y, ,N,0,0,1200,2,0,0,0,0,0,0,0,0,0,0,0,0,0,0,0,0,0, ,NULL,0, ,0, , ,     ,     ,  , , , , ,00:00.0,N,4,325,783.88898, , , , , , ,0,S,1,M, ,NULL,0,NULL,0,4,0,0,4, ,     ,0x000000011C7507E2, , 
20044222,"SLIDING RAMP HOIST GALV. 1 BAG 44""",SUB, , ,50,40970614,"SLIDING RAMP HOIST GALV. 1 BAG 44""",1, , ,00:00.0,00:00.0,00:00.0,NULL,N,N,S,292.5,178.64731,2,0,N, ,5,0,Y,N,N,N,0,0,0,0, ,0,0,6,4,0,Y,N,Y, ,N,0,0,1200,2,0,0,0,0,280.8,0,0,4.32,0,0,0,0,0,0,0,0,0, ,00:00.0,723, ,0, , ,     ,     ,  , , , , ,00:00.0,N,2,292.5,178.64731, , , , , , ,0,S,1,M, ,NULL,0,NULL,0,2,0,0,2, ,     ,0x000000011D562CD3, , 
20044224,4762,SUB, , ,50,40971510,GUSSET MAIN FRAME,1, , ,00:00.0,00:00.0,00:00.0,00:00.0,Y,N,S,5.2,9.01894,4,4,N, ,4,0,Y,N,N,N,0,0,0,0, ,0,0,3,1,0,Y,N,Y, ,N,1,0,1200,2,0,41.38,0,0,21.45,0,0,0.33,0,0,41.38,0,0,21.45,0,0,0, ,00:00.0,1036, ,0, , ,     ,     ,  , , , , ,00:00.0,N,4,5.2,9.01894, , , , , , ,0,S,1,M, ,NULL,0,NULL,0,4,4,0,4, ,     ,0x000000011DFC08E7, , 
20044029,4816,SUB, , ,50,40939408,GOOSENECK ASM,1, , ,00:00.0,00:00.0,00:00.0,NULL,N,N,S,523.25,2339.67988,1,0,N, ,0,0,Y,N,N,N,6564.516,0,0,0, ,0,0,2,0,0,Y,N,Y, ,N,0,0,1200,2,0,0,0,0,0,0,0,0,0,0,0,0,0,0,0,0,0, ,NULL,0, ,0, , ,     ,     ,  , , , , ,00:00.0,N,1,523.25,2339.67988, , , , , , ,0,S,1,M, ,NULL,0,NULL,0,1,0,0,1, ,     ,0x000000011BBC9168, , 
20043944,PLATE 1/4X6-1/2X6-1/2=0.29,SUB, , ,50,40959096,PLATE 1/4X6-1/2X6-1/2=0.29,1, , ,00:00.0,00:00.0,00:00.0,NULL,N,N,S,0.975,2.31115,40,0,N, ,0,0,Y,N,N,N,9.12581,0,0,0, ,0,0,2,0,0,Y,N,Y, ,N,0,0,1200,2,0,0,0,0,0,0,0,0,0,0,0,0,0,0,0,0,0, ,NULL,0, ,0, , ,     ,     ,  , , , , ,00:00.0,N,40,0.975,2.31115, , , , , , ,0,S,1,M, ,NULL,0,NULL,0,40,0,0,40, ,     ,0x000000011BBC9116, , 
20044036,4685,SUB, , ,50,40952323,"GNK;; 35ADG 48"" HT 79"" SWING",1, , ,00:00.0,00:00.0,00:00.0,NULL,N,N,S,1235,5979.95094,1,0,N, ,57,0,Y,N,N,N,18664.2915,0,0,0, ,0,0,2,1,0,Y,N,Y, ,N,0,0,1200,2,0,2854.7,0,0,1680.9,0,0,25.86,0,0,0,0,0,0,0,0,0, ,NULL,0, ,0, , ,     ,     ,  , , , , ,00:00.0,N,1,1235,5979.95094, , , , , , ,0,S,1,M, ,NULL,0,NULL,0,1,0,0,1, ,     ,0x000000011E216ECC, , 
70002325,PONY TOP HOIST PIN MOUNT,PAR, , ,50,PY-THP-001,PONY TOP HOIST PIN MOUNT,1, , ,00:00.0,00:00.0,00:00.0,NULL,N,N,S,65,115.23677,10,0,N, ,0,0,Y,N,N,N,436.89451,0,0,0, ,0,0,3,0,0,Y,N,Y, ,N,0,0,1200,2,0,0,0,0,0,0,0,0,0,0,0,0,0,0,0,0,0, ,NULL,0, ,0, , ,     ,     ,  , , , , ,00:00.0,N,10,65,115.23677, , , , , , ,0,S,1,M, ,NULL,0,NULL,0,10,0,0,10, ,     ,0x000000011BBCA93E, , 
70002257,17FT PONY BOX FLOOR 3/8IN,PAR, , ,50,PF9193,17FT PONY BOX FLOOR 3/8IN,1,3384,STARGATE MFG LTD,00:00.0,00:00.0,00:00.0,NULL,N,N,S,1235,4791.55669,1,0,O, ,0,0,Y,N,N,N,0,0,0,0,109619,0,0,3,0,0,Y,N,Y, ,N,0,0,1200,2,1,0,0,0,0,0,0,0,0,0,0,0,0,0,0,0,0, ,00:00.0,1119, ,0, , ,     ,     ,  , , , , ,00:00.0,N,1,1235,4791.55669, , , , , , ,0,S,1,M, ,NULL,0,NULL,0,1,0,0,1, ,     ,0x000000011BBCA8FA, , 
20044297,4665  Steel Kit,SUB, , ,50,40992566,"STEEL KIT FOR 25TT NTT 61""",1,7778,BWS MACHINE SHOP,00:00.0,00:00.0,00:00.0,00:00.0,Y,N,S,237.25,322.19232,1,1,P, ,63,0,Y,N,N,N,1261.8165,0,0,0, ,0,0,6,4,0,Y,N,Y, ,N,1,0,1200,2,0,372.87,0,0,180.05,0,0,2.77,0,0,372.87,0,0,180.05,0,0,0, ,00:00.0,1117, ,0, , ,     ,     ,  , , , , ,00:00.0,N,1,237.25,322.19232, , , , , , ,0,S,1,M, ,NULL,0,NULL,0,1,1,0,1, ,     ,0x000000011DFBF47E, , 
30001662,CLAIM #6699 - PAINT ISSUE,WAR, , ,50,#0999998,Warranty Parts & Labour,**,9999,WARRANTY,00:00.0,00:00.0,00:00.0,NULL,N,N,M,0,0,1,0, , ,1,0,N,N,N,N,0,0,0,0, ,0,0,1,0,0,Y,N,Y, ,N,0,0,1200,6,0,4947.55,0,0,0,0,0,0,0,0,0,0,0,0,0,0,0, ,00:00.0,1506, ,0, , ,     ,     ,  , , , , ,00:00.0,N,1,0,0, , , , , , ,0,S,1,M, ,NULL,0,NULL,0,1,0,0,1, ,     ,0x000000011CEDC59C, , 
70002493,"TUBE MT 3X2X1/2 X 62""",PAR, , ,50,TR-AFR-P020,"TUBE MT 3X2X1/2 X 62""",1,7778,BWS MACHINE SHOP,00:00.0,00:00.0,00:00.0,NULL,N,N,D,9.75,162.50291,14,0,P, ,1,0,Y,N,N,N,326.4,0,0,0, ,0,0,2,1,0,Y,N,Y, ,N,0,0,1200,2,0,0,0,0,151.45,0,0,2.33,0,0,0,0,0,0,0,0,0, ,00:00.0,1138, ,0, , ,     ,     ,  , , , , ,00:00.0,N,14,9.75,162.50291, , , , , , ,0,S,1,M, ,NULL,0,NULL,0,14,0,0,14, ,     ,0x000000011C5405AD, , 
70002466,BEAM ASSY PONY 3X,PAR, , ,50,PY-FR-A001,BEAM ASSY PONY 3X,1,7778,BWS MACHINE SHOP,00:00.0,00:00.0,00:00.0,NULL,N,N,S,1950,3114.64336,1,0,P, ,18,0,Y,N,N,N,11827.512,0,0,0, ,0,0,8,7,0,Y,N,Y, ,N,0,0,1200,2,0,1920,0,0,1258.4,0,0,19.36,0,0,0,0,0,0,0,0,0, ,00:00.0,1544, ,0, , ,     ,     ,  , , , , ,00:00.0,N,1,1950,3114.64336, , , , , , ,0,S,1,M, ,NULL,0,NULL,0,1,0,0,1, ,     ,0x000000011DADFC51, , 
70002461,"FLAT BAR 3/8 X 5 X 98-11/16""",PAR, , ,50,PY-FR-P013,"FLAT BAR 3/8 X 5 X 98-11/16""",1, , ,00:00.0,00:00.0,00:00.0,NULL,N,N,S,14.95,32.46887,6,0,N, ,0,0,Y,N,N,N,138.93675,0,0,0, ,0,0,4,0,0,Y,N,Y, ,N,0,0,1200,2,0,0,0,0,0,0,0,0,0,0,0,0,0,0,0,0,0, ,NULL,0, ,0, , ,     ,     ,  , , , , ,00:00.0,N,6,14.95,32.46887, , , , , , ,0,S,1,M, ,NULL,0,NULL,0,6,0,0,6, ,     ,0x000000011BBCA9C0, , 
70002494,"1"" SCH 80 X 180""  THREADED HYD PIPE",PAR, , ,50,25110006,"1"" SCH 80 X 180""  THREADED HYD PIPE",1, , ,00:00.0,00:00.0,00:00.0,00:00.0,Y,N,S,29.25,32.47319,10,10,N, ,6,0,Y,N,N,N,157.75575,0,0,0, ,0,0,3,2,0,Y,N,Y, ,N,1,0,1200,2,0,311.2,0,0,360.75,0,0,5.55,0,0,311.2,0,0,360.75,0,0,0, ,00:00.0,1104, ,0, , ,     ,     ,  , , , , ,00:00.0,N,10,29.25,32.47319, , , , , , ,0,S,1,M, ,NULL,0,NULL,0,10,10,0,10, ,     ,0x000000011DFC0030, , 
70002507,"FLAT BAR 3/8 X 5 X 94-1/2""",PAR, , ,50,PY-FR-P011,"FLAT BAR 3/8 X 5 X 94-1/2""",1, , ,00:00.0,00:00.0,00:00.0,00:00.0,Y,N,S,14.95,31.81282,8,8,N, ,6,0,Y,N,N,N,254.6532,0,0,0, ,0,0,4,3,0,Y,N,Y, ,N,1,0,1200,2,0,263.64,0,0,248.3,0,0,3.82,0,0,263.64,0,0,248.3,0,0,0, ,00:00.0,1112, ,0, , ,     ,     ,  , , , , ,00:00.0,N,8,14.95,31.81282, , , , , , ,0,S,1,M, ,NULL,0,NULL,0,8,8,0,8, ,     ,0x000000011DFBF7A0, , 
70002513,ANGLE 2X2X1/4 X 5',PAR, , ,50,PY-FR-P074,ANGLE 2X2X1/4 X 5',1, , ,00:00.0,00:00.0,00:00.0,00:00.0,Y,N,S,3.25,0.84436,28,28,N, ,2,0,Y,N,N,N,6.87098,0,0,0, ,0,0,2,1,0,Y,N,Y, ,N,1,0,1200,2,0,23.65,0,0,107.25,0,0,1.65,0,0,23.65,0,0,107.25,0,0,0, ,00:00.0,1451, ,0, , ,     ,     ,  , , , , ,00:00.0,N,28,3.25,0.84436, , , , , , ,0,S,1,M, ,NULL,0,NULL,0,28,28,0,28, ,     ,0x000000011CEE0016, , 
30001663,CLAIM #6700 - ABS SENSOR,WAR, , ,50,#0999998,Warranty Parts & Labour,**,9999,WARRANTY,00:00.0,00:00.0,00:00.0,NULL,N,N,M,0,0,1,0, , ,1,0,N,N,N,N,0,0,0,0, ,0,0,1,0,0,Y,N,Y, ,N,0,0,1200,6,0,278.38,0,0,0,0,0,0,0,0,0,0,0,0,0,0,0, ,00:00.0,810, ,0, , ,     ,     ,  , , , , ,00:00.0,N,1,0,0, , , , , , ,0,S,1,M, ,NULL,0,NULL,0,1,0,0,1, ,     ,0x000000011D0BD3EB, , 
30001664,CLAIM #6618 - SHIMMY SHOCKS,WAR, , ,50,#0999998,Warranty Parts & Labour,**,9999,WARRANTY,00:00.0,00:00.0,00:00.0,00:00.0,Y,N,M,0,0,1,1, , ,2,0,N,N,N,N,0,0,0,0, ,0,0,1,0,0,Y,N,Y, ,N,2,0,1200,6,0,396.08,0,0,0,0,0,0,0,0,396.08,0,0,0,0,0,0, ,00:00.0,823, ,0, , ,     ,     ,  , , , , ,00:00.0,N,1,0,0, , , , , , ,0,S,1,M, ,NULL,0,NULL,0,1,1,0,1, ,     ,0x000000011D0C03E9, , 
20044037,4686,SUB, , ,50,40952323,"GNK;; 35ADG 48"" HT 79"" SWING",1, , ,00:00.0,00:00.0,00:00.0,NULL,N,N,S,1235,5979.95094,1,0,N, ,35,0,Y,N,N,N,18664.2915,0,0,0, ,0,0,2,1,0,Y,N,Y, ,N,0,0,1200,2,0,758.46,0,0,891.8,0,0,13.72,0,0,0,0,0,0,0,0,0, ,NULL,0, ,0, , ,     ,     ,  , , , , ,00:00.0,N,1,1235,5979.95094, , , , , , ,0,S,1,M, ,NULL,0,NULL,0,1,0,0,1, ,     ,0x000000011E230E0F, , 
20044039,4658,SUB, , ,50,40961170,GOOSENECK FOR 42'48'53' ET,1, , ,00:00.0,00:00.0,00:00.0,NULL,N,N,S,483.6,2166.90521,1,0,N, ,11,0,Y,N,N,N,7133.319,0,0,0, ,0,0,2,1,0,Y,N,Y, ,N,0,0,1200,2,0,37.79,0,0,789.75,0,0,12.15,0,0,0,0,0,0,0,0,0, ,NULL,0, ,0, , ,     ,     ,  , , , , ,00:00.0,N,1,483.6,2166.90521, , , , , , ,0,S,1,M, ,NULL,0,NULL,0,1,0,0,1, ,     ,0x000000011E21A611, , 
20044053,"KIT STEEL GNK 114""  22.5",SUB, , ,50,40940192,"KIT STEEL GNK 114""  22.5",1, , ,00:00.0,00:00.0,00:00.0,NULL,N,N,S,58.5,219.45977,1,0,N, ,0,0,Y,N,N,N,0,0,0,0, ,0,0,4,0,0,Y,N,Y, ,N,0,0,1200,2,0,0,0,0,0,0,0,0,0,0,0,0,0,0,0,0,0, ,NULL,0, ,0, , ,     ,     ,  , , , , ,00:00.0,N,1,58.5,219.45977, , , , , , ,0,S,1,M, ,NULL,0,NULL,0,1,0,0,1, ,     ,0x000000011BBC9180, , 
20044054,4766 GNK,SUB, , ,50,40940194,"BEAM ASS. PV GNK114""-18""KP",1, , ,00:00.0,00:00.0,00:00.0,NULL,N,N,S,442.65,380.23558,1,0,N, ,6,0,Y,N,N,N,0,0,0,0, ,0,0,5,2,0,Y,N,Y, ,N,0,0,1200,2,0,363.34,0,0,356.2,0,0,5.48,0,0,0,0,0,0,0,0,0, ,NULL,0, ,0, , ,     ,     ,  , , , , ,00:00.0,N,1,442.65,380.23558, , , , , , ,0,S,1,M, ,NULL,0,NULL,0,1,0,0,1, ,     ,0x000000011DFCCEF9, , 
70002551,LEFT PIVOT ASSY,PAR, , ,50,TR-AFR-A004,LEFT PIVOT ASSY,1, , ,00:00.0,00:00.0,00:00.0,NULL,N,N,S,52,98.63721,15,0,N, ,2,0,Y,N,N,N,379.9908,0,0,0, ,0,0,4,2,0,Y,N,Y, ,N,0,0,1200,2,0,0,0,0,31.85,0,0,0.49,0,0,0,0,0,0,0,0,0, ,NULL,0, ,0, , ,     ,     ,  , , , , ,00:00.0,N,15,52,98.63721, , , , , , ,0,S,1,M, ,NULL,0,NULL,0,15,0,0,15, ,     ,0x000000011D311E7F, , 
70002617,4374 4375 4376,PAR, , ,50,LB-FL-P026,BOTTOM FLOOR X-MEMBER,1,7778,BWS MACHINE SHOP,00:00.0,00:00.0,00:00.0,00:00.0,Y,N,D,22.75,40.31908,18,18,P, ,3,0,Y,N,N,N,0,0,0,0, ,0,0,3,2,0,Y,N,Y, ,N,1,0,1200,2,0,725.76,0,0,354.25,0,0,5.45,0,0,725.76,0,0,354.25,0,0,0, ,00:00.0,1119, ,0, , ,     ,     ,  , , , , ,00:00.0,N,18,22.75,40.31908, , , , , , ,0,S,1,M, ,NULL,0,NULL,0,18,18,0,18, ,     ,0x000000011DB1F923, , 
70002620,RIDE HEIGHT BRACKET,PAR, , ,50,TR-AFR-P033,RIDE HEIGHT BRACKET,1,7778,BWS MACHINE SHOP,00:00.0,00:00.0,00:00.0,00:00.0,Y,N,D,5.85,0.41633,30,30,P, ,4,0,Y,N,N,N,0,0,0,0, ,0,0,3,2,0,Y,N,Y, ,N,1,0,1200,2,0,13.26,0,0,120.25,0,0,1.85,0,0,13.26,0,0,120.25,0,0,0, ,00:00.0,1458, ,0, , ,     ,     ,  , , , , ,00:00.0,N,30,5.85,0.41633, , , , , , ,0,S,1,M, ,NULL,0,NULL,0,30,30,0,30, ,     ,0x000000011CEDFB8D, , 
70002647,"21'-6"" T-BOX FLOOR",PAR, , ,50,TF1223,"21'-6"" T-BOX FLOOR",1,3384,STARGATE MFG LTD,00:00.0,00:00.0,00:00.0,NULL,N,N,S,1235,4950.1195,1,0,O, ,0,0,N,N,N,N,0,0,0,0,109926,0,0,3,0,0,Y,N,Y, ,N,0,0,1200,2,1,0,0,0,0,0,0,0,0,0,0,0,0,0,0,0,0, ,00:00.0,742, ,0, , ,     ,     ,  , , , , ,00:00.0,N,1,1235,4950.1195, , , , , , ,0,S,1,M, ,NULL,0,NULL,0,1,0,0,1, ,     ,0x000000011D77FCEF, , 
20043940,GUSSET LANDING GEAR,SUB, , ,50,40955853,GUSSET LANDING GEAR,1, , ,00:00.0,00:00.0,00:00.0,NULL,N,N,S,1.95,2.47054,100,0,N, ,1,0,Y,N,N,N,13.35945,0,0,0, ,0,0,2,1,0,Y,N,Y, ,N,0,0,1200,2,0,0,0,0,82.55,0,0,1.27,0,0,0,0,0,0,0,0,0, ,00:00.0,1523, ,0, , ,     ,     ,  , , , , ,00:00.0,N,100,1.95,2.47054, , , , , , ,0,S,1,M, ,NULL,0,NULL,0,100,0,0,100, ,     ,0x000000011E40E6ED, , 
20043911,COUPLER PLATE ASS'Y,SUB, , ,50,40940207,COUPLER PLATE ASS'Y,1, , ,00:00.0,00:00.0,00:00.0,NULL,N,N,S,48.1,375.17937,1,0,N, ,4,0,Y,N,N,N,0,0,0,0, ,0,0,5,4,0,Y,N,Y, ,N,0,0,1200,2,0,0,0,0,100.1,0,0,1.54,0,0,0,0,0,0,0,0,0, ,NULL,0, ,0, , ,     ,     ,  , , , , ,00:00.0,N,1,48.1,375.17937, , , , , , ,0,S,1,M, ,NULL,0,NULL,0,1,0,0,1, ,     ,0x000000011DFEA670, , 
20043923,"FLAT BAR 1/4 X 2 X 4-1/2""",SUB, , ,50,40946374,"FLAT BAR 1/4 X 2 X 4-1/2""",1, , ,00:00.0,00:00.0,00:00.0,NULL,N,N,S,5.2,0.38579,40,0,N, ,1,0,Y,N,N,N,7.02334,0,0,0, ,0,0,3,1,0,Y,N,Y, ,N,0,0,1200,2,0,0,0,0,19.5,0,0,0.3,0,0,0,0,0,0,0,0,0, ,NULL,0, ,0, , ,     ,     ,  , , , , ,00:00.0,N,40,5.2,0.38579, , , , , , ,0,S,1,M, ,NULL,0,NULL,0,40,0,0,40, ,     ,0x000000011C97F687, , 
20043815,PLATE 1/4X101-1/2X25-29/32=18,SUB, , ,50,40959094,PLATE 1/4X101-1/2X25-29/32=18,1, , ,00:00.0,00:00.0,00:00.0,NULL,N,N,S,32.5,145.52263,10,0,N, ,0,0,Y,N,N,N,345.52074,0,0,0, ,0,0,3,0,0,Y,N,Y, ,N,0,0,1200,2,0,0,0,0,0,0,0,0,0,0,0,0,0,0,0,0,0, ,NULL,0, ,0, , ,     ,     ,  , , , , ,00:00.0,N,10,32.5,145.52263, , , , , , ,0,S,1,M, ,NULL,0,NULL,0,10,0,0,10, ,     ,0x000000011BBC9098, , 
20043832,INSTALL KIT,SUB, , ,50,87TTB007-A,INSTALL KIT,1, , ,00:00.0,00:00.0,00:00.0,00:00.0,Y,N,S,35.1,72.42527,20,20,N, ,15,0,Y,N,N,N,273.91845,0,0,0, ,0,0,3,2,0,Y,N,Y, ,N,1,0,1200,0,0,1466.98,0,0,453.7,0,0,6.98,0,0,1466.98,0,0,453.7,0,0,0, ,00:00.0,1047, ,0, , ,     ,     ,  , , , , ,00:00.0,N,20,35.1,72.42527, , , , , , ,0,S,1,M, ,NULL,0,NULL,0,20,20,0,20, ,     ,0x000000011DFC051B, , 
20043836,"BRACKET 8-1/8 "" AIR TANK",SUB, , ,50,40900474,"BRACKET 8-1/8 "" AIR TANK",1, , ,00:00.0,00:00.0,00:00.0,00:00.0,Y,N,S,1.95,1.47256,87,87,N, ,4,0,Y,N,N,N,7.67637,0,0,0, ,0,0,2,1,0,Y,N,Y, ,N,1,0,1200,2,0,122.38,0,0,79.95,0,0,1.23,0,0,122.38,0,0,79.95,0,0,0, ,00:00.0,1130, ,0, , ,     ,     ,  , , , , ,00:00.0,N,87,1.95,1.47256, , , , , , ,0,S,1,M, ,NULL,0,NULL,0,87,87,0,87, ,     ,0x000000011D33FAED, , 
20043890,4711,SUB, , ,50,40993200,ALUMINUM TOOLBOX GNK COVER,1, , ,00:00.0,00:00.0,00:00.0,NULL,N,N,S,63.7,17.35029,1,0,N, ,2,0,Y,N,N,N,210.8085,0,0,0, ,0,0,4,2,0,Y,N,Y, ,N,0,0,1200,2,0,0,0,0,45.5,0,0,0.7,0,0,0,0,0,0,0,0,0, ,NULL,0, ,0, , ,     ,     ,  , , , , ,00:00.0,N,1,63.7,17.35029, , , , , , ,0,S,1,M, ,NULL,0,NULL,0,1,0,0,1, ,     ,0x000000011E20CC9C, , 
20043699,4725  Steel Kit,SUB, , ,50,41000084,"STEEL KIT 30TT ART 61""",1,7778,BWS MACHINE SHOP,00:00.0,00:00.0,00:00.0,NULL,N,N,S,204.75,215.52804,1,0,P, ,5,0,Y,N,N,N,0,0,0,0, ,0,0,6,4,0,Y,N,Y, ,N,0,0,1200,2,0,0,0,0,117,0,0,1.8,0,0,0,0,0,0,0,0,0, ,00:00.0,1021, ,0, , ,     ,     ,  , , , , ,00:00.0,N,1,204.75,215.52804, , , , , , ,0,S,1,M, ,NULL,0,NULL,0,1,0,0,1, ,     ,0x000000011DFD4C60, , 
20043673,TOWER X-MEMBER ASSY,SUB, , ,50,40993488,TOWER X-MEMBER ASSY,1, , ,00:00.0,00:00.0,00:00.0,00:00.0,Y,N,S,130,274.85,1,1,N, ,11,0,Y,N,N,N,1038.9975,0,0,0, ,0,0,3,2,0,Y,N,Y, ,N,1,0,1200,2,0,322.34,0,0,145.6,0,0,2.24,0,0,322.34,0,0,145.6,0,0,0, ,00:00.0,1312, ,0, , ,     ,     ,  , , , , ,00:00.0,N,1,130,274.85, , , , , , ,0,S,1,M, ,NULL,0,NULL,0,1,1,0,1, ,     ,0x000000011DB1FC3A, , 
20043509,4622  Beams,SUB, , ,50,40937161,"BEAM ASSY 53ET3X - 72""",1,7778,BWS MACHINE SHOP,00:00.0,00:00.0,00:00.0,NULL,N,N,S,1781,2353.65152,1,0,P, ,19,0,Y,N,N,N,12716.646,0,0,0, ,0,0,7,6,0,Y,N,Y, ,N,0,0,1200,2,0,2419.73,0,0,1019.85,0,0,15.69,0,0,0,0,0,0,0,0,0, ,00:00.0,1027, ,0, , ,     ,     ,  , , , , ,00:00.0,N,1,1781,2353.65152, , , , , , ,0,S,1,M, ,NULL,0,NULL,0,1,0,0,1, ,     ,0x000000011D791C76, , 
20043524,"SLIDING RAMP HOIST 1 BAG 44""",SUB, , ,50,40948549,"SLIDING RAMP HOIST 1 BAG 44""",1, , ,00:00.0,00:00.0,00:00.0,NULL,N,N,S,130,373.16037,5,0,N, ,14,0,Y,N,N,N,1259.7051,0,0,0, ,0,0,3,2,0,Y,N,Y, ,N,0,0,1200,2,0,1251.93,0,0,380.9,0,0,5.86,0,0,0,0,0,0,0,0,0, ,NULL,0, ,0, , ,     ,     ,  , , , , ,00:00.0,N,5,130,373.16037, , , , , , ,0,S,1,M, ,NULL,0,NULL,0,5,0,0,5, ,     ,0x000000011E23186E, , 
20043362,"KIT STEEL ""ET"" GOOSENECK",SUB, , ,50,40989475,"KIT STEEL ""ET"" GOOSENECK",1, , ,00:00.0,00:00.0,00:00.0,00:00.0,Y,N,S,97.5,149.84412,2,2,N, ,15,0,Y,N,N,N,476.7735,0,0,0, ,0,0,4,3,0,Y,N,Y, ,N,1,0,1200,2,0,341.95,341.95,0,155.35,155.35,0,2.39,2.39,0,341.95,341.95,0,155.35,155.35,0,0, ,00:00.0,1351, ,0, , ,     ,     ,  , , , , ,00:00.0,N,2,97.5,149.84412, , , , , , ,0,S,1,M, ,NULL,0,NULL,0,2,2,0,2, ,     ,0x000000011BBC8EDD, , 
20043295,RAMP 5 FT BEAVERTAIL SELFCLEAN,SUB, , ,50,40963708,RAMP 5 FT BEAVERTAIL SELFCLEAN,1, , ,00:00.0,00:00.0,00:00.0,00:00.0,Y,N,S,81.25,82.51968,2,2,N, ,9,0,Y,N,N,N,403.32075,0,0,0, ,0,0,3,2,0,Y,N,Y, ,N,1,0,1200,2,0,173.06,173.06,0,302.9,302.9,0,4.66,4.66,0,173.06,173.06,0,302.9,302.9,0,0, ,NULL,0, ,0, , ,     ,     ,  , , , , ,00:00.0,N,2,81.25,82.51968, , , , , , ,0,S,1,M, ,NULL,0,NULL,0,2,2,0,2, ,     ,0x000000011BBC8E9F, , 
10014373,SG WO 9183,TRA, , ,50,PONY 3X17-24826,38' PONY TRAILER FRAME 3X,3,1975,CASH ON DELIVERY,00:00.0,00:00.0,00:00.0,00:00.0,Y,N,S,4816.5,28387.56865,1,1,O, ,250,0,Y,N,N,N,26028,0,0,0, ,0,0,15,13,0,Y,N,Y, ,N,4,0,1200,0,0,29773.61,29773.61,15671.89,7337.2,7337.2,139.75,112.88,112.88,2.15,29773.61,29773.61,0,7337.2,7340.45,0,0, ,00:00.0,1425, ,0, , ,     ,     ,  , , , , ,00:00.0,N,1,4816.5,28387.56865, , , , , , ,0,S,1,M, ,NULL,0,NULL,0,1,1,0,1, ,     ,0x000000011D7BFD40, , 
10014547,8721TT-NO/TILT,TRA, , ,50,20NTT-102-24960,"TRAILER 20 TON ""NTT""",3,3303,REMORQUE LEWIS,00:00.0,00:00.0,00:00.0,00:00.0,Y,N,S,5645.25,16148.52847,1,1,O, ,190,0,Y,N,N,N,25467,0,0,0,512782,0,0,15,13,0,Y,N,Y, ,N,1,0,1200,0,1,17844.37,11792.46,0,6277.05,3289,0,96.57,50.6,0,17844.37,0,0,6277.05,0,0,0, ,00:00.0,1504, ,0, , ,     ,     ,  , , , , ,00:00.0,N,1,5645.25,16148.52847, , , , , , ,0,S,1,M, ,NULL,0,NULL,0,1,1,0,1, ,     ,0x000000011CBA5A10, , 
20043212,4717,SUB, , ,50,40933118,"CLAMP BUNK 3/8""",1, , ,00:00.0,00:00.0,00:00.0,00:00.0,Y,N,S,8.45,9.40157,4,4,N, ,5,0,Y,N,N,N,48.16313,0,0,0, ,0,0,5,4,0,Y,N,Y, ,N,1,0,1200,2,0,37.39,37.39,0,76.7,76.7,0,1.18,1.18,0,37.39,37.39,0,76.7,76.7,0,0, ,NULL,0, ,0, , ,     ,     ,  , , , , ,00:00.0,N,4,8.45,9.40157, , , , , , ,0,S,1,M, ,NULL,0,NULL,0,4,4,0,4, ,     ,0x000000011BBC8E53, , 
20043218,4686,SUB, , ,50,40935810,SIDERAIL DS ASSY 35ADG2X53AGNR,1, , ,00:00.0,00:00.0,00:00.0,NULL,N,N,S,341.25,518.34352,1,0,N, ,10,0,Y,N,N,N,2903.124,0,0,0, ,0,0,3,2,0,Y,N,Y, ,N,0,0,1200,2,0,516.03,0,0,238.55,7.8,0,3.67,0.12,0,0,0,0,0,0,0,0, ,NULL,0, ,0, , ,     ,     ,  , , , , ,00:00.0,N,1,341.25,518.34352, , , , , , ,0,S,1,M, ,NULL,0,NULL,0,1,0,0,1, ,     ,0x000000011E1F31DA, , 
20043216,4686,SUB, , ,50,40935809,SIDERAIL PS ASSY 35ADG2X53AGNR,1, , ,00:00.0,00:00.0,00:00.0,NULL,N,N,S,341.25,518.34352,1,0,N, ,5,0,Y,N,N,N,2748.9765,0,0,0, ,0,0,3,2,0,Y,N,Y, ,N,0,0,1200,2,0,531.16,0,0,144.3,7.8,0,2.22,0.12,0,0,0,0,0,0,0,0, ,NULL,0, ,0, , ,     ,     ,  , , , , ,00:00.0,N,1,341.25,518.34352, , , , , , ,0,S,1,M, ,NULL,0,NULL,0,1,0,0,1, ,     ,0x000000011E209438, , 
20043256,SHORT PUSH ARM ASSEMBLY,SUB, , ,50,40948594,SHORT PUSH ARM ASSEMBLY,1, , ,00:00.0,00:00.0,00:00.0,00:00.0,Y,N,S,142.805,73.32893,6,6,N, ,44,0,Y,N,N,N,430.73325,0,0,0, ,0,0,6,5,0,Y,N,Y, ,N,1,0,1200,2,0,526.9,143.21,0,887.25,293.8,0,13.65,4.52,0,526.9,0,0,887.25,0,0,0, ,00:00.0,1619, ,0, , ,     ,     ,  , , , , ,00:00.0,N,6,142.805,73.32893, , , , , , ,0,S,1,M, ,NULL,0,NULL,0,6,6,0,6, ,     ,0x000000011CB68981, , 
20043259,"SKIRT REAR PVR PARTS 102"" WIDE",SUB, , ,50,40948767,"SKIRT REAR PVR PARTS 102"" WIDE",1, , ,00:00.0,00:00.0,00:00.0,00:00.0,Y,N,S,57.2,56.45567,5,5,N, ,34,0,Y,N,N,N,330.225,0,0,0, ,0,0,6,3,0,Y,N,Y, ,N,1,0,1200,2,0,293.01,0,0,195,180.05,0,3,2.77,0,293.01,0,0,195,0,0,0, ,00:00.0,1508, ,0, , ,     ,     ,  , , , , ,00:00.0,N,5,57.2,56.45567, , , , , , ,0,S,1,M, ,NULL,0,NULL,0,5,5,0,5, ,     ,0x000000011C2F7AB3, , 
20043230,BRACKET BWS R/H TOOL BOX,SUB, , ,50,40938657,BRACKET BWS R/H TOOL BOX,1, , ,00:00.0,00:00.0,00:00.0,00:00.0,Y,N,S,65,76.89863,2,2,N, ,12,0,Y,N,N,N,281.8005,0,0,0, ,0,0,4,3,0,Y,N,Y, ,N,1,0,1200,2,0,230.18,0,0,92.95,0,0,1.43,0,0,230.18,0,0,92.95,0,0,0, ,00:00.0,1550, ,0, , ,     ,     ,  , , , , ,00:00.0,N,2,65,76.89863, , , , , , ,0,S,1,M, ,NULL,0,NULL,0,2,2,0,2, ,     ,0x000000011CB68ADA, , 
20043231,BRACKET BWS L/H TOOL BOX,SUB, , ,50,40938660,BRACKET BWS L/H TOOL BOX,1, , ,00:00.0,00:00.0,00:00.0,00:00.0,Y,N,S,65,78.59197,2,2,N, ,12,0,Y,N,N,N,291.08888,0,0,0, ,0,0,4,3,0,Y,N,Y, ,N,1,0,1200,2,0,230.18,0,0,130,0,0,2,0,0,230.18,0,0,130,0,0,0, ,00:00.0,1550, ,0, , ,     ,     ,  , , , , ,00:00.0,N,2,65,78.59197, , , , , , ,0,S,1,M, ,NULL,0,NULL,0,2,2,0,2, ,     ,0x000000011CB68B45, , 
20043233,4690 4691,SUB, , ,50,40938719,BWS CROSWISE STICKER RACK,1, , ,00:00.0,00:00.0,00:00.0,00:00.0,Y,N,S,325,256.87394,2,2,N, ,15,0,Y,N,N,N,1641.93225,0,0,0, ,0,0,10,7,0,Y,N,Y, ,N,1,0,1200,2,0,520.57,0,0,711.1,221.65,0,10.94,3.41,0,520.57,0,0,711.1,0,0,0, ,NULL,0, ,0, , ,     ,     ,  , , , , ,00:00.0,N,2,325,256.87394, , , , , , ,0,S,1,M, ,NULL,0,NULL,0,2,2,0,2, ,     ,0x000000011CB68535, , 
20043235,"AIR BAG PAN FOR 114"" TRAILERS",SUB, , ,50,40944395,"AIR BAG PAN FOR 114"" TRAILERS",1, , ,00:00.0,00:00.0,00:00.0,NULL,N,N,S,59.8,75.18195,10,0,N, ,7,0,Y,N,N,N,268.79295,0,0,0, ,0,0,5,4,0,Y,N,Y, ,N,0,0,1200,2,0,0,0,0,382.2,0,0,5.88,0,0,0,0,0,0,0,0,0, ,NULL,0, ,0, , ,     ,     ,  , , , , ,00:00.0,N,10,59.8,75.18195, , , , , , ,0,S,1,M, ,NULL,0,NULL,0,10,0,0,10, ,     ,0x000000011E207A45, , 
20043237,"RAMP ET TRANSITION 5' X102"" W",SUB, , ,50,40944397,"RAMP ET TRANSITION 5' X102"" W",1, , ,00:00.0,00:00.0,00:00.0,NULL,N,N,S,538.2,390.95178,1,0,N, ,0,0,Y,N,N,N,2588.3265,0,0,0, ,0,0,6,0,0,Y,N,Y, ,N,0,0,1200,2,0,0,0,0,0,0,0,0,0,0,0,0,0,0,0,0,0, ,NULL,0, ,0, , ,     ,     ,  , , , , ,00:00.0,N,1,538.2,390.95178, , , , , , ,0,S,1,M, ,NULL,0,NULL,0,1,0,0,1, ,     ,0x000000011BBC8E6B, , 
20043265,"RAMP ET TRANSITION 12'X97-1/2""",SUB, , ,50,40950083,"RAMP ET TRANSITION 12'X97-1/2""",1, , ,00:00.0,00:00.0,00:00.0,NULL,N,N,S,833.3,1489.38051,3,0,N, ,2,0,Y,N,N,N,5319.657,0,0,0, ,0,0,6,3,0,Y,N,Y, ,N,0,0,1200,2,0,0,0,0,409.5,0,0,6.3,0,0,0,0,0,0,0,0,0, ,00:00.0,1452, ,0, , ,     ,     ,  , , , , ,00:00.0,N,3,833.3,1489.38051, , , , , , ,0,S,1,M, ,NULL,0,NULL,0,3,0,0,3, ,     ,0x000000011E218128, , 
10014726,8740ADG3X53 AGNR,TRA, , ,50,40ADG3X53 AGNR-102-25476,40 TON - 53 FT - 3 AXLE - 22.5 - 61 IN,3,3303,REMORQUE LEWIS,00:00.0,00:00.0,00:00.0,00:00.0,Y,N,S,13801.45,54753.08334,1,1,O, ,399,0,Y,N,N,N,84260,0,0,0,513007,0,0,15,13,0,Y,N,Y, ,N,1,0,1200,0,1,58730.54,23395.88,0,13802.75,2031.25,0,212.35,31.25,0,58730.54,0,0,13802.75,0,0,0, ,00:00.0,1513, ,0, , ,     ,     ,  , , , , ,00:00.0,N,1,13801.45,54753.08334, , , , , , ,0,S,1,M, ,NULL,0,NULL,0,1,1,0,1, ,     ,0x000000011E219EED, , 
20044209,4908  Steel Kit,SUB, , ,50,41000156,"STEEL KIT 25ART 102""",1,7778,BWS MACHINE SHOP,00:00.0,00:00.0,00:00.0,00:00.0,Y,N,S,562.25,122.31306,1,1,P, ,38,0,Y,N,N,N,0,0,0,0, ,0,0,6,3,0,Y,N,Y, ,N,1,0,1200,2,0,145.19,0,0,23.4,0,0,0.36,0,0,145.19,0,0,23.4,0,0,0, ,00:00.0,1103, ,0, , ,     ,     ,  , , , , ,00:00.0,N,1,562.25,122.31306, , , , , , ,0,S,1,M, ,NULL,0,NULL,0,1,1,0,1, ,     ,0x000000011DFC0050, , 
10014467,8753VT962X-STAN,TRA, , ,50,53VT2V DCI-96-25148,TRAILER 53' 2X VAN CONTAINER,3,2711,DEMOUNTABLE CONCEPTS INC.,00:00.0,00:00.0,00:00.0,00:00.0,Y,N,S,6669,22679.632,1,1,O, ,252,0,Y,N,N,N,35757.867,0,0,0,512696,0,0,15,13,0,Y,N,Y, ,N,1,0,1200,0,1,22427.86,13196.55,0,6613.75,3622.45,76.05,101.75,55.73,1.17,22427.86,0,0,6613.75,0,0,0, ,00:00.0,1405, ,0, , ,     ,     ,  , , , , ,00:00.0,N,1,6669,22679.632, , , , , , ,0,S,1,M, ,NULL,0,NULL,0,1,1,0,1, ,     ,0x000000011CBBB73A, , 
10014551,8725TT-NO-TILT,TRA, , ,50,25NTT-102-25173,"TRAILER 25 TON ""NTT"" STAND",3,3303,REMORQUE LEWIS,00:00.0,00:00.0,00:00.0,00:00.0,Y,N,S,6818.5,19783.73964,1,1,O, ,212,0,Y,N,N,N,31241,0,0,0,512786,0,0,15,13,0,Y,N,Y, ,N,1,0,1200,0,1,20982.51,13979.79,0,7116.2,1946.1,0,109.48,29.94,0,20982.51,0,0,7116.2,0,0,0, ,00:00.0,1027, ,0, , ,     ,     ,  , , , , ,00:00.0,N,1,6818.5,19783.73964, , , , , , ,0,S,1,M, ,NULL,0,NULL,0,1,1,0,1, ,     ,0x000000011E21D161, , 
10014630,PY-FR454-WR3X-005,TRA, , ,50,PONY 3X17-25387,38' PONY TRAILER FRAME 3X,3,3384,STARGATE MFG LTD,00:00.0,00:00.0,00:00.0,00:00.0,Y,N,S,6116.5,21173.26448,1,1,O, ,271,0,Y,N,N,N,40421,0,0,0,512889,0,0,15,13,0,Y,N,Y, ,N,1,0,1200,0,1,29758.25,29758.25,15671.89,6255.6,6255.6,102.7,96.24,96.24,1.58,29758.25,29758.25,0,6255.6,6255.6,0,0, ,00:00.0,804, ,0, , ,     ,     ,  , , , , ,00:00.0,N,1,6116.5,21173.26448, , , , , , ,0,S,1,M, ,NULL,0,NULL,0,1,1,0,1, ,     ,0x000000011BBBECA2, , 
20043300,D-SIGN MOUNTING BRACKETS,SUB, , ,50,40969361,D-SIGN MOUNTING BRACKETS,1, , ,00:00.0,00:00.0,00:00.0,00:00.0,Y,N,S,57.2,4.90254,10,10,N, ,8,0,Y,N,N,N,58.2573,0,0,0, ,0,0,4,3,0,Y,N,Y, ,N,1,0,1200,2,0,50.58,50.58,0,154.05,154.05,0,2.37,2.37,0,50.58,50.58,0,154.05,154.05,0,0, ,NULL,0, ,0, , ,     ,     ,  , , , , ,00:00.0,N,10,57.2,4.90254, , , , , , ,0,S,1,M, ,NULL,0,NULL,0,10,10,0,10, ,     ,0x000000011BBC8EA3, , 
20043484,4670  Deck Beam,SUB, , ,50,40991962,BEAM SET LOW DECK,1,7778,BWS MACHINE SHOP,00:00.0,00:00.0,00:00.0,NULL,N,N,S,1365,3005.50364,1,0,P, ,1,0,Y,N,N,N,10174.347,0,0,0, ,0,0,5,1,0,Y,N,Y, ,N,0,0,1200,2,0,0,0,0,21.45,0,0,0.33,0,0,0,0,0,0,0,0,0, ,00:00.0,948, ,0, , ,     ,     ,  , , , , ,00:00.0,N,1,1365,3005.50364, , , , , , ,0,S,1,M, ,NULL,0,NULL,0,1,0,0,1, ,     ,0x000000011DB2A660, , 
20043488,4670  Bridge Beams,SUB, , ,50,40991943,DUAL BEAMS REAR BRIDGE,1,7778,BWS MACHINE SHOP,00:00.0,00:00.0,00:00.0,NULL,N,N,S,1267.5,1640.63222,1,0,P, ,0,0,Y,N,N,N,6842.313,0,0,0, ,0,0,4,0,0,Y,N,Y, ,N,0,0,1200,2,0,0,0,0,0,0,0,0,0,0,0,0,0,0,0,0,0, ,00:00.0,951, ,0, , ,     ,     ,  , , , , ,00:00.0,N,1,1267.5,1640.63222, , , , , , ,0,S,1,M, ,NULL,0,NULL,0,1,0,0,1, ,     ,0x000000011BBC8F56, , 
20043506,4686  Beams,SUB, , ,50,40952556,"BEAM ASSY 35ADG2X53 96""",1,7778,BWS MACHINE SHOP,00:00.0,00:00.0,00:00.0,NULL,N,N,S,1709.5,3608.67276,1,0,P, ,16,0,Y,N,N,N,14557.032,0,0,0, ,0,0,8,5,0,Y,N,Y, ,N,0,0,1200,2,0,1325.97,0,0,515.45,0,0,7.93,0,0,0,0,0,0,0,0,0, ,00:00.0,1544, ,0, , ,     ,     ,  , , , , ,00:00.0,N,1,1709.5,3608.67276, , , , , , ,0,S,1,M, ,NULL,0,NULL,0,1,0,0,1, ,     ,0x000000011E418CC2, , 
20043706,4723  Steel Kit,SUB, , ,50,41000097,STEEL KIT FOR 25TT ANR,1,7778,BWS MACHINE SHOP,00:00.0,00:00.0,00:00.0,NULL,N,N,S,139.75,337.85196,1,0,P, ,0,0,Y,N,N,N,0,0,0,0, ,0,0,5,0,0,Y,N,Y, ,N,0,0,1200,2,0,0,0,0,0,0,0,0,0,0,0,0,0,0,0,0,0, ,00:00.0,1608, ,0, , ,     ,     ,  , , , , ,00:00.0,N,1,139.75,337.85196, , , , , , ,0,S,1,M, ,NULL,0,NULL,0,1,0,0,1, ,     ,0x000000011BBC902F, , 
20043609,RAMP FLAT BAR BIFOLD PLANKED,SUB, , ,50,40950035,RAMP FLAT BAR BIFOLD PLANKED,1, , ,00:00.0,00:00.0,00:00.0,NULL,N,N,S,754,1720.56714,4,0,N, ,2,0,Y,N,N,N,5828.85375,0,0,0, ,0,0,6,2,0,Y,N,Y, ,N,0,0,1200,2,0,0,0,0,131.95,0,0,2.03,0,0,0,0,0,0,0,0,0, ,NULL,0, ,0, , ,     ,     ,  , , , , ,00:00.0,N,4,754,1720.56714, , , , , , ,0,S,1,M, ,NULL,0,NULL,0,4,0,0,4, ,     ,0x000000011DFEA6AD, , 
20043711,4730  Steel Kit,SUB, , ,50,41000104,"STEEL KIT FOR 25TT ART 49""",1,7778,BWS MACHINE SHOP,00:00.0,00:00.0,00:00.0,00:00.0,Y,N,S,144.3,191.33135,1,1,P, ,35,0,Y,N,N,N,0,0,0,0, ,0,0,5,4,0,Y,N,Y, ,N,1,0,1200,2,0,231.38,0,0,83.2,0,0,1.28,0,0,231.38,0,0,83.2,0,0,0, ,00:00.0,1039, ,0, , ,     ,     ,  , , , , ,00:00.0,N,1,144.3,191.33135, , , , , , ,0,S,1,M, ,NULL,0,NULL,0,1,1,0,1, ,     ,0x000000011DFC0670, , 
20043774,LONG PUSH ARM ASSEMBLY,SUB, , ,50,40948525,LONG PUSH ARM ASSEMBLY,1, , ,00:00.0,00:00.0,00:00.0,NULL,N,N,S,127.4,104.87403,15,0,N, ,14,0,Y,N,N,N,442.5678,0,0,0, ,0,0,6,5,0,Y,N,Y, ,N,0,0,1200,2,0,357.91,0,0,1277.9,0,0,19.66,0,0,0,0,0,0,0,0,0, ,00:00.0,1107, ,0, , ,     ,     ,  , , , , ,00:00.0,N,15,127.4,104.87403, , , , , , ,0,S,1,M, ,NULL,0,NULL,0,15,0,0,15, ,     ,0x000000011DFD6228, , 
20043831,SUPPORT SCBT FOR AIR RAMPS,SUB, , ,50,40992600,SUPPORT SCBT FOR AIR RAMPS,1, , ,00:00.0,00:00.0,00:00.0,NULL,N,N,S,35.75,34.90862,6,0,N, ,2,0,Y,N,N,N,153.65025,0,0,0, ,0,0,4,2,0,Y,N,Y, ,N,0,0,1200,2,0,0,0,0,111.8,0,0,1.72,0,0,0,0,0,0,0,0,0, ,NULL,0, ,0, , ,     ,     ,  , , , , ,00:00.0,N,6,35.75,34.90862, , , , , , ,0,S,1,M, ,NULL,0,NULL,0,6,0,0,6, ,     ,0x000000011DF99149, , 
20043925,PLATE 5/16X28-5/8X9-1/4=1.84,SUB, , ,50,40946379,PLATE 5/16X28-5/8X9-1/4=1.84,1, , ,00:00.0,00:00.0,00:00.0,NULL,N,N,S,26,18.30874,12,0,N, ,0,0,Y,N,N,N,81.26213,0,0,0, ,0,0,4,0,0,Y,N,Y, ,N,0,0,1200,2,0,0,0,0,0,0,0,0,0,0,0,0,0,0,0,0,0, ,NULL,0, ,0, , ,     ,     ,  , , , , ,00:00.0,N,12,26,18.30874, , , , , , ,0,S,1,M, ,NULL,0,NULL,0,12,0,0,12, ,     ,0x000000011BBC9103, , 
20043921,"FLAT BAR 3/8 X 3 X 28""",SUB, , ,50,40946053,"FLAT BAR 3/8 X 3 X 28""",1, , ,00:00.0,00:00.0,00:00.0,00:00.0,Y,N,S,1.95,5.4804,80,80,N, ,2,0,Y,N,N,N,15.63278,0,0,0, ,0,0,2,1,0,Y,N,Y, ,N,1,0,1200,2,0,442.13,0,0,94.25,0,0,1.45,0,0,442.13,0,0,94.25,0,0,0, ,NULL,0, ,0, , ,     ,     ,  , , , , ,00:00.0,N,80,1.95,5.4804, , , , , , ,0,S,1,M, ,NULL,0,NULL,0,80,80,0,80, ,     ,0x000000011D33D6BD, , 
20043931,"BAR SQ. 1/2 X 26""",SUB, , ,50,40947081,"BAR SQ. 1/2 X 26""",1, , ,00:00.0,00:00.0,00:00.0,NULL,N,N,S,3.25,2.25572,64,0,N, ,0,0,Y,N,N,N,14.04731,0,0,0, ,0,0,2,0,0,Y,N,Y, ,N,0,0,1200,2,0,0,0,0,0,0,0,0,0,0,0,0,0,0,0,0,0, ,NULL,0, ,0, , ,     ,     ,  , , , , ,00:00.0,N,64,3.25,2.25572, , , , , , ,0,S,1,M, ,NULL,0,NULL,0,64,0,0,64, ,     ,0x000000011BBC9109, , 
20043956,GUSSET MAIN FRAME,SUB, , ,50,40959145,GUSSET MAIN FRAME,1, , ,00:00.0,00:00.0,00:00.0,NULL,N,N,S,5.2,8.68673,40,0,N, ,0,0,Y,N,N,N,34.7259,0,0,0, ,0,0,3,0,0,Y,N,Y, ,N,0,0,1200,2,0,0,0,0,0,0,0,0,0,0,0,0,0,0,0,0,0, ,NULL,0, ,0, , ,     ,     ,  , , , , ,00:00.0,N,40,5.2,8.68673, , , , , , ,0,S,1,M, ,NULL,0,NULL,0,40,0,0,40, ,     ,0x000000011BBC9122, , 
20043992,"PIPE 1-1/2 SCH40 X 23""",SUB, , ,50,40946328,"PIPE 1-1/2 SCH40 X 23""",1, , ,00:00.0,00:00.0,00:00.0,00:00.0,Y,N,S,9.75,4.65688,44,44,N, ,6,0,Y,N,N,N,38.96805,0,0,0, ,0,0,2,1,0,Y,N,Y, ,N,1,0,1200,2,0,226.38,0,0,547.95,0,0,8.43,0,0,226.38,0,0,547.95,0,0,0, ,00:00.0,1036, ,0, , ,     ,     ,  , , , , ,00:00.0,N,44,9.75,4.65688, , , , , , ,0,S,1,M, ,NULL,0,NULL,0,44,44,0,44, ,     ,0x000000011DFC0985, , 
70002618,4374 4375 4376,PAR, , ,50,LB-FL-P038,FLOOR X-MEMBER ANGLE MOUNT,1,7778,BWS MACHINE SHOP,00:00.0,00:00.0,00:00.0,NULL,N,N,D,22.75,0,72,0,P, ,4,0,Y,N,N,N,0,0,0,0, ,0,0,3,2,0,Y,N,Y, ,N,0,0,1200,2,0,0,0,0,640.9,0,0,9.86,0,0,0,0,0,0,0,0,0, ,00:00.0,1000, ,0, , ,     ,     ,  , , , , ,00:00.0,N,72,22.75,0, , , , , , ,0,S,1,M, ,NULL,0,NULL,0,72,0,0,72, ,     ,0x000000011E212F1B, , 
70002555,TOW HOOK ASSY CENTRE,PAR, , ,50,TR-AFR-A015,TOW HOOK ASSY CENTRE,1, , ,00:00.0,00:00.0,00:00.0,00:00.0,Y,N,S,19.5,28.12896,20,20,N, ,20,0,Y,N,N,N,93.00998,0,0,0, ,0,0,2,1,0,Y,N,Y, ,N,1,0,1200,2,0,611.85,0,0,860.6,0,0,13.24,0,0,611.85,0,0,860.6,0,0,0, ,00:00.0,1327, ,0, , ,     ,     ,  , , , , ,00:00.0,N,20,19.5,28.12896, , , , , , ,0,S,1,M, ,NULL,0,NULL,0,20,20,0,20, ,     ,0x000000011D7C30A9, , 
20044067,BEAM SET GNK 55HDG E,SUB, , ,50,40992134,BEAM SET GNK 55HDG E,1, , ,00:00.0,00:00.0,00:00.0,NULL,N,N,S,477.75,2243.52667,1,0,N, ,14,0,Y,N,N,N,6244.83525,0,0,0, ,0,0,2,1,0,Y,N,Y, ,N,0,0,1200,2,0,2243.53,0,0,596.7,0,0,9.18,0,0,0,0,0,0,0,0,0, ,NULL,0, ,0, , ,     ,     ,  , , , , ,00:00.0,N,1,477.75,2243.52667, , , , , , ,0,S,1,M, ,NULL,0,NULL,0,1,0,0,1, ,     ,0x000000011D0BBF05, , 
20044040,4732,SUB, , ,50,40961170,GOOSENECK FOR 42'48'53' ET,1, , ,00:00.0,00:00.0,00:00.0,NULL,N,N,S,483.6,2166.90521,1,0,N, ,7,0,Y,N,N,N,7133.319,0,0,0, ,0,0,2,0,0,Y,N,Y, ,N,0,0,1200,2,0,37.79,0,0,0,0,0,0,0,0,0,0,0,0,0,0,0, ,NULL,0, ,0, , ,     ,     ,  , , , , ,00:00.0,N,1,483.6,2166.90521, , , , , , ,0,S,1,M, ,NULL,0,NULL,0,1,0,0,1, ,     ,0x000000011C2D2796, , 
20044034,4724,SUB, , ,50,40947657,"GOOSENECK ET 102"" WIDE;; 18"" KP",1, , ,00:00.0,00:00.0,00:00.0,NULL,N,N,S,509.6,2225.7779,1,0,N, ,0,0,Y,N,N,N,6536.568,0,0,0, ,0,0,2,0,0,Y,N,Y, ,N,0,0,1200,2,0,0,0,0,0,0,0,0,0,0,0,0,0,0,0,0,0, ,NULL,0, ,0, , ,     ,     ,  , , , , ,00:00.0,N,1,509.6,2225.7779, , , , , , ,0,S,1,M, ,NULL,0,NULL,0,1,0,0,1, ,     ,0x000000011BBC916D, , 
20044161,4724,SUB, , ,50,40967145,"PLATE KICK 108"" C/W RAMP HOLES",1, , ,00:00.0,00:00.0,00:00.0,NULL,N,N,S,195.65,149.14127,1,0,N, ,0,0,Y,N,N,N,1081.3275,0,0,0, ,0,0,6,0,0,Y,N,Y, ,N,0,0,1200,2,0,0,0,0,0,0,0,0,0,0,0,0,0,0,0,0,0, ,NULL,0, ,0, , ,     ,     ,  , , , , ,00:00.0,N,1,195.65,149.14127, , , , , , ,0,S,1,M, ,NULL,0,NULL,0,1,0,0,1, ,     ,0x000000011BBC91E9, , 
20044280,ALUM PLATE 1/4 X 36 X 83-3/4,SUB, , ,50,TR-AFL-P048-36,ALUM PLATE 1/4 X 36 X 83-3/4,1,7778,BWS MACHINE SHOP,00:00.0,00:00.0,00:00.0,NULL,N,N,S,6.5,170.85926,3,0,P, ,0,0,Y,N,N,N,310.876,0,0,0, ,0,0,2,0,0,Y,N,Y, ,N,0,0,1200,2,0,0,0,0,0,0,0,0,0,0,0,0,0,0,0,0,0, ,00:00.0,1425, ,0, , ,     ,     ,  , , , , ,00:00.0,N,3,6.5,170.85926, , , , , , ,0,S,1,M, ,NULL,0,NULL,0,3,0,0,3, ,     ,0x000000011D57EDCE, , 
20044281,ALUM PLATE 1/4 X 36 X 83-3/4,SUB, , ,50,TR-AFL-P048-36,ALUM PLATE 1/4 X 36 X 83-3/4,1,7778,BWS MACHINE SHOP,00:00.0,00:00.0,00:00.0,NULL,N,N,S,6.5,170.85926,3,0,P, ,0,0,Y,N,N,N,310.876,0,0,0, ,0,0,2,0,0,Y,N,Y, ,N,0,0,1200,2,0,0,0,0,0,0,0,0,0,0,0,0,0,0,0,0,0, ,00:00.0,1424, ,0, , ,     ,     ,  , , , , ,00:00.0,N,3,6.5,170.85926, , , , , , ,0,S,1,M, ,NULL,0,NULL,0,3,0,0,3, ,     ,0x000000011D57EAA6, , 
20044282,ALUM PLATE 1/4 X 42 X 83-3/4,SUB, , ,50,TR-AFL-P048-42,ALUM PLATE 1/4 X 42 X 83-3/4,1,7778,BWS MACHINE SHOP,00:00.0,00:00.0,00:00.0,00:00.0,Y,N,S,6.5,199.43796,3,3,P, ,8,0,Y,N,N,N,209.0325,0,0,0, ,0,0,2,0,0,Y,N,Y, ,N,3,0,1200,2,0,60,0,0,0,0,0,0,0,0,60,0,0,0,0,0,0, ,00:00.0,1320, ,0, , ,     ,     ,  , , , , ,00:00.0,N,3,6.5,199.43796, , , , , , ,0,S,1,M, ,NULL,0,NULL,0,3,3,0,3, ,     ,0x000000011DB1F885, , 
20044181,4724,SUB, , ,50,40967142,"GOOSENECK ET 108""",1, , ,00:00.0,00:00.0,00:00.0,NULL,N,N,S,503.75,2325.13613,1,0,N, ,8,0,Y,N,N,N,7190.4135,0,0,0, ,0,0,2,0,0,Y,N,Y, ,N,0,0,1200,2,0,39.43,0,0,0,0,0,0,0,0,0,0,0,0,0,0,0, ,NULL,0, ,0, , ,     ,     ,  , , , , ,00:00.0,N,1,503.75,2325.13613, , , , , , ,0,S,1,M, ,NULL,0,NULL,0,1,0,0,1, ,     ,0x000000011C2D1359, , 
20044277,SUPPORT SCBT FOR AIR RAMPS,SUB, , ,50,40964102,SUPPORT SCBT FOR AIR RAMPS,1, , ,00:00.0,00:00.0,00:00.0,NULL,N,N,D,42.25,45.80856,6,0,P, ,4,0,Y,N,N,N,138.55744,0,0,0, ,0,0,4,1,0,Y,N,Y, ,N,0,0,1200,2,0,292.81,0,0,95.55,0,0,1.47,0,0,0,0,0,0,0,0,0, ,00:00.0,1332, ,0, , ,     ,     ,  , , , , ,00:00.0,N,6,42.25,45.80856, , , , , , ,0,S,1,M, ,NULL,0,NULL,0,6,0,0,6, ,     ,0x000000011D0F18D1, , 
70002258,17FT PONY BOX FLOOR 3/8IN,PAR, , ,50,PF9194,17FT PONY BOX FLOOR 3/8IN,1,3384,STARGATE MFG LTD,00:00.0,00:00.0,00:00.0,NULL,N,N,S,1235,4791.55669,1,0,O, ,0,0,Y,N,N,N,0,0,0,0,109620,0,0,3,0,0,Y,N,Y, ,N,0,0,1200,2,1,0,0,0,0,0,0,0,0,0,0,0,0,0,0,0,0, ,00:00.0,1119, ,0, , ,     ,     ,  , , , , ,00:00.0,N,1,1235,4791.55669, , , , , , ,0,S,1,M, ,NULL,0,NULL,0,1,0,0,1, ,     ,0x000000011BBCA8FB, , 
70002227,STEEL PARTS FOR WO9195,PAR, , ,50,SP9195,STEEL PARTS FOR WO9195,1,3384,STARGATE MFG LTD,00:00.0,00:00.0,00:00.0,00:00.0,Y,N,S,0,2197.2095,1,1,O, ,9,0,N,N,N,N,0,0,0,0,109565,0,0,2,0,0,Y,N,Y, ,N,1,0,1200,2,1,2108.28,0,0,0,0,0,0,0,0,2108.28,0,0,0,0,0,0, ,00:00.0,654, ,0, , ,     ,     ,  , , , , ,00:00.0,N,1,0,2197.2095, , , , , , ,0,S,1,M, ,NULL,0,NULL,0,1,1,0,1, ,     ,0x000000011DF93653, , 
70002491,"STAKE 4-1/2x3x109""",PAR, , ,50,40933128,"STAKE 4-1/2x3x109""",1,3053,REDHEAD EQUIPMENT,00:00.0,00:00.0,00:00.0,NULL,N,N,S,97.5,227.17872,4,0,O, ,0,0,N,N,N,N,640,0,0,0,109838,0,0,5,0,0,Y,N,Y, ,N,0,0,1200,2,1,0,0,0,0,0,0,0,0,0,0,0,0,0,0,0,0, ,00:00.0,1452, ,0, , ,     ,     ,  , , , , ,00:00.0,N,4,97.5,227.17872, , , , , , ,0,S,1,M, ,NULL,0,NULL,0,4,0,0,4, ,     ,0x000000011BBCA9DE, , 
70002492,"BUNK 114"" MIDDLE/REAR",PAR, , ,50,40934189,"BUNK 114"" MIDDLE/REAR",1,3053,REDHEAD EQUIPMENT,00:00.0,00:00.0,00:00.0,NULL,N,N,S,97.5,788.21351,2,0,O, ,0,0,N,N,N,N,2160.19425,0,0,0,109838,0,0,4,0,0,Y,N,Y, ,N,0,0,1200,2,3,0,0,0,0,0,0,0,0,0,0,0,0,0,0,0,0, ,00:00.0,1455, ,0, , ,     ,     ,  , , , , ,00:00.0,N,2,97.5,788.21351, , , , , , ,0,S,1,M, ,NULL,0,NULL,0,2,0,0,2, ,     ,0x000000011BBCA9DF, , 
70002440,STEEL PARTS FOR WO9426,PAR, , ,50,SP9426,STEEL PARTS FOR WO9426,1,3384,STARGATE MFG LTD,00:00.0,00:00.0,00:00.0,00:00.0,Y,N,S,0,2131.2287,1,1,O, ,8,0,N,N,N,N,0,0,0,0,109736,0,0,2,0,0,Y,N,Y, ,N,1,0,1200,2,2,2011.7,0,0,0,0,0,0,0,0,2011.7,0,0,0,0,0,0, ,00:00.0,653, ,0, , ,     ,     ,  , , , , ,00:00.0,N,1,0,2131.2287, , , , , , ,0,S,1,M, ,NULL,0,NULL,0,1,1,0,1, ,     ,0x000000011DF93556, , 
70002378,FRAME PIVOT MOUNT ASSY P/S,PAR, , ,50,TR-AFR-A017P,FRAME PIVOT MOUNT ASSY P/S,1, , ,00:00.0,00:00.0,00:00.0,00:00.0,Y,N,S,29.25,18.84693,10,10,N, ,13,0,Y,N,N,N,118.1313,0,0,0, ,0,0,3,2,0,Y,N,Y, ,N,1,0,1200,2,0,196.83,0,0,92.95,45.5,0,1.43,0.7,0,196.83,0,0,92.95,0,0,0, ,00:00.0,1054, ,0, , ,     ,     ,  , , , , ,00:00.0,N,10,29.25,18.84693, , , , , , ,0,S,1,M, ,NULL,0,NULL,0,10,10,0,10, ,     ,0x000000011C2E8993, , 
20044283,ALUM PLATE 1/4 X 42 X 83-3/4,SUB, , ,50,TR-AFL-P048-42,ALUM PLATE 1/4 X 42 X 83-3/4,1,7778,BWS MACHINE SHOP,00:00.0,00:00.0,00:00.0,NULL,N,N,S,6.5,199.43796,3,0,P, ,0,0,Y,N,N,N,209.0325,0,0,0, ,0,0,2,0,0,Y,N,Y, ,N,0,0,1200,2,0,0,0,0,0,0,0,0,0,0,0,0,0,0,0,0,0, ,00:00.0,942, ,0, , ,     ,     ,  , , , , ,00:00.0,N,3,6.5,199.43796, , , , , , ,0,S,1,M, ,NULL,0,NULL,0,3,0,0,3, ,     ,0x000000011DAF5169, , 
20044284,ALUM PLATE 1/4 X 60 X 83-3/4,SUB, , ,50,TR-AFL-P048-60,ALUM PLATE 1/4 X 60 X 83-3/4,1,7778,BWS MACHINE SHOP,00:00.0,00:00.0,00:00.0,00:00.0,Y,N,S,6.5,271.37543,3,3,P, ,2,0,Y,N,N,N,278.38111,0,0,0, ,0,0,2,0,0,Y,N,Y, ,N,1,0,1200,2,0,60,0,0,0,0,0,0,0,0,60,0,0,0,0,0,0, ,00:00.0,923, ,0, , ,     ,     ,  , , , , ,00:00.0,N,3,6.5,271.37543, , , , , , ,0,S,1,M, ,NULL,0,NULL,0,3,3,0,3, ,     ,0x000000011DB1F82C, , 
20044285,ALUM PLATE 1/4 X 60 X 83-3/4,SUB, , ,50,TR-AFL-P048-60,ALUM PLATE 1/4 X 60 X 83-3/4,1,7778,BWS MACHINE SHOP,00:00.0,00:00.0,00:00.0,NULL,N,N,S,6.5,271.37543,3,0,P, ,0,0,Y,N,N,N,278.38111,0,0,0, ,0,0,2,0,0,Y,N,Y, ,N,0,0,1200,2,0,0,0,0,0,0,0,0,0,0,0,0,0,0,0,0,0, ,00:00.0,1419, ,0, , ,     ,     ,  , , , , ,00:00.0,N,3,6.5,271.37543, , , , , , ,0,S,1,M, ,NULL,0,NULL,0,3,0,0,3, ,     ,0x000000011D57DF99, , 
20044286,ALUM PLATE 1/4 X 60 X 83-3/4,SUB, , ,50,TR-AFL-P048-60,ALUM PLATE 1/4 X 60 X 83-3/4,1,7778,BWS MACHINE SHOP,00:00.0,00:00.0,00:00.0,NULL,N,N,S,6.5,271.37543,3,0,P, ,0,0,Y,N,N,N,278.38111,0,0,0, ,0,0,2,0,0,Y,N,Y, ,N,0,0,1200,2,0,0,0,0,0,0,0,0,0,0,0,0,0,0,0,0,0, ,00:00.0,1420, ,0, , ,     ,     ,  , , , , ,00:00.0,N,3,6.5,271.37543, , , , , , ,0,S,1,M, ,NULL,0,NULL,0,3,0,0,3, ,     ,0x000000011D57E2ED, , 
20044287,ALUM PLATE 1/4 X 60 X 83-3/4,SUB, , ,50,TR-AFL-P048-60,ALUM PLATE 1/4 X 60 X 83-3/4,1,7778,BWS MACHINE SHOP,00:00.0,00:00.0,00:00.0,00:00.0,Y,N,S,6.5,271.37543,3,3,P, ,4,0,Y,N,N,N,278.38111,0,0,0, ,0,0,2,0,0,Y,N,Y, ,N,3,0,1200,2,0,60,0,0,0,0,0,0,0,0,60,0,0,0,0,0,0, ,00:00.0,934, ,0, , ,     ,     ,  , , , , ,00:00.0,N,3,6.5,271.37543, , , , , , ,0,S,1,M, ,NULL,0,NULL,0,3,3,0,3, ,     ,0x000000011DB1F786, , 
20044288,ALUM PLATE 1/4 X 60 X 83-3/4,SUB, , ,50,TR-AFL-P048-60,ALUM PLATE 1/4 X 60 X 83-3/4,1,7778,BWS MACHINE SHOP,00:00.0,00:00.0,00:00.0,00:00.0,Y,N,S,6.5,271.37543,3,3,P, ,4,0,Y,N,N,N,278.38111,0,0,0, ,0,0,2,0,0,Y,N,Y, ,N,3,0,1200,2,0,60,0,0,0,0,0,0,0,0,60,0,0,0,0,0,0, ,00:00.0,935, ,0, , ,     ,     ,  , , , , ,00:00.0,N,3,6.5,271.37543, , , , , , ,0,S,1,M, ,NULL,0,NULL,0,3,3,0,3, ,     ,0x000000011DB1F70C, , 
20044289,ALUM PLATE 3/8 X 36 X 83-3/4,SUB, , ,50,TR-AFL-P045-36,ALUM PLATE 3/8 X 36 X 83-3/4,1,7778,BWS MACHINE SHOP,00:00.0,00:00.0,00:00.0,NULL,N,N,S,6.5,254.6087,5,0,P, ,0,0,Y,N,N,N,366.15,0,0,0, ,0,0,2,0,0,Y,N,Y, ,N,0,0,1200,2,0,0,0,0,0,0,0,0,0,0,0,0,0,0,0,0,0, ,00:00.0,949, ,0, , ,     ,     ,  , , , , ,00:00.0,N,5,6.5,254.6087, , , , , , ,0,S,1,M, ,NULL,0,NULL,0,5,0,0,5, ,     ,0x000000011CB79A93, , 
20044290,ALUM PLATE 3/8 X 45 X 83-3/4,SUB, , ,50,TR-AFL-P045-45,ALUM PLATE 3/8 X 45 X 83-3/4,1,7778,BWS MACHINE SHOP,00:00.0,00:00.0,00:00.0,NULL,N,N,S,6.5,318.26088,5,0,P, ,0,0,Y,N,N,N,325.304,0,0,0, ,0,0,2,0,0,Y,N,Y, ,N,0,0,1200,2,0,0,0,0,0,0,0,0,0,0,0,0,0,0,0,0,0, ,00:00.0,949, ,0, , ,     ,     ,  , , , , ,00:00.0,N,5,6.5,318.26088, , , , , , ,0,S,1,M, ,NULL,0,NULL,0,5,0,0,5, ,     ,0x000000011CB79AAB, , 
20044291,ALUM PLATE 3/8 X 48 X 83-3/4,SUB, , ,50,TR-AFL-P045-48,ALUM PLATE 3/8 X 48 X 83-3/4,1,7778,BWS MACHINE SHOP,00:00.0,00:00.0,00:00.0,NULL,N,N,S,6.5,339.3642,5,0,P, ,0,0,Y,N,N,N,346.654,0,0,0, ,0,0,2,0,0,Y,N,Y, ,N,0,0,1200,2,0,0,0,0,0,0,0,0,0,0,0,0,0,0,0,0,0, ,00:00.0,949, ,0, , ,     ,     ,  , , , , ,00:00.0,N,5,6.5,339.3642, , , , , , ,0,S,1,M, ,NULL,0,NULL,0,5,0,0,5, ,     ,0x000000011CB79AC2, , 
20044292,ALUM PLATE 3/8 X 60 X 83-3/4,SUB, , ,50,TR-AFL-P045-60,ALUM PLATE 3/8 X 60 X 83-3/4,1,7778,BWS MACHINE SHOP,00:00.0,00:00.0,00:00.0,NULL,N,N,S,6.5,404.03216,3,0,P, ,0,0,Y,N,N,N,412.074,0,0,0, ,0,0,2,0,0,Y,N,Y, ,N,0,0,1200,2,0,0,0,0,0,0,0,0,0,0,0,0,0,0,0,0,0, ,00:00.0,949, ,0, , ,     ,     ,  , , , , ,00:00.0,N,3,6.5,404.03216, , , , , , ,0,S,1,M, ,NULL,0,NULL,0,3,0,0,3, ,     ,0x000000011CB79ADC, , 
20044293,ALUM PLATE 3/8 X 60 X 83-3/4,SUB, , ,50,TR-AFL-P045-60,ALUM PLATE 3/8 X 60 X 83-3/4,1,7778,BWS MACHINE SHOP,00:00.0,00:00.0,00:00.0,NULL,N,N,S,6.5,404.03216,3,0,P, ,0,0,Y,N,N,N,412.074,0,0,0, ,0,0,2,0,0,Y,N,Y, ,N,0,0,1200,2,0,0,0,0,0,0,0,0,0,0,0,0,0,0,0,0,0, ,00:00.0,950, ,0, , ,     ,     ,  , , , , ,00:00.0,N,3,6.5,404.03216, , , , , , ,0,S,1,M, ,NULL,0,NULL,0,3,0,0,3, ,     ,0x000000011CB79AF1, , 
20044294,ALUM PLATE 3/8 X 60 X 83-3/4,SUB, , ,50,TR-AFL-P045-60,ALUM PLATE 3/8 X 60 X 83-3/4,1,7778,BWS MACHINE SHOP,00:00.0,00:00.0,00:00.0,NULL,N,N,S,6.5,404.03216,4,0,P, ,0,0,Y,N,N,N,412.074,0,0,0, ,0,0,2,0,0,Y,N,Y, ,N,0,0,1200,2,0,0,0,0,0,0,0,0,0,0,0,0,0,0,0,0,0, ,00:00.0,950, ,0, , ,     ,     ,  , , , , ,00:00.0,N,4,6.5,404.03216, , , , , , ,0,S,1,M, ,NULL,0,NULL,0,4,0,0,4, ,     ,0x000000011CB79B07, , 
70002543,LOCK BAR MOUNT ASSY,PAR, , ,50,TR-ACL-A001,LOCK BAR MOUNT ASSY,1, , ,00:00.0,00:00.0,00:00.0,NULL,N,N,S,6.5,81.81975,40,0,N, ,0,0,Y,N,N,N,56.33288,0,0,0, ,0,0,2,0,0,Y,N,Y, ,N,0,0,1200,2,0,0,0,0,0,0,0,0,0,0,0,0,0,0,0,0,0, ,NULL,0, ,0, , ,     ,     ,  , , , , ,00:00.0,N,40,6.5,81.81975, , , , , , ,0,S,1,M, ,NULL,0,NULL,0,40,0,0,40, ,     ,0x000000011C750005, , 
70002569,"HEAVY DUTY X-MEMBER 5-1/2""",PAR, , ,50,TR-FL-E07-5.5,"HEAVY DUTY X-MEMBER 5-1/2""",1, , ,00:00.0,00:00.0,00:00.0,NULL,N,N,S,6.5,4.36985,18,0,N, ,0,0,Y,N,N,N,7.57333,0,0,0, ,0,0,2,0,0,Y,N,Y, ,N,0,0,1200,2,0,0,0,0,0,0,0,0,0,0,0,0,0,0,0,0,0, ,NULL,0, ,0, , ,     ,     ,  , , , , ,00:00.0,N,18,6.5,4.36985, , , , , , ,0,S,1,M, ,NULL,0,NULL,0,18,0,0,18, ,     ,0x000000011C750587, , 
70002650,BREACKET CONTROL BOX,PAR, , ,50,40934833,BREACKET CONTROL BOX,1,2900,DIAMOND INTERNATIONAL TRUCKS L,00:00.0,00:00.0,00:00.0,NULL,N,N,S,29.25,28.5494,3,0,O, ,2,0,Y,N,N,N,312.95301,0,0,0,109929,0,0,4,2,0,Y,N,Y, ,N,0,0,1200,2,1,0,0,0,134.55,0,0,2.07,0,0,0,0,0,0,0,0,0, ,00:00.0,718, ,0, , ,     ,     ,  , , , , ,00:00.0,N,3,29.25,28.5494, , , , , , ,0,S,1,M, ,NULL,0,NULL,0,3,0,0,3, ,     ,0x000000011D798111, , 
20043979,"BRACKET 7-1/8 "" AIR TANK",SUB, , ,50,40900473,"BRACKET 7-1/8 "" AIR TANK",1, , ,00:00.0,00:00.0,00:00.0,00:00.0,Y,N,S,1.95,1.29932,100,100,N, ,3,0,Y,N,N,N,7.41693,0,0,0, ,0,0,2,0,0,Y,N,Y, ,N,1,0,1200,2,0,124.11,0,0,0,0,0,0,0,0,124.11,0,0,0,0,0,0, ,00:00.0,1130, ,0, , ,     ,     ,  , , , , ,00:00.0,N,100,1.95,1.29932, , , , , , ,0,S,1,M, ,NULL,0,NULL,0,100,100,0,100, ,     ,0x000000011D33FA67, , 
20043963,"A-FRAME 2 BAG FOR 102"" TAG",SUB, , ,50,40964859,"A-FRAME 2 BAG FOR 102"" TAG",1, , ,00:00.0,00:00.0,00:00.0,NULL,N,N,S,806,1297.92034,5,0,N, ,0,0,Y,N,N,N,4995.6387,0,0,0, ,0,0,7,0,0,Y,N,Y, ,N,0,0,1200,2,0,0,0,0,0,0,0,0,0,0,0,0,0,0,0,0,0, ,NULL,0, ,0, , ,     ,     ,  , , , , ,00:00.0,N,5,806,1297.92034, , , , , , ,0,S,1,M, ,NULL,0,NULL,0,5,0,0,5, ,     ,0x000000011BBC9129, , 
20043933,"BUMPER REAR FOR 102"" M R TRL.",SUB, , ,50,40947479,"BUMPER REAR FOR 102"" M R TRL.",1, , ,00:00.0,00:00.0,00:00.0,00:00.0,Y,N,S,32.5,291.92706,5,5,N, ,13,0,Y,N,N,N,884.0901,0,0,0, ,0,0,2,1,0,Y,N,Y, ,N,1,0,1200,2,0,1415.97,0,0,163.8,0,0,2.52,0,0,1415.97,0,0,163.8,0,0,0, ,00:00.0,1257, ,0, , ,     ,     ,  , , , , ,00:00.0,N,5,32.5,291.92706, , , , , , ,0,S,1,M, ,NULL,0,NULL,0,5,5,0,5, ,     ,0x000000011D33C73D, , 
20043846,4655,SUB, , ,50,40961802,"BUMPER FAB CHANNEL 108""",1, , ,00:00.0,00:00.0,00:00.0,00:00.0,Y,N,S,219.7,431.41431,1,1,N, ,29,0,Y,N,N,N,1607.0865,0,0,0, ,0,0,3,2,0,Y,N,Y, ,N,1,0,1200,2,0,494.27,0,0,218.4,0,0,3.36,0,0,494.27,0,0,218.4,0,0,0, ,00:00.0,1058, ,0, , ,     ,     ,  , , , , ,00:00.0,N,1,219.7,431.41431, , , , , , ,0,S,1,M, ,NULL,0,NULL,0,1,1,0,1, ,     ,0x000000011DFC01DA, , 
20043847,4655,SUB, , ,50,40961853,PLATE 1/4X107-1/2X25-15/16=19,1, , ,00:00.0,00:00.0,00:00.0,NULL,N,N,S,35.75,154.28906,1,0,N, ,0,0,Y,N,N,N,409.938,0,0,0, ,0,0,3,0,0,Y,N,Y, ,N,0,0,1200,2,0,0,0,0,0,0,0,0,0,0,0,0,0,0,0,0,0, ,NULL,0, ,0, , ,     ,     ,  , , , , ,00:00.0,N,1,35.75,154.28906, , , , , , ,0,S,1,M, ,NULL,0,NULL,0,1,0,0,1, ,     ,0x000000011BBC90B7, , 
20043885,RAMP ASSY BWS LAY LEVEL ET MR,SUB, , ,50,40992482,RAMP ASSY BWS LAY LEVEL ET MR,1, , ,00:00.0,00:00.0,00:00.0,NULL,N,N,S,154.05,285.16904,4,0,N, ,20,0,Y,N,N,N,1155.74925,0,0,0, ,0,0,4,3,0,Y,N,Y, ,N,0,0,1200,2,0,1063.36,0,0,1330.55,0,0,20.47,0,0,0,0,0,0,0,0,0, ,00:00.0,1429, ,0, , ,     ,     ,  , , , , ,00:00.0,N,4,154.05,285.16904, , , , , , ,0,S,1,M, ,NULL,0,NULL,0,4,0,0,4, ,     ,0x000000011DD190F5, , 
20043761,AIR BAG PAN SHORT,SUB, , ,50,40944378,AIR BAG PAN SHORT,1, , ,00:00.0,00:00.0,00:00.0,NULL,N,N,S,40.95,73.83843,10,0,N, ,0,0,Y,N,N,N,273.5997,0,0,0, ,0,0,5,0,0,Y,N,Y, ,N,0,0,1200,2,0,0,0,0,0,0,0,0,0,0,0,0,0,0,0,0,0, ,NULL,0, ,0, , ,     ,     ,  , , , , ,00:00.0,N,10,40.95,73.83843, , , , , , ,0,S,1,M, ,NULL,0,NULL,0,10,0,0,10, ,     ,0x000000011BBC9063, , 
20043803,RESTRICTOR SUSPENSION,SUB, , ,50,40955449,RESTRICTOR SUSPENSION,1, , ,00:00.0,00:00.0,00:00.0,NULL,N,N,S,44.2,16.72369,12,0,N, ,11,0,Y,N,N,N,215.3985,0,0,0, ,0,0,4,3,0,Y,N,Y, ,N,0,0,1200,2,0,0,0,0,902.2,0,0,13.88,0,0,0,0,0,0,0,0,0, ,00:00.0,1144, ,0, , ,     ,     ,  , , , , ,00:00.0,N,12,44.2,16.72369, , , , , , ,0,S,1,M, ,NULL,0,NULL,0,12,0,0,12, ,     ,0x000000011E1F30F7, , 
20043741,4689,SUB, , ,50,40936731,BEAM WRAP FOR 53ET MR EAST,1, , ,00:00.0,00:00.0,00:00.0,NULL,N,N,S,26,61.33232,2,0,N, ,1,0,Y,N,N,N,233.478,0,0,0, ,0,0,2,1,0,Y,N,Y, ,N,0,0,1200,2,0,0,0,0,19.5,0,0,0.3,0,0,0,0,0,0,0,0,0, ,NULL,0, ,0, , ,     ,     ,  , , , , ,00:00.0,N,2,26,61.33232, , , , , , ,0,S,1,M, ,NULL,0,NULL,0,2,0,0,2, ,     ,0x000000011CB99D33, , 
20043707,"RAMP ALUMINUM SLIDER 64 X 18""",SUB, , ,50,40939747,"RAMP ALUMINUM SLIDER 64 X 18""",1,7778,BWS MACHINE SHOP,00:00.0,00:00.0,00:00.0,00:00.0,Y,N,D,0,419.58582,2,2,P, ,39,0,Y,N,N,N,0,0,0,0, ,0,0,2,0,0,Y,N,Y, ,N,1,0,1200,2,0,909.9,909.9,0,0,0,0,0,0,0,909.9,909.9,0,0,0,0,0, ,00:00.0,1308, ,0, , ,     ,     ,  , , , , ,00:00.0,N,2,0,419.58582, , , , , , ,0,S,1,M, ,NULL,0,NULL,0,2,2,0,2, ,     ,0x000000011BBC9030, , 
20043708,4699  4700  4701  Steel Kit,SUB, , ,50,41000099,"STEEL KIT FOR 30TT N/TILT 61""",1,7778,BWS MACHINE SHOP,00:00.0,00:00.0,00:00.0,NULL,N,N,S,337.35,344.71182,3,0,P, ,0,0,Y,N,N,N,0,0,0,0, ,0,0,5,0,0,Y,N,Y, ,N,0,0,1200,2,0,0,0,0,0,0,0,0,0,0,0,0,0,0,0,0,0, ,00:00.0,948, ,0, , ,     ,     ,  , , , , ,00:00.0,N,3,337.35,344.71182, , , , , , ,0,S,1,M, ,NULL,0,NULL,0,3,0,0,3, ,     ,0x000000011D30B38B, , 
20043692,4732  4733  Steel Kit,SUB, , ,50,40939490,KIT STEEL,1,7778,BWS MACHINE SHOP,00:00.0,00:00.0,00:00.0,NULL,N,N,S,136.5,605.31444,2,0,P, ,0,0,Y,N,N,N,0,0,0,0, ,0,0,6,0,0,Y,N,Y, ,N,0,0,1200,2,0,0,0,0,0,0,0,0,0,0,0,0,0,0,0,0,0, ,00:00.0,1527, ,0, , ,     ,     ,  , , , , ,00:00.0,N,2,136.5,605.31444, , , , , , ,0,S,1,M, ,NULL,0,NULL,0,2,0,0,2, ,     ,0x000000011BBC9023, , 
20043688,4657  Beams,SUB, , ,50,40936616,"BEAM ASSY 53ET3XP - 72""",1,7778,BWS MACHINE SHOP,00:00.0,00:00.0,00:00.0,NULL,N,N,S,1896.05,2647.12898,1,0,P, ,22,0,Y,N,N,N,9026.0565,0,0,0, ,0,0,7,6,0,Y,N,Y, ,N,0,0,1200,2,0,2619.93,0,0,2279.55,0,0,35.07,0,0,0,0,0,0,0,0,0, ,00:00.0,834, ,0, , ,     ,     ,  , , , , ,00:00.0,N,1,1896.05,2647.12898, , , , , , ,0,S,1,M, ,NULL,0,NULL,0,1,0,0,1, ,     ,0x000000011E1F96C6, , 
10014633,8730TT-ART-STAN,TRA, , ,50,30ART-102-25315,30 TON - 3 AXLE - 17.5 - 49,3,3035,NORTHEAST TRUCK & TRAILER,00:00.0,00:00.0,00:00.0,00:00.0,Y,N,S,7517.25,22839.66834,1,1,O, ,367,0,Y,N,N,N,34798,0,0,0,512892,0,0,15,13,0,Y,N,Y, ,N,1,0,1200,0,1,23773.62,13942.25,0,7088.9,603.2,0,109.06,9.28,0,23773.62,0,0,7088.9,0,0,0, ,00:00.0,1321, ,0, , ,     ,     ,  , , , , ,00:00.0,N,1,7517.25,22839.66834, , , , , , ,0,S,1,M, ,NULL,0,NULL,0,1,1,0,1, ,     ,0x000000011D7B61D3, , 
10014558,8753ET4X,TRA, , ,50,53ET4X-102-24983,TRAILER 53' 4AX ET AIR RIDE,3,3303,REMORQUE LEWIS,00:00.0,00:00.0,00:00.0,00:00.0,Y,N,S,11810.5,44587.88119,1,1,O, ,326,0,Y,N,N,N,70208,0,0,0,512793,0,0,15,13,0,Y,N,Y, ,N,1,0,1200,0,1,48218.49,27933.83,0,11583.65,540.8,0,178.21,8.32,0,48218.49,0,0,11583.65,0,0,0, ,00:00.0,1614, ,0, , ,     ,     ,  , , , , ,00:00.0,N,1,11810.5,44587.88119, , , , , , ,0,S,1,M, ,NULL,0,NULL,0,1,1,0,1, ,     ,0x000000011E21A0A6, , 
10014650,8725TT-ART-CAN,TRA, , ,50,25ART-102-25335,25 TON - 3 AXLE - 17.5 - 49 IN,3,3234,THE MCLEAN COMPANY,00:00.0,00:00.0,00:00.0,00:00.0,Y,N,S,9174.75,29332.82843,1,1,O, ,297,0,Y,N,N,N,49548.105,0,0,0,512921,0,0,15,13,0,Y,N,Y, ,N,1,0,1200,0,1,29739.02,20444.44,0,10798.45,3826.55,0,166.13,58.87,0,29739.02,0,0,10798.45,0,0,0, ,00:00.0,1337, ,0, , ,     ,     ,  , , , , ,00:00.0,N,1,9174.75,29332.82843, , , , , , ,0,S,1,M, ,NULL,0,NULL,0,1,1,0,1, ,     ,0x000000011DD87D48, , 
10014632,8730TT-ART-STAN,TRA, , ,50,30ART-102-25022,30 TON - 3 AXLE - 17.5 - 49,3,3035,NORTHEAST TRUCK & TRAILER,00:00.0,00:00.0,00:00.0,00:00.0,Y,N,S,8102.25,23840.48892,1,1,O, ,259,0,Y,N,N,N,36926,0,0,0,512891,0,0,15,13,0,Y,N,Y, ,N,1,0,1200,0,1,25435.1,19673.76,0,8365.5,1784.9,0,128.7,27.46,0,25435.1,0,0,8365.5,0,0,0, ,00:00.0,1338, ,0, , ,     ,     ,  , , , , ,00:00.0,N,1,8102.25,23840.48892, , , , , , ,0,S,1,M, ,NULL,0,NULL,0,1,1,0,1, ,     ,0x000000011DD87F93, , 
10014468,8753VT962X-STAN,TRA, , ,50,53VT2V DCI-96-25149,TRAILER 53' 2X VAN CONTAINER,3,2711,DEMOUNTABLE CONCEPTS INC.,00:00.0,00:00.0,00:00.0,00:00.0,Y,N,S,6669,22679.632,1,1,O, ,258,0,Y,N,N,N,35757.867,0,0,0,512697,0,0,15,13,0,Y,N,Y, ,N,1,0,1200,0,1,22366.32,10081.06,0,7007,3591.9,0,107.8,55.26,0,22366.32,0,0,7007,0,0,0, ,00:00.0,1614, ,0, , ,     ,     ,  , , , , ,00:00.0,N,1,6669,22679.632, , , , , , ,0,S,1,M, ,NULL,0,NULL,0,1,1,0,1, ,     ,0x000000011D33F5E7, , 
10014499,SG WO 9405,TRA, , ,50,PONY 3X17-25089,38' PONY TRAILER FRAME 3X,3,1975,CASH ON DELIVERY,00:00.0,00:00.0,00:00.0,00:00.0,Y,N,S,4816.5,28241.47955,1,1,O, ,234,0,Y,N,N,N,40421,0,0,0, ,0,0,15,13,0,Y,N,Y, ,N,1,0,1200,0,0,30529.87,18977.86,0,6741.15,3303.3,0,103.71,50.82,0,30529.87,0,0,6741.15,0,0,0, ,00:00.0,1542, ,0, , ,     ,     ,  , , , , ,00:00.0,N,1,4816.5,28241.47955, , , , , , ,0,S,1,M, ,NULL,0,NULL,0,1,1,0,1, ,     ,0x000000011E40C1C5, , 
20043471,4655  Steel Kit,SUB, , ,50,40970738,STEEL KIT FOR 25TT ANR,1,7778,BWS MACHINE SHOP,00:00.0,00:00.0,00:00.0,NULL,N,N,S,139.75,134.70267,1,0,P, ,0,0,Y,N,N,N,0,0,0,0, ,0,0,5,0,0,Y,N,Y, ,N,0,0,1200,2,0,0,0,0,0,0,0,0,0,0,0,0,0,0,0,0,0, ,00:00.0,750, ,0, , ,     ,     ,  , , , , ,00:00.0,N,1,139.75,134.70267, , , , , , ,0,S,1,M, ,NULL,0,NULL,0,1,0,0,1, ,     ,0x000000011BBC8F46, , 
20043709,4662  Steel Kit,SUB, , ,50,40970105,KIT STEEL 53ETPAVER 114',1,7778,BWS MACHINE SHOP,00:00.0,00:00.0,00:00.0,NULL,N,N,S,65,138.27242,1,0,P, ,0,0,Y,N,N,N,551.565,0,0,0, ,0,0,6,0,0,Y,N,Y, ,N,0,0,1200,2,0,0,0,0,0,0,0,0,0,0,0,0,0,0,0,0,0, ,00:00.0,1346, ,0, , ,     ,     ,  , , , , ,00:00.0,N,1,65,138.27242, , , , , , ,0,S,1,M, ,NULL,0,NULL,0,1,0,0,1, ,     ,0x000000011BBC9032, , 
20043736,POLE RAMP PUSH,SUB, , ,50,40935336,POLE RAMP PUSH,1, , ,00:00.0,00:00.0,00:00.0,NULL,N,N,S,52,129.40214,12,0,N, ,0,0,Y,N,N,N,403.55504,0,0,0, ,0,0,5,0,0,Y,N,Y, ,N,0,0,1200,2,0,0,0,0,0,0,0,0,0,0,0,0,0,0,0,0,0, ,NULL,0, ,0, , ,     ,     ,  , , , , ,00:00.0,N,12,52,129.40214, , , , , , ,0,S,1,M, ,NULL,0,NULL,0,12,0,0,12, ,     ,0x000000011BBC904C, , 
20043712,4698  Steel Kit,SUB, , ,50,41000020,"STEEL KIT FOR 25TT N/TILT 49""",1,7778,BWS MACHINE SHOP,00:00.0,00:00.0,00:00.0,NULL,N,N,S,221,731.01861,1,0,P, ,0,0,Y,N,N,N,0,0,0,0, ,0,0,6,0,0,Y,N,Y, ,N,0,0,1200,2,0,0,0,0,0,0,0,0,0,0,0,0,0,0,0,0,0, ,00:00.0,1336, ,0, , ,     ,     ,  , , , , ,00:00.0,N,1,221,731.01861, , , , , , ,0,S,1,M, ,NULL,0,NULL,0,1,0,0,1, ,     ,0x000000011BBC9035, , 
20043785,"RAMP SET 6' X 38"" SELF CLEAN",SUB, , ,50,40949394,"RAMP SET 6' X 38"" SELF CLEAN",1, , ,00:00.0,00:00.0,00:00.0,NULL,N,N,S,378.3,865.84757,5,0,N, ,16,0,Y,N,N,N,2455.47975,0,0,0, ,0,0,5,4,0,Y,N,Y, ,N,0,0,1200,2,0,3083.28,0,0,1002.95,0,0,15.43,0,0,0,0,0,0,0,0,0, ,00:00.0,1123, ,0, , ,     ,     ,  , , , , ,00:00.0,N,5,378.3,865.84757, , , , , , ,0,S,1,M, ,NULL,0,NULL,0,5,0,0,5, ,     ,0x000000011E40B616, , 
20043786,RAMP COMPENSATOR SHORT ASSY,SUB, , ,50,40949696,RAMP COMPENSATOR SHORT ASSY,1, , ,00:00.0,00:00.0,00:00.0,NULL,N,N,S,55.9,124.81359,10,0,N, ,1,0,Y,N,N,N,485.0916,0,0,0, ,0,0,3,1,0,Y,N,Y, ,N,0,0,1200,2,0,0,0,0,128.7,0,0,1.98,0,0,0,0,0,0,0,0,0, ,00:00.0,1126, ,0, , ,     ,     ,  , , , , ,00:00.0,N,10,55.9,124.81359, , , , , , ,0,S,1,M, ,NULL,0,NULL,0,10,0,0,10, ,     ,0x000000011E419611, , 
20043763,COMPENSATOR FOR RAMP ASSY.,SUB, , ,50,40944581,COMPENSATOR FOR RAMP ASSY.,1, , ,00:00.0,00:00.0,00:00.0,NULL,N,N,S,74.75,195.83368,5,0,N, ,2,0,Y,N,N,N,899.4258,0,0,0, ,0,0,3,1,0,Y,N,Y, ,N,0,0,1200,2,0,0,0,0,76.7,0,0,1.18,0,0,0,0,0,0,0,0,0, ,NULL,0, ,0, , ,     ,     ,  , , , , ,00:00.0,N,5,74.75,195.83368, , , , , , ,0,S,1,M, ,NULL,0,NULL,0,5,0,0,5, ,     ,0x000000011DFB003F, , 
20043766,"PLATE KICK 95"" BLANK",SUB, , ,50,40945955,"PLATE KICK 95"" BLANK",1, , ,00:00.0,00:00.0,00:00.0,00:00.0,Y,N,S,61.1,118.48609,2,2,N, ,5,0,Y,N,N,N,411.5955,0,0,0, ,0,0,3,2,0,Y,N,Y, ,N,1,0,1200,2,0,243.2,0,0,50.7,0,0,0.78,0,0,243.2,0,0,50.7,0,0,0, ,00:00.0,1104, ,0, , ,     ,     ,  , , , , ,00:00.0,N,2,61.1,118.48609, , , , , , ,0,S,1,M, ,NULL,0,NULL,0,2,2,0,2, ,     ,0x000000011D3403CD, , 
20043892,4672,SUB, , ,50,40993630,SIDERAIL ASSEMBLY,1, , ,00:00.0,00:00.0,00:00.0,NULL,N,N,S,547.3,2038.42136,1,0,N, ,3,0,Y,N,N,N,6639.996,0,0,0, ,0,0,3,1,0,Y,N,Y, ,N,0,0,1200,2,0,0,0,0,159.9,0,0,2.46,0,0,0,0,0,0,0,0,0, ,NULL,0, ,0, , ,     ,     ,  , , , , ,00:00.0,N,1,547.3,2038.42136, , , , , , ,0,S,1,M, ,NULL,0,NULL,0,1,0,0,1, ,     ,0x000000011D0D3757, , 
20043880,4762 4772,SUB, , ,50,40992275,"REAR SKIRT  ASSY   102""",1, , ,00:00.0,00:00.0,00:00.0,NULL,N,N,S,57.2,156.29446,2,0,N, ,3,0,Y,N,N,N,552.993,0,0,0, ,0,0,6,0,0,Y,N,Y, ,N,0,0,1200,2,0,306.32,0,0,0,0,0,0,0,0,0,0,0,0,0,0,0, ,NULL,0, ,0, , ,     ,     ,  , , , , ,00:00.0,N,2,57.2,156.29446, , , , , , ,0,S,1,M, ,NULL,0,NULL,0,2,0,0,2, ,     ,0x000000011E410625, , 
20043881,BOLSTER REAR D/S,SUB, , ,50,40992285,BOLSTER REAR D/S,1, , ,00:00.0,00:00.0,00:00.0,00:00.0,Y,N,S,65,67.3451,2,2,N, ,19,0,Y,N,N,N,264.588,0,0,0, ,0,0,2,1,0,Y,N,Y, ,N,1,0,1200,2,0,180.08,0,0,60.45,0,0,0.93,0,0,180.08,0,0,60.45,0,0,0, ,00:00.0,1110, ,0, , ,     ,     ,  , , , , ,00:00.0,N,2,65,67.3451, , , , , , ,0,S,1,M, ,NULL,0,NULL,0,2,2,0,2, ,     ,0x000000011D33FCE5, , 
20043882,BOLSTER REAR P/S,SUB, , ,50,40992288,BOLSTER REAR P/S,1, , ,00:00.0,00:00.0,00:00.0,00:00.0,Y,N,S,32.5,61.74546,2,2,N, ,12,0,Y,N,N,N,285.6765,0,0,0, ,0,0,2,0,0,Y,N,Y, ,N,1,0,1200,2,0,164.02,0,0,0,0,0,0,0,0,164.02,0,0,0,0,0,0, ,00:00.0,1111, ,0, , ,     ,     ,  , , , , ,00:00.0,N,2,32.5,61.74546, , , , , , ,0,S,1,M, ,NULL,0,NULL,0,2,2,0,2, ,     ,0x000000011D33FC37, , 
20043855,PIN BIFOLD RAMP ASSY,SUB, , ,50,40965020,PIN BIFOLD RAMP ASSY,1, , ,00:00.0,00:00.0,00:00.0,00:00.0,Y,N,S,39,294.29052,10,10,N, ,54,0,Y,N,N,N,831.0603,0,0,0, ,0,0,5,3,0,Y,N,Y, ,N,1,0,1200,2,0,3057.07,0,0,277.55,0,0,4.27,0,0,3057.07,0,0,277.55,0,0,0, ,00:00.0,1110, ,0, , ,     ,     ,  , , , , ,00:00.0,N,10,39,294.29052, , , , , , ,0,S,1,M, ,NULL,0,NULL,0,10,10,0,10, ,     ,0x000000011DFBF9BE, , 
20043771,BEAM WRAP FOR ET PAVER,SUB, , ,50,40947136,BEAM WRAP FOR ET PAVER,1, , ,00:00.0,00:00.0,00:00.0,NULL,N,N,S,39,61.33232,10,0,N, ,6,0,Y,N,N,N,148.1142,0,0,0, ,0,0,2,1,0,Y,N,Y, ,N,0,0,1200,2,0,613.13,0,0,168.35,0,0,2.59,0,0,0,0,0,0,0,0,0, ,NULL,0, ,0, , ,     ,     ,  , , , , ,00:00.0,N,10,39,61.33232, , , , , , ,0,S,1,M, ,NULL,0,NULL,0,10,0,0,10, ,     ,0x000000011D7953DF, , 
20043934,BRACKET ADJUSTABLE RIDE HEIGHT,SUB, , ,50,40948427,BRACKET ADJUSTABLE RIDE HEIGHT,1, , ,00:00.0,00:00.0,00:00.0,NULL,N,N,S,32.5,11.57016,2,0,N, ,1,0,Y,N,N,N,134.06199,0,0,0, ,0,0,3,1,0,Y,N,Y, ,N,0,0,1200,2,0,0,0,0,16.25,0,0,0.25,0,0,0,0,0,0,0,0,0, ,NULL,0, ,0, , ,     ,     ,  , , , , ,00:00.0,N,2,32.5,11.57016, , , , , , ,0,S,1,M, ,NULL,0,NULL,0,2,0,0,2, ,     ,0x000000011D349AC5, , 
20043930,COUPLER PLATE ASS'Y,SUB, , ,50,40946584,COUPLER PLATE ASS'Y,1, , ,00:00.0,00:00.0,00:00.0,NULL,N,N,S,87.1,341.6724,5,0,N, ,4,0,Y,N,N,N,953.8479,0,0,0, ,0,0,6,4,0,Y,N,Y, ,N,0,0,1200,2,0,0,0,0,150.8,0,0,2.32,0,0,0,0,0,0,0,0,0, ,00:00.0,1518, ,0, , ,     ,     ,  , , , , ,00:00.0,N,5,87.1,341.6724, , , , , , ,0,S,1,M, ,NULL,0,NULL,0,5,0,0,5, ,     ,0x000000011E1F2B60, , 
20043941,MOUNT SINGLE BAG PERCH,SUB, , ,50,40955951,MOUNT SINGLE BAG PERCH,1, , ,00:00.0,00:00.0,00:00.0,NULL,N,N,S,59.15,45.01102,10,0,N, ,0,0,Y,N,N,N,285.9927,0,0,0, ,0,0,6,0,0,Y,N,Y, ,N,0,0,1200,2,0,0,0,0,0,0,0,0,0,0,0,0,0,0,0,0,0, ,NULL,0, ,0, , ,     ,     ,  , , , , ,00:00.0,N,10,59.15,45.01102, , , , , , ,0,S,1,M, ,NULL,0,NULL,0,10,0,0,10, ,     ,0x000000011BBC9113, , 
20043966,"A-FRAME 2 BAG FOR 114"" TAG",SUB, , ,50,40964861,"A-FRAME 2 BAG FOR 114"" TAG",1, , ,00:00.0,00:00.0,00:00.0,NULL,N,N,S,708.5,1399.67439,5,0,N, ,0,0,Y,N,N,N,4870.4745,0,0,0, ,0,0,8,0,0,Y,N,Y, ,N,0,0,1200,2,0,0,0,0,0,0,0,0,0,0,0,0,0,0,0,0,0, ,00:00.0,1536, ,0, , ,     ,     ,  , , , , ,00:00.0,N,5,708.5,1399.67439, , , , , , ,0,S,1,M, ,NULL,0,NULL,0,5,0,0,5, ,     ,0x000000011BBC912C, , 
20043970,COUPLER PLATE ASS'Y,SUB, , ,50,40989447,COUPLER PLATE ASS'Y,1, , ,00:00.0,00:00.0,00:00.0,NULL,N,N,S,104,275.63856,2,0,N, ,5,0,Y,N,N,N,881.67099,0,0,0, ,0,0,6,4,0,Y,N,Y, ,N,0,0,1200,2,0,0,0,0,126.75,0,0,1.95,0,0,0,0,0,0,0,0,0, ,00:00.0,1540, ,0, , ,     ,     ,  , , , , ,00:00.0,N,2,104,275.63856, , , , , , ,0,S,1,M, ,NULL,0,NULL,0,2,0,0,2, ,     ,0x000000011DFE4CE0, , 
20043981,PIPE SPOOL MADE FROM 1-1/4 SCH,SUB, , ,50,40900486,PIPE SPOOL MADE FROM 1-1/4 SCH,1, , ,00:00.0,00:00.0,00:00.0,00:00.0,Y,N,S,1.3,0.34594,250,250,N, ,3,0,Y,N,N,N,5.01911,0,0,0, ,0,0,2,1,0,Y,N,Y, ,N,1,0,1200,2,0,86.49,0,0,366.6,0,0,5.64,0,0,86.49,0,0,366.6,0,0,0, ,NULL,0, ,0, , ,     ,     ,  , , , , ,00:00.0,N,250,1.3,0.34594, , , , , , ,0,S,1,M, ,NULL,0,NULL,0,250,250,0,250, ,     ,0x000000011D33BA59, , 
20043982,BRACKET OUTRIGER BOTTOM SUPORT,SUB, , ,50,40900501,BRACKET OUTRIGER BOTTOM SUPORT,1, , ,00:00.0,00:00.0,00:00.0,00:00.0,Y,N,S,8.45,3.75304,56,56,N, ,9,0,Y,N,N,N,21.75696,0,0,0, ,0,0,4,3,0,Y,N,Y, ,N,1,0,1200,2,0,210.45,0,0,536.25,0,0,8.25,0,0,210.45,0,0,536.25,0,0,0, ,NULL,0, ,0, , ,     ,     ,  , , , , ,00:00.0,N,56,8.45,3.75304, , , , , , ,0,S,1,M, ,NULL,0,NULL,0,56,56,0,56, ,     ,0x000000011DFC0DB1, , 
20043998,PIN ASSY. 51HDG DECK,SUB, , ,50,40950014,PIN ASSY. 51HDG DECK,1, , ,00:00.0,00:00.0,00:00.0,NULL,N,N,S,16.25,334.82379,4,0,N, ,7,0,Y,N,N,N,934.55588,0,0,0, ,0,0,4,3,0,Y,N,Y, ,N,0,0,1200,2,0,1332,0,0,78.65,0,0,1.21,0,0,0,0,0,0,0,0,0, ,NULL,0, ,0, , ,     ,     ,  , , , , ,00:00.0,N,4,16.25,334.82379, , , , , , ,0,S,1,M, ,NULL,0,NULL,0,4,0,0,4, ,     ,0x000000011E21B804, , 
20043961,"BUMPER 102"" ART & ET NEW",SUB, , ,50,40963615,"BUMPER 102"" ART & ET NEW",1, , ,00:00.0,00:00.0,00:00.0,NULL,N,N,S,47.45,315.19695,10,0,N, ,0,0,Y,N,N,N,909.5442,0,0,0, ,0,0,2,0,0,Y,N,Y, ,N,0,0,1200,2,0,0,0,0,0,0,0,0,0,0,0,0,0,0,0,0,0, ,NULL,0, ,0, , ,     ,     ,  , , , , ,00:00.0,N,10,47.45,315.19695, , , , , , ,0,S,1,M, ,NULL,0,NULL,0,10,0,0,10, ,     ,0x000000011BBC9127, , 
70002649,PONY TOOL CRIB COVER,PAR, , ,50,PY-TBX-P001,PONY TOOL CRIB COVER,4,7778,BWS MACHINE SHOP,00:00.0,00:00.0,00:00.0,00:00.0,Y,N,M,26,15.78784,12,12,P, ,3,0,Y,N,N,N,47.9655,0,0,0, ,0,0,3,2,0,Y,N,Y, ,N,1,0,1200,2,0,189.31,0,0,126.75,0,0,1.95,0,0,189.31,0,0,126.75,0,0,0, ,00:00.0,1432, ,0, , ,     ,     ,  , , , , ,00:00.0,N,12,26,15.78784, , , , , , ,0,S,1,M, ,NULL,0,NULL,0,12,12,0,12, ,     ,0x000000011D7C19C9, , 
20044648,STOCK,SUB, , ,50,22200628,CHAIN SANDER 17-3/4C/C AL667XH,1, , ,00:00.0,00:00.0,00:00.0,NULL,N,N,S,7.8,18.19773,60,0,N, ,0,0,Y,N,N,N,64.39515,0,0,0, ,0,0,4,0,0,Y,N,Y, ,N,0,0,1200,2,0,0,0,0,0,0,0,0,0,0,0,0,0,0,0,0,0, ,00:00.0,1432, ,0, , ,     ,     ,  , , , , ,00:00.0,N,60,7.8,18.19773, , , , , , ,0,S,1,M, ,NULL,0,NULL,0,60,0,0,60, ,     ,0x000000011DFD3423, , 
20044649,STOCK,SUB, , ,50,22200627,"CHAIN SANDER 18""CTC AL667XH",1, , ,00:00.0,00:00.0,00:00.0,NULL,N,N,S,7.8,18.28882,120,0,N, ,0,0,Y,N,N,N,63.92723,0,0,0, ,0,0,4,0,0,Y,N,Y, ,N,0,0,1200,2,0,0,0,0,0,0,0,0,0,0,0,0,0,0,0,0,0, ,NULL,0, ,0, , ,     ,     ,  , , , , ,00:00.0,N,120,7.8,18.28882, , , , , , ,0,S,1,M, ,NULL,0,NULL,0,120,0,0,120, ,     ,0x000000011DFD3441, , 
20044505,"PIPE 3/4"" SCH 80X100""",SUB, , ,50,40935394,"PIPE 3/4"" SCH 80X100""",1, , ,00:00.0,00:00.0,00:00.0,NULL,N,N,S,19.5,14.51919,1,0,N, ,0,0,Y,N,N,N,80.9115,0,0,0, ,0,0,3,0,0,Y,N,Y, ,N,0,0,1200,2,0,0,0,0,0,0,0,0,0,0,0,0,0,0,0,0,0, ,NULL,0, ,0, , ,     ,     ,  , , , , ,00:00.0,N,1,19.5,14.51919, , , , , , ,0,S,1,M, ,NULL,0,NULL,0,1,0,0,1, ,     ,0x000000011DD7C469, , 
20044506,"PIPE 1"" SCH 80X100""",SUB, , ,50,40935395,"PIPE 1"" SCH 80X100""",1, , ,00:00.0,00:00.0,00:00.0,NULL,N,N,S,19.5,21.6488,3,0,N, ,0,0,Y,N,N,N,73.34649,0,0,0, ,0,0,3,0,0,Y,N,Y, ,N,0,0,1200,2,0,0,0,0,0,0,0,0,0,0,0,0,0,0,0,0,0, ,NULL,0, ,0, , ,     ,     ,  , , , , ,00:00.0,N,3,19.5,21.6488, , , , , , ,0,S,1,M, ,NULL,0,NULL,0,3,0,0,3, ,     ,0x000000011DD7C492, , 
20044507,"PIPE 1-1/2 SCH 40X100""",SUB, , ,50,40935396,"PIPE 1-1/2 SCH 40X100""",1, , ,00:00.0,00:00.0,00:00.0,NULL,N,N,S,19.5,24.82335,1,0,N, ,0,0,Y,N,N,N,85.5525,0,0,0, ,0,0,3,0,0,Y,N,Y, ,N,0,0,1200,2,0,0,0,0,0,0,0,0,0,0,0,0,0,0,0,0,0, ,NULL,0, ,0, , ,     ,     ,  , , , , ,00:00.0,N,1,19.5,24.82335, , , , , , ,0,S,1,M, ,NULL,0,NULL,0,1,0,0,1, ,     ,0x000000011DD7C49E, , 
20044548,"PIPE SCH80 3/4X120""",SUB, , ,50,40958377,"PIPE SCH80 3/4X120""",1, , ,00:00.0,00:00.0,00:00.0,NULL,N,N,S,19.5,17.43,2,0,N, ,0,0,Y,N,N,N,87.6945,0,0,0, ,0,0,3,0,0,Y,N,Y, ,N,0,0,1200,2,0,0,0,0,0,0,0,0,0,0,0,0,0,0,0,0,0, ,NULL,0, ,0, , ,     ,     ,  , , , , ,00:00.0,N,2,19.5,17.43, , , , , , ,0,S,1,M, ,NULL,0,NULL,0,2,0,0,2, ,     ,0x000000011DFD200C, , 
20044549,"PIPE SCH80 1X120""",SUB, , ,50,40958379,"PIPE SCH80 1X120""",1, , ,00:00.0,00:00.0,00:00.0,NULL,N,N,S,19.5,21.6488,4,0,N, ,0,0,Y,N,N,N,141.30399,0,0,0, ,0,0,3,0,0,Y,N,Y, ,N,0,0,1200,2,0,0,0,0,0,0,0,0,0,0,0,0,0,0,0,0,0, ,NULL,0, ,0, , ,     ,     ,  , , , , ,00:00.0,N,4,19.5,21.6488, , , , , , ,0,S,1,M, ,NULL,0,NULL,0,4,0,0,4, ,     ,0x000000011DFD2025, , 
70002628,"21'-6"" T-BOX 1/4"" FLOOR",PAR, , ,50,TF1240,"21'-6"" T-BOX 1/4"" FLOOR",1,3384,STARGATE MFG LTD,00:00.0,00:00.0,00:00.0,NULL,N,N,S,1235,6181.39161,1,0,O, ,0,0,N,N,N,N,0,0,0,0,109901,0,0,3,0,0,Y,N,Y, ,N,0,0,1200,2,1,0,0,0,0,0,0,0,0,0,0,0,0,0,0,0,0, ,00:00.0,738, ,0, , ,     ,     ,  , , , , ,00:00.0,N,1,1235,6181.39161, , , , , , ,0,S,1,M, ,NULL,0,NULL,0,1,0,0,1, ,     ,0x000000011D77F584, , 
70002641,FIFTH WHEEL PLATE ASSY,PAR, , ,50,TR-UC15-G12-A004,FIFTH WHEEL PLATE ASSY,1,7778,BWS MACHINE SHOP,00:00.0,00:00.0,00:00.0,00:00.0,Y,N,S,325,1161.78237,1,1,P, ,38,0,Y,N,N,N,0,0,0,0, ,0,0,2,1,0,Y,N,Y, ,N,1,0,1200,2,0,1139.02,0,0,544.05,0,0,8.37,0,0,1139.02,0,0,544.05,0,0,0, ,00:00.0,703, ,0, , ,     ,     ,  , , , , ,00:00.0,N,1,325,1161.78237, , , , , , ,0,S,1,M, ,NULL,0,NULL,0,1,1,0,1, ,     ,0x000000011DF9268B, , 
70002642,FIFTH WHEEL PLATE ASS'Y,PAR, , ,50,TR-UC18-G12-A103,FIFTH WHEEL PLATE ASS'Y,1,7778,BWS MACHINE SHOP,00:00.0,00:00.0,00:00.0,00:00.0,Y,N,S,325,1120.51623,1,1,P, ,35,0,Y,N,N,N,0,0,0,0, ,0,0,2,1,0,Y,N,Y, ,N,1,0,1200,2,0,1118.24,0,0,356.2,0,0,5.48,0,0,1118.24,0,0,356.2,0,0,0, ,00:00.0,657, ,0, , ,     ,     ,  , , , , ,00:00.0,N,1,325,1120.51623, , , , , , ,0,S,1,M, ,NULL,0,NULL,0,1,1,0,1, ,     ,0x000000011DF919B1, , 
70002643,FIFTH WHEEL PLATE ASSY,PAR, , ,50,TR-UC15-G12-A004,FIFTH WHEEL PLATE ASSY,1,7778,BWS MACHINE SHOP,00:00.0,00:00.0,00:00.0,00:00.0,Y,N,S,325,1161.78237,1,1,P, ,38,0,Y,N,N,N,0,0,0,0, ,0,0,2,1,0,Y,N,Y, ,N,1,0,1200,2,0,1139.02,0,0,169,0,0,2.6,0,0,1139.02,0,0,211.25,0,0,0, ,00:00.0,704, ,0, , ,     ,     ,  , , , , ,00:00.0,N,1,325,1161.78237, , , , , , ,0,S,1,M, ,NULL,0,NULL,0,1,1,0,1, ,     ,0x000000011DFA6674, , 
70002501,PONY AXLE COVER,PAR, , ,50,PY-FCP-P001,PONY AXLE COVER,4, , ,00:00.0,00:00.0,00:00.0,NULL,N,N,S,9.75,23.91266,4,0,N, ,0,0,Y,N,N,N,64.86208,0,0,0, ,0,0,2,0,0,Y,N,Y, ,N,0,0,1200,2,0,0,0,0,0,0,0,0,0,0,0,0,0,0,0,0,0, ,NULL,0, ,0, , ,     ,     ,  , , , , ,00:00.0,N,4,9.75,23.91266, , , , , , ,0,S,1,M, ,NULL,0,NULL,0,4,0,0,4, ,     ,0x000000011C74E489, , 
20044088,MOUNT MUDFLAP BOLT ON,SUB, , ,50,22202807,MOUNT MUDFLAP BOLT ON,1, , ,00:00.0,00:00.0,00:00.0,NULL,N,N,S,22.1,14.31351,10,0,N, ,0,0,Y,N,N,N,84.87443,0,0,0, ,0,0,5,0,0,Y,N,Y, ,N,0,0,1200,2,0,0,0,0,0,0,0,0,0,0,0,0,0,0,0,0,0, ,00:00.0,1448, ,0, , ,     ,     ,  , , , , ,00:00.0,N,10,22.1,14.31351, , , , , , ,0,S,1,M, ,NULL,0,NULL,0,10,0,0,10, ,     ,0x000000011BBC91A2, , 
20044041,4733,SUB, , ,50,40961170,GOOSENECK FOR 42'48'53' ET,1, , ,00:00.0,00:00.0,00:00.0,NULL,N,N,S,483.6,2166.90521,1,0,N, ,7,0,Y,N,N,N,7133.319,0,0,0, ,0,0,2,0,0,Y,N,Y, ,N,0,0,1200,2,0,37.79,0,0,0,0,0,0,0,0,0,0,0,0,0,0,0, ,NULL,0, ,0, , ,     ,     ,  , , , , ,00:00.0,N,1,483.6,2166.90521, , , , , , ,0,S,1,M, ,NULL,0,NULL,0,1,0,0,1, ,     ,0x000000011C2D289B, , 
20044057,"BEAM ASS. PV GNK114""-18""-24""KP",SUB, , ,50,40946577,"BEAM ASS. PV GNK114""-18""-24""KP",1, , ,00:00.0,00:00.0,00:00.0,NULL,N,N,S,442.65,686.33206,2,0,N, ,0,0,Y,N,N,N,2857.581,0,0,0, ,0,0,5,0,0,Y,N,Y, ,N,0,0,1200,2,0,0,0,0,0,0,0,0,0,0,0,0,0,0,0,0,0, ,NULL,0, ,0, , ,     ,     ,  , , , , ,00:00.0,N,2,442.65,686.33206, , , , , , ,0,S,1,M, ,NULL,0,NULL,0,2,0,0,2, ,     ,0x000000011BBC9184, , 
20044046,4672,SUB, , ,50,40992146,GNK 55HDG3X E  V2020,1, , ,00:00.0,00:00.0,00:00.0,NULL,N,N,S,1820,11662.51895,1,0,N, ,22,0,Y,N,N,N,31023.9885,0,0,0, ,0,0,2,0,0,Y,N,Y, ,N,0,0,1200,2,0,734.86,0,0,0,0,0,0,0,0,0,0,0,0,0,0,0, ,NULL,0, ,0, , ,     ,     ,  , , , , ,00:00.0,N,1,1820,11662.51895, , , , , , ,0,S,1,M, ,NULL,0,NULL,0,1,0,0,1, ,     ,0x000000011CB9B70E, , 
70002467,BEAM ASSY PONY 3X,PAR, , ,50,PY-FR-A001,BEAM ASSY PONY 3X,1,7778,BWS MACHINE SHOP,00:00.0,00:00.0,00:00.0,NULL,N,N,S,1950,3114.64336,1,0,P, ,22,0,Y,N,N,N,11827.512,0,0,0, ,0,0,8,7,0,Y,N,Y, ,N,0,0,1200,2,0,1920,0,0,1176.5,0,0,18.1,0,0,0,0,0,0,0,0,0, ,00:00.0,1545, ,0, , ,     ,     ,  , , , , ,00:00.0,N,1,1950,3114.64336, , , , , , ,0,S,1,M, ,NULL,0,NULL,0,1,0,0,1, ,     ,0x000000011DD31724, , 
70002136,STEEL PARTS FOR WO9420,PAR, , ,50,SP9420,STEEL PARTS FOR WO9420,1,3384,STARGATE MFG LTD,00:00.0,00:00.0,00:00.0,NULL,N,N,S,0,2163.16056,1,0,O, ,0,0,N,N,N,N,0,0,0,0,109449,0,0,2,0,0,Y,N,Y, ,N,0,0,1200,2,1,0,0,0,0,0,0,0,0,0,0,0,0,0,0,0,0, ,00:00.0,1537, ,0, , ,     ,     ,  , , , , ,00:00.0,N,1,0,2163.16056, , , , , , ,0,S,1,M, ,NULL,0,NULL,0,1,0,0,1, ,     ,0x000000011BBCA88B, , 
70002259,"17FT PONY BOX FLOOR 1/4""",PAR, , ,50,PF9196,"17FT PONY BOX FLOOR 1/4""",1,3384,STARGATE MFG LTD,00:00.0,00:00.0,00:00.0,NULL,N,N,S,1235,3699.63685,1,0,O, ,47,0,Y,N,N,N,0,0,0,0,109621,0,0,3,2,0,Y,N,Y, ,N,0,0,1200,2,1,2649.97,0,0,2070.25,1004.9,0,31.85,15.46,0,0,0,0,0,0,0,0, ,00:00.0,833, ,0, , ,     ,     ,  , , , , ,00:00.0,N,1,1235,3699.63685, , , , , , ,0,S,1,M, ,NULL,0,NULL,0,1,0,0,1, ,     ,0x000000011CB6AF30, , 
70002278,"20'-9"" T-BOX FLOOR",PAR, , ,50,TF1218,"20'-9"" T-BOX FLOOR",1,3384,STARGATE MFG LTD,00:00.0,00:00.0,00:00.0,NULL,N,N,S,1495,5553.72312,1,0,O, ,0,0,Y,N,N,N,0,0,0,0,109640,0,0,3,0,0,Y,N,Y, ,N,0,0,1200,2,1,0,0,0,0,0,0,0,0,0,0,0,0,0,0,0,0, ,00:00.0,731, ,0, , ,     ,     ,  , , , , ,00:00.0,N,1,1495,5553.72312, , , , , , ,0,S,1,M, ,NULL,0,NULL,0,1,0,0,1, ,     ,0x000000011D77E4D0, , 
20044221,KIT LIFT PARTS 25K 260 SUSP,SUB, , ,50,40968710,KIT LIFT PARTS 25K 260 SUSP,1, , ,00:00.0,00:00.0,00:00.0,NULL,N,N,S,65,94.56081,9,0,N, ,1,0,Y,N,N,N,382.92218,0,0,0, ,0,0,5,1,0,Y,N,Y, ,N,0,0,1200,2,0,0,0,0,6.5,0,0,0.1,0,0,0,0,0,0,0,0,0, ,NULL,0, ,0, , ,     ,     ,  , , , , ,00:00.0,N,9,65,94.56081, , , , , , ,0,S,1,M, ,NULL,0,NULL,0,9,0,0,9, ,     ,0x000000011DD2BB12, , 
20044306,4736  Grease Bank,SUB, , ,50,40957630,GREASE BANK ASS.,1,7778,BWS MACHINE SHOP,00:00.0,00:00.0,00:00.0,NULL,N,N,S,0,38.02,1,0,P, ,2,0,Y,N,N,N,151.5465,0,0,0, ,0,0,2,0,0,Y,N,Y, ,N,0,0,1200,2,0,38.02,0,0,0,0,0,0,0,0,0,0,0,0,0,0,0, ,00:00.0,1119, ,0, , ,     ,     ,  , , , , ,00:00.0,N,1,0,38.02, , , , , , ,0,S,1,M, ,NULL,0,NULL,0,1,0,0,1, ,     ,0x000000011D7B0622, , 
30001665,CLAIM #6701 - ABS SENSOR,WAR, , ,50,#0999999,Warranty Parts Only,**,9999,WARRANTY,00:00.0,00:00.0,00:00.0,NULL,N,N,M,0,0,1,0, , ,1,0,N,N,N,N,0,0,0,0, ,0,0,1,0,0,Y,N,Y, ,N,0,0,1200,6,0,21.21,0,0,0,0,0,0,0,0,0,0,0,0,0,0,0, ,00:00.0,1327, ,0, , ,     ,     ,  , , , , ,00:00.0,N,1,0,0, , , , , , ,0,S,1,M, ,NULL,0,NULL,0,1,0,0,1, ,     ,0x000000011D7B68DB, , 
70002260,17FT PONY BOX FLOOR 3/8IN,PAR, , ,50,PF9197,17FT PONY BOX FLOOR 3/8IN,1,3384,STARGATE MFG LTD,00:00.0,00:00.0,00:00.0,NULL,N,N,S,1235,3699.63685,1,0,O, ,0,0,Y,N,N,N,0,0,0,0,109622,0,0,3,0,0,Y,N,Y, ,N,0,0,1200,2,1,0,0,0,0,0,0,0,0,0,0,0,0,0,0,0,0, ,00:00.0,751, ,0, , ,     ,     ,  , , , , ,00:00.0,N,1,1235,3699.63685, , , , , , ,0,S,1,M, ,NULL,0,NULL,0,1,0,0,1, ,     ,0x000000011BBCA8FD, , 
70002426,STEEL PARTS FOR WO9066,PAR, , ,50,SP9066,STEEL PARTS FOR WO9066,1,3384,STARGATE MFG LTD,00:00.0,00:00.0,00:00.0,00:00.0,Y,N,S,0,2113.95015,1,1,O, ,9,0,N,N,N,N,0,0,0,0,109697,0,0,2,0,0,Y,N,Y, ,N,1,0,1200,2,1,2016.44,0,0,0,0,0,0,0,0,2016.44,0,0,0,0,0,0, ,00:00.0,653, ,0, , ,     ,     ,  , , , , ,00:00.0,N,1,0,2113.95015, , , , , , ,0,S,1,M, ,NULL,0,NULL,0,1,1,0,1, ,     ,0x000000011DF934FB, , 
70002498,4810,PAR, , ,50,40995961,A-FRAME CONNECTOR DOLLEY,1, , ,00:00.0,00:00.0,00:00.0,NULL,N,N,S,728,1449.84297,1,0,N, ,0,0,Y,N,N,N,0,0,0,0, ,0,0,5,0,0,Y,N,Y, ,N,0,0,1200,2,0,0,0,0,0,0,0,0,0,0,0,0,0,0,0,0,0, ,NULL,0, ,0, , ,     ,     ,  , , , , ,00:00.0,N,1,728,1449.84297, , , , , , ,0,S,1,M, ,NULL,0,NULL,0,1,0,0,1, ,     ,0x000000011C74E447, , 
20044163,4731,SUB, , ,50,40970292,PLATE 5/16X48-1/4X27-1/8=8.9,1, , ,00:00.0,00:00.0,00:00.0,NULL,N,N,S,13,91.61357,2,0,N, ,0,0,Y,N,N,N,0,0,0,0, ,0,0,3,0,0,Y,N,Y, ,N,0,0,1200,2,0,0,0,0,0,0,0,0,0,0,0,0,0,0,0,0,0, ,NULL,0, ,0, , ,     ,     ,  , , , , ,00:00.0,N,2,13,91.61357, , , , , , ,0,S,1,M, ,NULL,0,NULL,0,2,0,0,2, ,     ,0x000000011BBC91EB, , 
20044173,4737,SUB, , ,50,41000111,TIRE CARRIER UNDERMOUNT / TAG,1, , ,00:00.0,00:00.0,00:00.0,00:00.0,Y,N,S,195,23.50511,1,1,N, ,8,0,Y,N,N,N,0,0,0,0, ,0,0,4,3,0,Y,N,Y, ,N,1,0,1200,0,0,23.78,0,0,183.95,0,0,2.83,0,0,23.78,0,0,183.95,0,0,0, ,NULL,0, ,0, , ,     ,     ,  , , , , ,00:00.0,N,1,195,23.50511, , , , , , ,0,S,1,M, ,NULL,0,NULL,0,1,1,0,1, ,     ,0x000000011D7C18FE, , 
20044270,GNK RIDE HEIGHT ASSY,SUB, , ,50,40992180,GNK RIDE HEIGHT ASSY,1, , ,00:00.0,00:00.0,00:00.0,NULL,N,N,S,130,382.09412,1,0,N, ,0,0,Y,N,N,N,1372.002,0,0,0, ,0,0,5,0,0,Y,N,Y, ,N,0,0,1200,2,0,0,0,0,0,0,0,0,0,0,0,0,0,0,0,0,0, ,NULL,0, ,0, , ,     ,     ,  , , , , ,00:00.0,N,1,130,382.09412, , , , , , ,0,S,1,M, ,NULL,0,NULL,0,1,0,0,1, ,     ,0x000000011C948330, , 
20044271,GNK X-MEMBER ASSY,SUB, , ,50,40993492,GNK X-MEMBER ASSY,1, , ,00:00.0,00:00.0,00:00.0,00:00.0,Y,N,S,123.5,281.40102,1,1,N, ,18,0,Y,N,N,N,1005.52449,0,0,0, ,0,0,4,3,0,Y,N,Y, ,N,1,0,1200,2,0,307.88,0,0,166.4,0,0,2.56,0,0,307.88,0,0,166.4,0,0,0, ,00:00.0,1304, ,0, , ,     ,     ,  , , , , ,00:00.0,N,1,123.5,281.40102, , , , , , ,0,S,1,M, ,NULL,0,NULL,0,1,1,0,1, ,     ,0x000000011DB1FE23, , 
20044272,COUPLER PLATE ASSEMBLY HDG,SUB, , ,50,40993494,COUPLER PLATE ASSEMBLY HDG,1, , ,00:00.0,00:00.0,00:00.0,NULL,N,N,S,133.25,432.13496,1,0,N, ,0,0,Y,N,N,N,1366.851,0,0,0, ,0,0,3,0,0,Y,N,Y, ,N,0,0,1200,0,0,0,0,0,0,0,0,0,0,0,0,0,0,0,0,0,0, ,NULL,0, ,0, , ,     ,     ,  , , , , ,00:00.0,N,1,133.25,432.13496, , , , , , ,0,S,1,M, ,NULL,0,NULL,0,1,0,0,1, ,     ,0x000000011C9483E8, , 
70002599,"WET LINE PIPE ASSY  29""",PAR, , ,50,TR-UC-A002,"WET LINE PIPE ASSY  29""",1, , ,00:00.0,00:00.0,00:00.0,NULL,N,N,S,32.5,8.67935,10,0,N, ,0,0,Y,N,N,N,59.925,0,0,0, ,0,0,4,0,0,Y,N,Y, ,N,0,0,1200,2,0,0,0,0,0,0,0,0,0,0,0,0,0,0,0,0,0, ,00:00.0,1545, ,0, , ,     ,     ,  , , , , ,00:00.0,N,10,32.5,8.67935, , , , , , ,0,S,1,M, ,NULL,0,NULL,0,10,0,0,10, ,     ,0x000000011C750AB4, , 
70002575,AXLE STOP ASSY,PAR, , ,50,TR-RSB-A004,AXLE STOP ASSY,1, , ,00:00.0,00:00.0,00:00.0,NULL,N,N,S,39,17.39712,7,0,N, ,4,0,Y,N,N,N,128.31707,0,0,0, ,0,0,3,1,0,Y,N,Y, ,N,0,0,1200,2,0,80.95,0,0,141.7,0,0,2.18,0,0,0,0,0,0,0,0,0, ,NULL,0, ,0, , ,     ,     ,  , , , , ,00:00.0,N,7,39,17.39712, , , , , , ,0,S,1,M, ,NULL,0,NULL,0,7,0,0,7, ,     ,0x000000011E407327, , 
20044594,TOWER X-MEMBER ASSY,SUB, , ,50,40993503,TOWER X-MEMBER ASSY,1, , ,00:00.0,00:00.0,00:00.0,NULL,N,N,S,130,366.13625,1,0,N, ,0,0,Y,N,N,N,1122.51,0,0,0, ,0,0,3,0,0,Y,N,Y, ,N,0,0,1200,2,0,0,0,0,0,0,0,0,0,0,0,0,0,0,0,0,0, ,NULL,0, ,0, , ,     ,     ,  , , , , ,00:00.0,N,1,130,366.13625, , , , , , ,0,S,1,M, ,NULL,0,NULL,0,1,0,0,1, ,     ,0x000000011DFD26E4, , 
20043926,"FLAT BAR 1/4 X 2 X 23-3/8""",SUB, , ,50,40946406,"FLAT BAR 1/4 X 2 X 23-3/8""",1, , ,00:00.0,00:00.0,00:00.0,00:00.0,Y,N,S,1.95,1.97973,40,40,N, ,2,0,Y,N,N,N,7.22586,0,0,0, ,0,0,2,1,0,Y,N,Y, ,N,1,0,1200,2,0,82.48,0,0,40.3,0,0,0.62,0,0,82.48,0,0,40.3,0,0,0, ,NULL,0, ,0, , ,     ,     ,  , , , , ,00:00.0,N,40,1.95,1.97973, , , , , , ,0,S,1,M, ,NULL,0,NULL,0,40,40,0,40, ,     ,0x000000011DFBF944, , 
20043825,"ANGLE 1-1/2X1-1/2X1/4X101-1/4""",SUB, , ,50,40962689,"ANGLE 1-1/2X1-1/2X1/4X101-1/4""",1, , ,00:00.0,00:00.0,00:00.0,NULL,N,N,S,4.55,12.72634,20,0,N, ,2,0,Y,N,N,N,41.49806,0,0,0, ,0,0,2,1,0,Y,N,Y, ,N,0,0,1200,2,0,257.91,0,0,107.25,0,0,1.65,0,0,0,0,0,0,0,0,0, ,NULL,0, ,0, , ,     ,     ,  , , , , ,00:00.0,N,20,4.55,12.72634, , , , , , ,0,S,1,M, ,NULL,0,NULL,0,20,0,0,20, ,     ,0x000000011DFAE480, , 
20043902,"ANGLE 4 x 3 x 3/8 x 17-7/8""",SUB, , ,50,4.03743E+11,"ANGLE 4 x 3 x 3/8 x 17-7/8""",1, , ,00:00.0,00:00.0,00:00.0,NULL,N,N,S,5.2,7.92225,2,0,N, ,2,0,Y,N,N,N,25.38525,0,0,0, ,0,0,2,1,0,Y,N,Y, ,N,0,0,1200,2,0,0,0,0,59.15,0,0,0.91,0,0,0,0,0,0,0,0,0, ,NULL,0, ,0, , ,     ,     ,  , , , , ,00:00.0,N,2,5.2,7.92225, , , , , , ,0,S,1,M, ,NULL,0,NULL,0,2,0,0,2, ,     ,0x000000011DFCC530, , 
20043717,4702  Steel Kit,SUB, , ,50,41000101,STEEL KIT FOR 21 TAG N/TILT,1,7778,BWS MACHINE SHOP,00:00.0,00:00.0,00:00.0,NULL,N,N,S,156,401.52012,1,0,P, ,0,0,Y,N,N,N,0,0,0,0, ,0,0,6,0,0,Y,N,Y, ,N,0,0,1200,2,0,0,0,0,0,0,0,0,0,0,0,0,0,0,0,0,0, ,00:00.0,1417, ,0, , ,     ,     ,  , , , , ,00:00.0,N,1,156,401.52012, , , , , , ,0,S,1,M, ,NULL,0,NULL,0,1,0,0,1, ,     ,0x000000011BBC9039, , 
20043689,4658  Beams,SUB, , ,50,40936616,"BEAM ASSY 53ET3XP - 72""",1,7778,BWS MACHINE SHOP,00:00.0,00:00.0,00:00.0,NULL,N,N,S,1896.05,2647.12898,1,0,P, ,26,0,Y,N,N,N,9026.0565,0,0,0, ,0,0,7,6,0,Y,N,Y, ,N,0,0,1200,2,0,2619.93,0,0,1309.75,0,0,20.15,0,0,0,0,0,0,0,0,0, ,NULL,733, ,0, , ,     ,     ,  , , , , ,00:00.0,N,1,1896.05,2647.12898, , , , , , ,0,S,1,M, ,NULL,0,NULL,0,1,0,0,1, ,     ,0x000000011E40CD47, , 
10014329,SG WO 9192,TRA, , ,50,PONY 3X17-24745,38' PONY TRAILER FRAME 3X,3,1975,CASH ON DELIVERY,00:00.0,00:00.0,00:00.0,00:00.0,Y,N,S,4816.5,11810.73978,1,1,O, ,429,0,Y,N,N,N,26028,0,0,0, ,0,0,15,13,0,Y,N,Y, ,N,1,0,1200,0,0,30155.44,19128.49,-2.45,6887.4,195,0,105.96,3,0,30155.44,0,0,6887.4,0,0,0, ,00:00.0,1110, ,0, , ,     ,     ,  , , , , ,00:00.0,N,1,4816.5,11810.73978, , , , , , ,0,S,1,M, ,NULL,0,NULL,0,1,1,0,1, ,     ,0x000000011DB2337E, , 
10014735,8721TT-NO/TILT,TRA, , ,50,20NTT-102-25590,20 TON - 2 AXLE - 17.5 - 49 IN,3,3303,REMORQUE LEWIS,00:00.0,00:00.0,00:00.0,NULL,N,N,S,6864,16501.45136,1,0,O, ,187,0,Y,N,N,N,28344,0,0,0,513019,0,0,15,13,0,Y,N,Y, ,N,0,0,1200,0,1,16769.99,0,0,4976.4,0,0,76.56,0,0,0,0,0,0,0,0,0, ,00:00.0,1031, ,0, , ,     ,     ,  , , , , ,00:00.0,N,1,6864,16501.45136, , , , , , ,0,S,1,M, ,NULL,0,NULL,0,1,0,0,1, ,     ,0x000000011E2265EF, , 
20043693,4732  Beams,SUB, , ,50,40936616,"BEAM ASSY 53ET3XP - 72""",1,7778,BWS MACHINE SHOP,00:00.0,00:00.0,00:00.0,NULL,N,N,S,1896.05,2647.12898,1,0,P, ,3,0,Y,N,N,N,9026.0565,0,0,0, ,0,0,7,3,0,Y,N,Y, ,N,0,0,1200,2,0,0,0,0,42.9,0,0,0.66,0,0,0,0,0,0,0,0,307917, ,NULL,733, ,0, , ,     ,     ,  , , , , ,00:00.0,N,1,1896.05,2647.12898, , , , , , ,0,S,1,M, ,NULL,0,NULL,0,1,0,0,1, ,     ,0x000000011E40CCA1, , 
20043718,4663  Steel Kit,SUB, , ,50,40937621,KIT STEEL 53ET4X,1,7778,BWS MACHINE SHOP,00:00.0,00:00.0,00:00.0,NULL,N,N,S,230.75,325.4378,1,0,P, ,0,0,Y,N,N,N,2565.3,0,0,0, ,0,0,6,0,0,Y,N,Y, ,N,0,0,1200,2,0,0,0,0,0,0,0,0,0,0,0,0,0,0,0,0,0, ,00:00.0,838, ,0, , ,     ,     ,  , , , , ,00:00.0,N,1,230.75,325.4378, , , , , , ,0,S,1,M, ,NULL,0,NULL,0,1,0,0,1, ,     ,0x000000011BBC903A, , 
20043725,BRACKET WESTERN LOG L GEAR,SUB, , ,50,40933251,BRACKET WESTERN LOG L GEAR,1, , ,00:00.0,00:00.0,00:00.0,NULL,N,N,S,31.2,20.38839,4,0,N, ,2,0,Y,N,N,N,205.16025,0,0,0, ,0,0,4,0,0,Y,N,Y, ,N,0,0,1200,2,0,101.45,0,0,0,0,0,0,0,0,0,0,0,0,0,0,0, ,NULL,0, ,0, , ,     ,     ,  , , , , ,00:00.0,N,4,31.2,20.38839, , , , , , ,0,S,1,M, ,NULL,0,NULL,0,4,0,0,4, ,     ,0x000000011E41051E, , 
20043726,BRACKET FRONT WESTERN LOG,SUB, , ,50,40933252,BRACKET FRONT WESTERN LOG,1, , ,00:00.0,00:00.0,00:00.0,00:00.0,Y,N,S,10.4,16.80568,4,4,N, ,5,0,Y,N,N,N,59.98026,0,0,0, ,0,0,2,1,0,Y,N,Y, ,N,1,0,1200,2,0,67.22,0,0,48.75,0,0,0.75,0,0,67.22,0,0,48.75,0,0,0, ,NULL,0, ,0, , ,     ,     ,  , , , , ,00:00.0,N,4,10.4,16.80568, , , , , , ,0,S,1,M, ,NULL,0,NULL,0,4,4,0,4, ,     ,0x000000011D33DC1F, , 
20043729,4704 4705,SUB, , ,50,40934449,"REAR LIGHT BAR 114"" LOGGER",1, , ,00:00.0,00:00.0,00:00.0,NULL,N,N,S,208.975,100.35322,2,0,N, ,6,0,Y,N,N,N,956.4795,0,0,0, ,0,0,6,3,0,Y,N,Y, ,N,0,0,1200,2,0,0,0,0,202.8,0,0,3.12,0,0,0,0,0,0,0,0,0, ,NULL,0, ,0, , ,     ,     ,  , , , , ,00:00.0,N,2,208.975,100.35322, , , , , , ,0,S,1,M, ,NULL,0,NULL,0,2,0,0,2, ,     ,0x000000011E21325C, , 
20043730,4704 4705,SUB, , ,50,40934789,SWING ARM ASSY.,1, , ,00:00.0,00:00.0,00:00.0,NULL,N,N,S,48.75,16.28746,4,0,N, ,4,0,Y,N,N,N,177.99849,0,0,0, ,0,0,5,3,0,Y,N,Y, ,N,0,0,1200,2,0,9.77,0,0,144.3,0,0,2.22,0,0,0,0,0,0,0,0,0, ,NULL,0, ,0, , ,     ,     ,  , , , , ,00:00.0,N,4,48.75,16.28746, , , , , , ,0,S,1,M, ,NULL,0,NULL,0,4,0,0,4, ,     ,0x000000011E410A3B, , 
20043731,4704 4705,SUB, , ,50,40934799,COVER SUSPENSION,1, , ,00:00.0,00:00.0,00:00.0,NULL,N,N,S,45.5,30.75989,6,0,N, ,0,0,Y,N,N,N,127.87684,0,0,0, ,0,0,5,0,0,Y,N,Y, ,N,0,0,1200,2,0,0,0,0,0,0,0,0,0,0,0,0,0,0,0,0,0, ,NULL,0, ,0, , ,     ,     ,  , , , , ,00:00.0,N,6,45.5,30.75989, , , , , , ,0,S,1,M, ,NULL,0,NULL,0,6,0,0,6, ,     ,0x000000011BBC9047, , 
20043732,4704 4705,SUB, , ,50,40934971,X-MEMBER ASSY.,1, , ,00:00.0,00:00.0,00:00.0,NULL,N,N,S,130,72.4833,10,0,N, ,13,0,Y,N,N,N,420.73088,0,0,0, ,0,0,6,5,0,Y,N,Y, ,N,0,0,1200,2,0,0,0,0,1149.2,0,0,17.68,0,0,0,0,0,0,0,0,0, ,NULL,0, ,0, , ,     ,     ,  , , , , ,00:00.0,N,10,130,72.4833, , , , , , ,0,S,1,M, ,NULL,0,NULL,0,10,0,0,10, ,     ,0x000000011E2098E2, , 
20043733,4704 4705,SUB, , ,50,40934972,X-MEMBER ASSY.,1, , ,00:00.0,00:00.0,00:00.0,NULL,N,N,S,130,47.42014,2,0,N, ,2,0,Y,N,N,N,446.05449,0,0,0, ,0,0,6,1,0,Y,N,Y, ,N,0,0,1200,2,0,0,0,0,12.35,0,0,0.19,0,0,0,0,0,0,0,0,0, ,NULL,0, ,0, , ,     ,     ,  , , , , ,00:00.0,N,2,130,47.42014, , , , , , ,0,S,1,M, ,NULL,0,NULL,0,2,0,0,2, ,     ,0x000000011C991C23, , 
20043755,NUSS OS BEAM CONNECTOR ASM,SUB, , ,50,40939501,NUSS OS BEAM CONNECTOR ASM,1, , ,00:00.0,00:00.0,00:00.0,NULL,N,N,S,53.95,30.56872,24,0,N, ,1,0,Y,N,N,N,116.25131,0,0,0, ,0,0,3,1,0,Y,N,Y, ,N,0,0,1200,2,0,0,0,0,113.75,0,0,1.75,0,0,0,0,0,0,0,0,0, ,00:00.0,1036, ,0, , ,     ,     ,  , , , , ,00:00.0,N,24,53.95,30.56872, , , , , , ,0,S,1,M, ,NULL,0,NULL,0,24,0,0,24, ,     ,0x000000011C981781, , 
20043758,4766,SUB, , ,50,40940215,"BUMPER 114"" ART & ET NEW",1, , ,00:00.0,00:00.0,00:00.0,00:00.0,Y,N,S,51.35,160.43944,1,1,N, ,36,0,Y,N,N,N,0,0,0,0, ,0,0,2,1,0,Y,N,Y, ,N,3,0,1200,2,0,417.13,0,0,85.8,0,0,1.32,0,0,417.13,0,0,85.8,0,0,0, ,00:00.0,1101, ,0, , ,     ,     ,  , , , , ,00:00.0,N,1,51.35,160.43944, , , , , , ,0,S,1,M, ,NULL,0,NULL,0,1,1,0,1, ,     ,0x000000011DFC00D0, , 
20043767,4704 4705,SUB, , ,50,40946729,BRACKET FLIP PIVOT,1, , ,00:00.0,00:00.0,00:00.0,NULL,N,N,S,17.55,28.98003,4,0,N, ,0,0,Y,N,N,N,151.58475,0,0,0, ,0,0,4,0,0,Y,N,Y, ,N,0,0,1200,2,0,0,0,0,0,0,0,0,0,0,0,0,0,0,0,0,0, ,NULL,0, ,0, , ,     ,     ,  , , , , ,00:00.0,N,4,17.55,28.98003, , , , , , ,0,S,1,M, ,NULL,0,NULL,0,4,0,0,4, ,     ,0x000000011BBC9069, , 
20043768,4704 4705,SUB, , ,50,40946731,LANDING GEAR LEG   W/L,1, , ,00:00.0,00:00.0,00:00.0,NULL,N,N,S,107.9,55.61649,4,0,N, ,3,0,Y,N,N,N,309.45099,0,0,0, ,0,0,6,3,0,Y,N,Y, ,N,0,0,1200,2,0,0,0,0,40.95,0,0,0.63,0,0,0,0,0,0,0,0,0, ,NULL,0, ,0, , ,     ,     ,  , , , , ,00:00.0,N,4,107.9,55.61649, , , , , , ,0,S,1,M, ,NULL,0,NULL,0,4,0,0,4, ,     ,0x000000011E21AE3F, , 
20043769,4704 4705,SUB, , ,50,40946739,BRACKET PIN,1, , ,00:00.0,00:00.0,00:00.0,NULL,N,N,S,29.9,2.20545,4,0,N, ,3,0,Y,N,N,N,82.22901,0,0,0, ,0,0,4,3,0,Y,N,Y, ,N,0,0,1200,2,0,0,0,0,106.6,0,0,1.64,0,0,0,0,0,0,0,0,0, ,NULL,0, ,0, , ,     ,     ,  , , , , ,00:00.0,N,4,29.9,2.20545, , , , , , ,0,S,1,M, ,NULL,0,NULL,0,4,0,0,4, ,     ,0x000000011E21F93F, , 
20043770,4704 4705,SUB, , ,50,40946743,"PIN 7/8 X 9-1/4""",1, , ,00:00.0,00:00.0,00:00.0,NULL,N,N,S,22.1,4.49448,4,0,N, ,1,0,Y,N,N,N,37.28526,0,0,0, ,0,0,4,2,0,Y,N,Y, ,N,0,0,1200,2,0,0,0,0,39,0,0,0.6,0,0,0,0,0,0,0,0,0, ,NULL,0, ,0, , ,     ,     ,  , , , , ,00:00.0,N,4,22.1,4.49448, , , , , , ,0,S,1,M, ,NULL,0,NULL,0,4,0,0,4, ,     ,0x000000011DFABDEB, , 
20043780,"SLIDING RAMP HOIST 1 BG42-1/2""",SUB, , ,50,40948583,"SLIDING RAMP HOIST 1 BG42-1/2""",1, , ,00:00.0,00:00.0,00:00.0,NULL,N,N,S,130,375.77271,2,0,N, ,1,0,Y,N,N,N,1209.0978,0,0,0, ,0,0,3,1,0,Y,N,Y, ,N,0,0,1200,2,0,0,0,0,117,0,0,1.8,0,0,0,0,0,0,0,0,0, ,00:00.0,1113, ,0, , ,     ,     ,  , , , , ,00:00.0,N,2,130,375.77271, , , , , , ,0,S,1,M, ,NULL,0,NULL,0,2,0,0,2, ,     ,0x000000011D5826BF, , 
20043783,"SKIRT REAR PVR PARTS 114"" WIDE",SUB, , ,50,40948772,"SKIRT REAR PVR PARTS 114"" WIDE",1, , ,00:00.0,00:00.0,00:00.0,NULL,N,N,S,57.2,69.5728,3,0,N, ,1,0,Y,N,N,N,427.3035,0,0,0, ,0,0,6,1,0,Y,N,Y, ,N,0,0,1200,2,0,0,0,0,72.8,0,0,1.12,0,0,0,0,0,0,0,0,0, ,00:00.0,1114, ,0, , ,     ,     ,  , , , , ,00:00.0,N,3,57.2,69.5728, , , , , , ,0,S,1,M, ,NULL,0,NULL,0,3,0,0,3, ,     ,0x000000011D9EEDF3, , 
20043810,4704 4705,SUB, , ,50,40957779,PIN CROSS BRACE,1, , ,00:00.0,00:00.0,00:00.0,NULL,N,N,S,6.5,3.59922,56,0,N, ,3,0,Y,N,N,N,15.69767,0,0,0, ,0,0,2,1,0,Y,N,Y, ,N,0,0,1200,2,0,0,0,0,77.35,0,0,1.19,0,0,0,0,0,0,0,0,0, ,00:00.0,1150, ,0, , ,     ,     ,  , , , , ,00:00.0,N,56,6.5,3.59922, , , , , , ,0,S,1,M, ,NULL,0,NULL,0,56,0,0,56, ,     ,0x000000011D55EA92, , 
20043811,PIPE  SPACER,SUB, , ,50,40957781,PIPE  SPACER,1, , ,00:00.0,00:00.0,00:00.0,00:00.0,Y,N,S,0.65,0.48509,56,56,N, ,2,0,Y,N,N,N,7.84329,0,0,0, ,0,0,2,1,0,Y,N,Y, ,N,1,0,1200,2,0,28.03,0,0,56.55,0,0,0.87,0,0,28.03,0,0,56.55,0,0,0, ,00:00.0,1149, ,0, , ,     ,     ,  , , , , ,00:00.0,N,56,0.65,0.48509, , , , , , ,0,S,1,M, ,NULL,0,NULL,0,56,56,0,56, ,     ,0x000000011CEDFBEB, , 
20043812,RETAINER CROSS BRACE,SUB, , ,50,40957783,RETAINER CROSS BRACE,1, , ,00:00.0,00:00.0,00:00.0,NULL,N,N,S,1.3,0.08684,60,0,N, ,1,0,Y,N,N,N,1.59949,0,0,0, ,0,0,2,1,0,Y,N,Y, ,N,0,0,1200,2,0,0,0,0,6.5,0,0,0.1,0,0,0,0,0,0,0,0,0, ,NULL,0, ,0, , ,     ,     ,  , , , , ,00:00.0,N,60,1.3,0.08684, , , , , , ,0,S,1,M, ,NULL,0,NULL,0,60,0,0,60, ,     ,0x000000011DD2BA86, , 
20043814,4704 4705,SUB, , ,50,40958756,LOGGER COUPLER PLATE ASSEMBLY,1, , ,00:00.0,00:00.0,00:00.0,NULL,N,N,S,221,871.37674,2,0,N, ,0,0,Y,N,N,N,2787.915,0,0,0, ,0,0,6,0,0,Y,N,Y, ,N,0,0,1200,2,0,0,0,0,0,0,0,0,0,0,0,0,0,0,0,0,0, ,00:00.0,1149, ,0, , ,     ,     ,  , , , , ,00:00.0,N,2,221,871.37674, , , , , , ,0,S,1,M, ,NULL,0,NULL,0,2,0,0,2, ,     ,0x000000011BBC9097, , 
20043907,MUDFLAP FRONT OF CONTROL BOX,SUB, , ,50,40934838,MUDFLAP FRONT OF CONTROL BOX,4, , ,00:00.0,00:00.0,00:00.0,NULL,N,N,S,3.25,5.87125,12,0,N, ,0,0,Y,N,N,N,17.18134,0,0,0, ,0,0,2,0,0,Y,N,Y, ,N,0,0,1200,2,0,0,0,0,0,0,0,0,0,0,0,0,0,0,0,0,0, ,NULL,0, ,0, , ,     ,     ,  , , , , ,00:00.0,N,12,3.25,5.87125, , , , , , ,0,S,1,M, ,NULL,0,NULL,0,12,0,0,12, ,     ,0x000000011BBC90F1, , 
20043823,SUPPORT CENTRE FOR 6FT SCBT,SUB, , ,50,40961397,SUPPORT CENTRE FOR 6FT SCBT,1, , ,00:00.0,00:00.0,00:00.0,00:00.0,Y,N,S,19.5,46.32863,4,4,N, ,5,0,Y,N,N,N,143.973,0,0,0, ,0,0,3,1,0,Y,N,Y, ,N,1,0,1200,2,0,240.01,0,0,43.55,0,0,0.67,0,0,240.01,0,0,43.55,0,0,0, ,00:00.0,1106, ,0, , ,     ,     ,  , , , , ,00:00.0,N,4,19.5,46.32863, , , , , , ,0,S,1,M, ,NULL,0,NULL,0,4,4,0,4, ,     ,0x000000011D33FFB5, , 
20043840,"CROSSMEMBER  10"" X 41-1/8 """,SUB, , ,50,40933032A,"CROSSMEMBER  10"" X 41-1/8 """,1, , ,00:00.0,00:00.0,00:00.0,NULL,N,N,S,4.225,22.82923,80,0,N, ,0,0,Y,N,N,N,60.62977,0,0,0, ,0,0,3,0,0,Y,N,Y, ,N,0,0,1200,2,0,0,0,0,0,0,0,0,0,0,0,0,0,0,0,0,0, ,NULL,0, ,0, , ,     ,     ,  , , , , ,00:00.0,N,80,4.225,22.82923, , , , , , ,0,S,1,M, ,NULL,0,NULL,0,80,0,0,80, ,     ,0x000000011BBC90B1, , 
20043845,4723,SUB, , ,50,40961403,STIFFENER FENDER,1, , ,00:00.0,00:00.0,00:00.0,00:00.0,Y,N,S,19.5,9.40842,2,2,N, ,2,0,Y,N,N,N,32.46999,0,0,0, ,0,0,3,1,0,Y,N,Y, ,N,1,0,1200,2,0,19.14,0,0,39,0,0,0.6,0,0,19.14,0,0,39,0,0,0, ,NULL,0, ,0, , ,     ,     ,  , , , , ,00:00.0,N,2,19.5,9.40842, , , , , , ,0,S,1,M, ,NULL,0,NULL,0,2,2,0,2, ,     ,0x000000011D7C301B, , 
20043958,RAMP FLAT BAR BIFOLD PLANKED,SUB, , ,50,40960146,RAMP FLAT BAR BIFOLD PLANKED,1, , ,00:00.0,00:00.0,00:00.0,NULL,N,N,S,1228.5,1716.43896,2,0,N, ,0,0,Y,N,N,N,6325.479,0,0,0, ,0,0,6,0,0,Y,N,Y, ,N,0,0,1200,2,0,0,0,0,0,0,0,0,0,0,0,0,0,0,0,0,0, ,00:00.0,1535, ,0, , ,     ,     ,  , , , , ,00:00.0,N,2,1228.5,1716.43896, , , , , , ,0,S,1,M, ,NULL,0,NULL,0,2,0,0,2, ,     ,0x000000011BBC9124, , 
20043973,EXTREMITY LIGHT PULL OUT,SUB, , ,50,40992312,EXTREMITY LIGHT PULL OUT,4, , ,00:00.0,00:00.0,00:00.0,NULL,N,N,S,217.75,52.63011,6,0,N, ,5,0,Y,N,N,N,527.60775,0,0,0, ,0,0,8,4,0,Y,N,Y, ,N,0,0,1200,2,0,0,0,0,206.05,0,0,3.17,0,0,0,0,0,0,0,0,0, ,NULL,0, ,0, , ,     ,     ,  , , , , ,00:00.0,N,6,217.75,52.63011, , , , , , ,0,S,1,M, ,NULL,0,NULL,0,6,0,0,6, ,     ,0x000000011DFBA3D2, , 
70002663,UPPER NECK DEFLECTOR,PAR, , ,50,PY-FR-P101,UPPER NECK DEFLECTOR,1, , ,00:00.0,00:00.0,00:00.0,NULL,N,N,D,0,0,4,0, , ,0,0,Y,N,N,N,21.522,0,0,0, ,0,0,2,0,0,Y,N,Y, ,N,0,0,1200,2,0,0,0,0,0,0,0,0,0,0,0,0,0,0,0,0,0, ,00:00.0,1046, ,0, , ,     ,     ,  , , , , ,00:00.0,N,4,0,0, , , , , , ,0,S,1,M, ,NULL,0,NULL,0,4,0,0,4, ,     ,0x000000011DD6E2BF, , 
40000313,BEAM STOOLS,FIX, , ,50,9999,LABOUR AND MATERIALS,**,7778,BWS MACHINE SHOP,00:00.0,00:00.0,00:00.0,NULL,N,N,D,0,0,4,0, , ,0,0,Y,N,N,N,0,0,0,0, ,0,0,5,0,0,Y,N,Y, ,N,0,0,1200,2,0,0,0,0,0,0,0,0,0,0,0,0,0,0,0,0,0, ,00:00.0,819, ,0, , ,     ,     ,  , , , , ,00:00.0,N,4,0,0, , , , , , ,0,S,1,M, ,NULL,0,NULL,0,4,0,0,4, ,     ,0x000000011DD2259E, , 
20044425,"A-FRAME 4 BAG FOR 114"" TAG",SUB, , ,50,40964862,"A-FRAME 4 BAG FOR 114"" TAG",1, , ,00:00.0,00:00.0,00:00.0,NULL,N,N,S,61.1,2363.23552,4,0,N, ,0,0,Y,N,N,N,5855.667,0,0,0, ,0,0,2,0,0,Y,N,Y, ,N,0,0,1200,2,0,0,0,0,0,0,0,0,0,0,0,0,0,0,0,0,0, ,00:00.0,1450, ,0, , ,     ,     ,  , , , , ,00:00.0,N,4,61.1,2363.23552, , , , , , ,0,S,1,M, ,NULL,0,NULL,0,4,0,0,4, ,     ,0x000000011DD7A595, , 
20044488,TOOL BOX BOTTOM  10GA.,SUB, , ,50,40992562,TOOL BOX BOTTOM  10GA.,1, , ,00:00.0,00:00.0,00:00.0,00:00.0,Y,N,D,0,53.8897,3,3,P, ,5,0,Y,N,N,N,199.512,0,0,0, ,0,0,3,2,0,Y,N,Y, ,N,1,0,1200,2,0,161.67,0,0,204.75,0,0,3.15,0,0,161.67,0,0,204.75,0,0,0, ,00:00.0,657, ,0, , ,     ,     ,  , , , , ,00:00.0,N,3,0,53.8897, , , , , , ,0,S,1,M, ,NULL,0,NULL,0,3,3,0,3, ,     ,0x000000011DFC0B02, , 
70002645,FLOOR PLATE CUT TO 42 X 89-1/4,PAR, , ,50,TR-AFL-P50-42,FLOOR PLATE CUT TO 42 X 89-1/4,1,7778,BWS MACHINE SHOP,00:00.0,00:00.0,00:00.0,NULL,N,N,D,9.75,199.2081,8,0,P, ,2,0,Y,N,N,N,525.13553,0,0,0, ,0,0,2,0,0,Y,N,Y, ,N,0,0,1200,2,0,160,0,0,0,0,0,0,0,0,0,0,0,0,0,0,0, ,00:00.0,811, ,0, , ,     ,     ,  , , , , ,00:00.0,N,8,9.75,199.2081, , , , , , ,0,S,1,M, ,NULL,0,NULL,0,8,0,0,8, ,     ,0x000000011D308D43, , 
70002616,FRAME PIVOT MOUNT ASSY P/S,PAR, , ,50,TR-AFR-A017P,FRAME PIVOT MOUNT ASSY P/S,1,7778,BWS MACHINE SHOP,00:00.0,00:00.0,00:00.0,00:00.0,Y,N,D,29.25,19.90098,10,10,P, ,8,0,Y,N,N,N,118.1313,0,0,0, ,0,0,3,1,0,Y,N,Y, ,N,1,0,1200,2,0,198.07,0,0,55.25,0,0,0.85,0,0,198.07,0,0,55.25,0,0,0, ,00:00.0,711, ,0, , ,     ,     ,  , , , , ,00:00.0,N,10,29.25,19.90098, , , , , , ,0,S,1,M, ,NULL,0,NULL,0,10,10,0,10, ,     ,0x000000011CB5E54A, , 
20044187,4762  Steel Kit,SUB, , ,50,40970634,STEEL KIT 25 NTT,1,7778,BWS MACHINE SHOP,00:00.0,00:00.0,00:00.0,NULL,N,N,S,520,347.32993,1,0,P, ,2,0,Y,N,N,N,1888.0455,0,0,0, ,0,0,7,4,0,Y,N,Y, ,N,0,0,1200,2,0,0,0,0,223.6,0,0,3.44,0,0,0,0,0,0,0,0,0, ,00:00.0,826, ,0, , ,     ,     ,  , , , , ,00:00.0,N,1,520,347.32993, , , , , , ,0,S,1,M, ,NULL,0,NULL,0,1,0,0,1, ,     ,0x000000011C716E57, , 
20044162,4724,SUB, , ,50,40967158,"BUMPER 108"" ART & ET NEW",1, , ,00:00.0,00:00.0,00:00.0,NULL,N,N,S,65,398.06995,1,0,N, ,7,0,Y,N,N,N,709.177,0,0,0, ,0,0,2,1,0,Y,N,Y, ,N,0,0,1200,2,0,386.95,0,0,59.8,0,0,0.92,0,0,0,0,0,0,0,0,0, ,00:00.0,1334, ,0, , ,     ,     ,  , , , , ,00:00.0,N,1,65,398.06995, , , , , , ,0,S,1,M, ,NULL,0,NULL,0,1,0,0,1, ,     ,0x000000011D0F1F68, , 
20044068,STEEL KIT  55HDG E GNK   V2020,SUB, , ,50,40992137,STEEL KIT  55HDG E GNK   V2020,1, , ,00:00.0,00:00.0,00:00.0,NULL,N,N,S,124.15,725.7518,1,0,N, ,0,0,Y,N,N,N,2170.662,0,0,0, ,0,0,7,0,0,Y,N,Y, ,N,0,0,1200,2,0,0,0,0,0,0,0,0,0,0,0,0,0,0,0,0,0, ,NULL,0, ,0, , ,     ,     ,  , , , , ,00:00.0,N,1,124.15,725.7518, , , , , , ,0,S,1,M, ,NULL,0,NULL,0,1,0,0,1, ,     ,0x000000011BBC918F, , 
20044080,4737  Steel Kit,SUB, , ,50,40968728,"STEEL KIT 30TT ART 49""",1,7778,BWS MACHINE SHOP,00:00.0,00:00.0,00:00.0,NULL,N,N,S,204.75,78.73483,1,0,P, ,0,0,Y,N,N,N,1293.207,0,0,0, ,0,0,6,0,0,Y,N,Y, ,N,0,0,1200,2,0,0,0,0,0,0,0,0,0,0,0,0,0,0,0,0,0, ,00:00.0,743, ,0, , ,     ,     ,  , , , , ,00:00.0,N,1,204.75,78.73483, , , , , , ,0,S,1,M, ,NULL,0,NULL,0,1,0,0,1, ,     ,0x000000011BBC919A, , 
20044149,4766,SUB, , ,50,40940186,TRANSITION REAR ASS.,1, , ,00:00.0,00:00.0,00:00.0,NULL,N,N,S,209.3,118.34474,1,0,N, ,0,0,Y,N,N,N,0,0,0,0, ,0,0,4,0,0,Y,N,Y, ,N,0,0,1200,2,0,0,0,0,0,0,0,0,0,0,0,0,0,0,0,0,0, ,NULL,0, ,0, , ,     ,     ,  , , , , ,00:00.0,N,1,209.3,118.34474, , , , , , ,0,S,1,M, ,NULL,0,NULL,0,1,0,0,1, ,     ,0x000000011BBC91DD, , 
20044150,4766,SUB, , ,50,40940190,TOOL BOX FOR FRONT OF PAVER,1, , ,00:00.0,00:00.0,00:00.0,NULL,N,N,S,87.75,64.14034,1,0,N, ,0,0,Y,N,N,N,0,0,0,0, ,0,0,4,0,0,Y,N,Y, ,N,0,0,1200,2,0,0,0,0,0,0,0,0,0,0,0,0,0,0,0,0,0, ,NULL,0, ,0, , ,     ,     ,  , , , , ,00:00.0,N,1,87.75,64.14034, , , , , , ,0,S,1,M, ,NULL,0,NULL,0,1,0,0,1, ,     ,0x000000011BBC91DE, , 
20044151,4766,SUB, , ,50,40940213,"PIN ASSY 114"" PVR TRANSITION",1, , ,00:00.0,00:00.0,00:00.0,00:00.0,Y,N,S,94.25,133.62499,1,1,N, ,8,0,Y,N,N,N,0,0,0,0, ,0,0,7,5,0,Y,N,Y, ,N,1,0,1200,2,0,130.62,0,0,79.3,0,0,1.22,0,0,130.62,0,0,79.3,0,0,0, ,NULL,0, ,0, , ,     ,     ,  , , , , ,00:00.0,N,1,94.25,133.62499, , , , , , ,0,S,1,M, ,NULL,0,NULL,0,1,1,0,1, ,     ,0x000000011DFC0A77, , 
20044152,4766,SUB, , ,50,40940217,LONG PUSH ARM ASSEMBLY,1, , ,00:00.0,00:00.0,00:00.0,NULL,N,N,S,127.4,105.92835,1,0,N, ,1,0,Y,N,N,N,0,0,0,0, ,0,0,6,1,0,Y,N,Y, ,N,0,0,1200,2,0,0,0,0,5.2,0,0,0.08,0,0,0,0,0,0,0,0,0, ,00:00.0,1021, ,0, , ,     ,     ,  , , , , ,00:00.0,N,1,127.4,105.92835, , , , , , ,0,S,1,M, ,NULL,0,NULL,0,1,0,0,1, ,     ,0x000000011DD2447C, , 
20044153,4766,SUB, , ,50,40940220,"SLIDING RAMP HOIST 2 BAG 56""",1, , ,00:00.0,00:00.0,00:00.0,NULL,N,N,S,162.5,630.61462,1,0,N, ,2,0,Y,N,N,N,0,0,0,0, ,0,0,6,4,0,Y,N,Y, ,N,0,0,1200,2,0,0,0,0,190.45,0,0,2.93,0,0,0,0,0,0,0,0,0, ,00:00.0,915, ,0, , ,     ,     ,  , , , , ,00:00.0,N,1,162.5,630.61462, , , , , , ,0,S,1,M, ,NULL,0,NULL,0,1,0,0,1, ,     ,0x000000011D5795ED, , 
20044154,4766,SUB, , ,50,40940227,TOOL BOX FOR REAR OF PAVER,1, , ,00:00.0,00:00.0,00:00.0,NULL,N,N,S,87.75,62.81635,1,0,N, ,0,0,Y,N,N,N,0,0,0,0, ,0,0,5,0,0,Y,N,Y, ,N,0,0,1200,2,0,0,0,0,0,0,0,0,0,0,0,0,0,0,0,0,0, ,NULL,0, ,0, , ,     ,     ,  , , , , ,00:00.0,N,1,87.75,62.81635, , , , , , ,0,S,1,M, ,NULL,0,NULL,0,1,0,0,1, ,     ,0x000000011BBC91E2, , 
20044155,4766,SUB, , ,50,40940230,COVER ASSEMBLY REAR TOOL BOX,1, , ,00:00.0,00:00.0,00:00.0,NULL,N,N,S,37.7,59.47413,1,0,N, ,0,0,Y,N,N,N,0,0,0,0, ,0,0,5,0,0,Y,N,Y, ,N,0,0,1200,2,0,0,0,0,0,0,0,0,0,0,0,0,0,0,0,0,0, ,NULL,0, ,0, , ,     ,     ,  , , , , ,00:00.0,N,1,37.7,59.47413, , , , , , ,0,S,1,M, ,NULL,0,NULL,0,1,0,0,1, ,     ,0x000000011BBC91E3, , 
20044042,4689,SUB, , ,50,40963678,GOOSENECK FOR 42'48'53' ET,1, , ,00:00.0,00:00.0,00:00.0,NULL,N,N,S,505.7,2157.77253,1,0,N, ,6,0,Y,N,N,N,6459.1755,0,0,0, ,0,0,2,0,0,Y,N,Y, ,N,0,0,1200,2,0,16.54,0,0,0,0,0,0,0,0,0,0,0,0,0,0,0, ,00:00.0,809, ,0, , ,     ,     ,  , , , , ,00:00.0,N,1,505.7,2157.77253, , , , , , ,0,S,1,M, ,NULL,0,NULL,0,1,0,0,1, ,     ,0x000000011C2D1FE2, , 
20044030,4817,SUB, , ,50,40939408,GOOSENECK ASM,1, , ,00:00.0,00:00.0,00:00.0,NULL,N,N,S,523.25,2339.67988,1,0,N, ,0,0,Y,N,N,N,6564.516,0,0,0, ,0,0,2,0,0,Y,N,Y, ,N,0,0,1200,2,0,0,0,0,0,0,0,0,0,0,0,0,0,0,0,0,0, ,NULL,0, ,0, , ,     ,     ,  , , , , ,00:00.0,N,1,523.25,2339.67988, , , , , , ,0,S,1,M, ,NULL,0,NULL,0,1,0,0,1, ,     ,0x000000011BBC9169, , 
20044013,BUTTON STAKE REMOVAL PRY,SUB, , ,50,40933062,BUTTON STAKE REMOVAL PRY,1, , ,00:00.0,00:00.0,00:00.0,NULL,N,N,S,1.3,0.17254,10,0,N, ,1,0,Y,N,N,N,2.67895,0,0,0, ,0,0,2,1,0,Y,N,Y, ,N,0,0,1200,2,0,0,0,0,32.5,0,0,0.5,0,0,0,0,0,0,0,0,0, ,00:00.0,1025, ,0, , ,     ,     ,  , , , , ,00:00.0,N,10,1.3,0.17254, , , , , , ,0,S,1,M, ,NULL,0,NULL,0,10,0,0,10, ,     ,0x000000011DF9E98A, , 
20044014,4766,SUB, , ,50,40940188,"RAMP PROP ASS.  114"" WIDE",1, , ,00:00.0,00:00.0,00:00.0,NULL,N,N,S,146.25,86.0268,1,0,N, ,1,0,Y,N,N,N,0,0,0,0, ,0,0,5,1,0,Y,N,Y, ,N,0,0,1200,2,0,0,0,0,5.2,0,0,0.08,0,0,0,0,0,0,0,0,0, ,NULL,0, ,0, , ,     ,     ,  , , , , ,00:00.0,N,1,146.25,86.0268, , , , , , ,0,S,1,M, ,NULL,0,NULL,0,1,0,0,1, ,     ,0x000000011DD2586C, , 
20044026,4704 4705,SUB, , ,50,40934793,"LIGHT BAR REAR 114"" LOGGER",1, , ,00:00.0,00:00.0,00:00.0,00:00.0,Y,N,S,136.5,113.54296,2,2,N, ,11,0,Y,N,N,N,546.39699,0,0,0, ,0,0,4,3,0,Y,N,Y, ,N,1,0,1200,2,0,207.5,0,0,325.65,0,0,5.01,0,0,207.5,0,0,325.65,0,0,0, ,00:00.0,1412, ,0, , ,     ,     ,  , , , , ,00:00.0,N,2,136.5,113.54296, , , , , , ,0,S,1,M, ,NULL,0,NULL,0,2,2,0,2, ,     ,0x000000011D7C23D0, , 
70002228,STEEL PARTS FOR WO9198,PAR, , ,50,SP9198,STEEL PARTS FOR WO9198,1,3384,STARGATE MFG LTD,00:00.0,00:00.0,00:00.0,NULL,N,N,S,0,2197.2095,1,0,O, ,0,0,N,N,N,N,0,0,0,0,109566,0,0,2,0,0,Y,N,Y, ,N,0,0,1200,2,1,0,0,0,0,0,0,0,0,0,0,0,0,0,0,0,0, ,00:00.0,915, ,0, , ,     ,     ,  , , , , ,00:00.0,N,1,0,2197.2095, , , , , , ,0,S,1,M, ,NULL,0,NULL,0,1,0,0,1, ,     ,0x000000011BBCA8DD, , 
30001666,CLAIM #6702 - LANDING GEAR PLATE,WAR, , ,50,#0999998,Warranty Parts & Labour,**,9999,WARRANTY,00:00.0,00:00.0,00:00.0,NULL,N,N,M,0,0,1,0, , ,1,0,N,N,N,N,0,0,0,0, ,0,0,1,0,0,Y,N,Y, ,N,0,0,1200,6,0,305.85,0,0,0,0,0,0,0,0,0,0,0,0,0,0,0, ,00:00.0,1406, ,0, , ,     ,     ,  , , , , ,00:00.0,N,1,0,0, , , , , , ,0,S,1,M, ,NULL,0,NULL,0,1,0,0,1, ,     ,0x000000011DD8CFCE, , 
30001667,CLAIM #6708 - SUSP. ISSUES,WAR, , ,50,#0999999,Warranty Parts Only,**,9999,WARRANTY,00:00.0,00:00.0,00:00.0,NULL,N,N,M,0,0,1,0, , ,0,0,N,N,N,N,0,0,0,0, ,0,0,1,0,0,Y,N,Y, ,N,0,0,1200,6,0,0,0,0,0,0,0,0,0,0,0,0,0,0,0,0,0, ,00:00.0,1531, ,0, , ,     ,     ,  , , , , ,00:00.0,N,1,0,0, , , , , , ,0,S,1,M, ,NULL,0,NULL,0,1,0,0,1, ,     ,0x000000011DD986A1, , 
30001668,CLAIM #6593 - SEAL + LEVEL ARM,WAR, , ,50,#0999998,Warranty Parts & Labour,**,9999,WARRANTY,00:00.0,00:00.0,00:00.0,00:00.0,Y,N,M,0,0,1,1, , ,1,0,N,N,N,N,0,0,0,0, ,0,0,1,0,0,Y,N,Y, ,N,2,0,1200,6,0,339.25,0,0,0,0,0,0,0,0,339.25,0,0,0,0,0,0, ,00:00.0,1016, ,0, , ,     ,     ,  , , , , ,00:00.0,N,1,0,0, , , , , , ,0,S,1,M, ,NULL,0,NULL,0,1,1,0,1, ,     ,0x000000011E1EC1BA, , 
30001669,CLAIM #6705 - AIR BAG ISSUES,WAR, , ,50,#0999998,Warranty Parts & Labour,**,9999,WARRANTY,00:00.0,00:00.0,00:00.0,00:00.0,Y,N,M,0,0,1,1, , ,1,0,N,N,N,N,0,0,0,0, ,0,0,1,0,0,Y,N,Y, ,N,2,0,1200,6,0,1078.65,0,0,0,0,0,0,0,0,1078.65,0,0,0,0,0,0, ,00:00.0,1600, ,0, , ,     ,     ,  , , , , ,00:00.0,N,1,0,0, , , , , , ,0,S,1,M, ,NULL,0,NULL,0,1,1,0,1, ,     ,0x000000011DFE8149, , 
20044308,4740  Steel Kit,SUB, , ,50,40996294,"STEEL KIT 25 NTT 102""",1,7778,BWS MACHINE SHOP,00:00.0,00:00.0,00:00.0,NULL,N,N,S,338,685.00569,1,0,P, ,0,0,Y,N,N,N,0,0,0,0, ,0,0,6,0,0,Y,N,Y, ,N,0,0,1200,2,0,0,0,0,0,0,0,0,0,0,0,0,0,0,0,0,0, ,00:00.0,920, ,0, , ,     ,     ,  , , , , ,00:00.0,N,1,338,685.00569, , , , , , ,0,S,1,M, ,NULL,0,NULL,0,1,0,0,1, ,     ,0x000000011DD2C9D1, , 
20044125,4704  4705  Steel Kit,SUB, , ,50,40951253,STEEL KIT FOR 51'  SASK LOG,1,7778,BWS MACHINE SHOP,00:00.0,00:00.0,00:00.0,NULL,N,N,S,828.75,506.49942,2,0,P, ,0,0,Y,N,N,N,2896.1115,0,0,0, ,0,0,6,0,0,Y,N,Y, ,N,0,0,1200,2,0,0,0,0,0,0,0,0,0,0,0,0,0,0,0,0,0, ,00:00.0,833, ,0, , ,     ,     ,  , , , , ,00:00.0,N,2,828.75,506.49942, , , , , , ,0,S,1,M, ,NULL,0,NULL,0,2,0,0,2, ,     ,0x000000011BBC91C5, , 
70002652,PONY LICENCE PLATE BRACKET,PAR, , ,50,PY-FR-P097,PONY LICENCE PLATE BRACKET,1,7778,BWS MACHINE SHOP,00:00.0,00:00.0,00:00.0,00:00.0,Y,N,D,0,0,10,10, , ,3,0,Y,N,N,N,9.945,0,0,0, ,0,0,3,2,0,Y,N,Y, ,N,1,0,1200,2,0,11.75,0,0,61.1,0,0,0.94,0,0,11.75,0,0,61.1,0,0,0, ,00:00.0,1444, ,0, , ,     ,     ,  , , , , ,00:00.0,N,10,0,0, , , , , , ,0,S,1,M, ,NULL,0,NULL,0,10,10,0,10, ,     ,0x000000011DFBFCD3, , 
70002653,PONY HOIST CHANNEL GUSSET,PAR, , ,50,PY-FR-P045,PONY HOIST CHANNEL GUSSET,1,7778,BWS MACHINE SHOP,00:00.0,00:00.0,00:00.0,00:00.0,Y,N,D,0,0,20,20, , ,2,0,Y,N,N,N,8.7465,0,0,0, ,0,0,2,1,0,Y,N,Y, ,N,1,0,1200,2,0,32.91,0,0,31.2,0,0,0.48,0,0,32.91,0,0,31.2,0,0,0, ,00:00.0,1450, ,0, , ,     ,     ,  , , , , ,00:00.0,N,20,0,0, , , , , , ,0,S,1,M, ,NULL,0,NULL,0,20,20,0,20, ,     ,0x000000011DFBFC61, , 
70002654,PONY CALCIUM TANK BRACKET,PAR, , ,50,PY-FR-P104,PONY CALCIUM TANK BRACKET,1,7778,BWS MACHINE SHOP,00:00.0,00:00.0,00:00.0,NULL,N,N,D,0,0,20,0, , ,6,0,Y,N,N,N,22.083,0,0,0, ,0,0,5,4,0,Y,N,Y, ,N,0,0,1200,2,0,0,0,0,306.15,0,0,4.71,0,0,0,0,0,0,0,0,0, ,00:00.0,1452, ,0, , ,     ,     ,  , , , , ,00:00.0,N,20,0,0, , , , , , ,0,S,1,M, ,NULL,0,NULL,0,20,0,0,20, ,     ,0x000000011DFAB15F, , 
70002655,PONY CHAIN HOOK-UP PLATE,PAR, , ,50,PY-FR-P068,PONY CHAIN HOOK-UP PLATE,1,7778,BWS MACHINE SHOP,00:00.0,00:00.0,00:00.0,NULL,N,N,D,0,0,20,0, , ,0,0,Y,N,N,N,18.36,0,0,0, ,0,0,3,0,0,Y,N,Y, ,N,0,0,1200,2,0,0,0,0,0,0,0,0,0,0,0,0,0,0,0,0,0, ,00:00.0,1455, ,0, , ,     ,     ,  , , , , ,00:00.0,N,20,0,0, , , , , , ,0,S,1,M, ,NULL,0,NULL,0,20,0,0,20, ,     ,0x000000011D583657, , 
70002635,ALUM PLATE 3/8 X 36 X 83-3/4,PAR, , ,50,TR-AFL-P045-36,ALUM PLATE 3/8 X 36 X 83-3/4,1,7778,BWS MACHINE SHOP,00:00.0,00:00.0,00:00.0,NULL,N,N,M,6.5,254.6087,1,0,P, ,0,0,Y,N,N,N,366.15,0,0,0, ,0,0,2,0,0,Y,N,Y, ,N,0,0,1200,2,0,0,0,0,0,0,0,0,0,0,0,0,0,0,0,0,0, ,00:00.0,1324, ,0, , ,     ,     ,  , , , , ,00:00.0,N,1,6.5,254.6087, , , , , , ,0,S,1,M, ,NULL,0,NULL,0,1,0,0,1, ,     ,0x000000011D575227, , 
70002636,ALUM PLATE 3/8 X 37 X 83-3/4,PAR, , ,50,TR-AFL-P045-37,ALUM PLATE 3/8 X 37 X 83-3/4,1,7778,BWS MACHINE SHOP,00:00.0,00:00.0,00:00.0,NULL,N,N,M,6.5,251.64283,1,0,P, ,0,0,Y,N,N,N,366.15,0,0,0, ,0,0,2,0,0,Y,N,Y, ,N,0,0,1200,2,0,0,0,0,0,0,0,0,0,0,0,0,0,0,0,0,0, ,00:00.0,1337, ,0, , ,     ,     ,  , , , , ,00:00.0,N,1,6.5,251.64283, , , , , , ,0,S,1,M, ,NULL,0,NULL,0,1,0,0,1, ,     ,0x000000011D577207, , 
70002637,ALUM PLATE 3/8 X 45 X 83-3/4,PAR, , ,50,TR-AFL-P045-45,ALUM PLATE 3/8 X 45 X 83-3/4,1,7778,BWS MACHINE SHOP,00:00.0,00:00.0,00:00.0,NULL,N,N,M,6.5,318.26088,2,0,P, ,0,0,Y,N,N,N,325.304,0,0,0, ,0,0,2,0,0,Y,N,Y, ,N,0,0,1200,2,0,0,0,0,0,0,0,0,0,0,0,0,0,0,0,0,0, ,00:00.0,1339, ,0, , ,     ,     ,  , , , , ,00:00.0,N,2,6.5,318.26088, , , , , , ,0,S,1,M, ,NULL,0,NULL,0,2,0,0,2, ,     ,0x000000011D577510, , 
70002638,ALUM PLATE 3/8 X 60 X 83-3/4,PAR, , ,50,TR-AFL-P045-60,ALUM PLATE 3/8 X 60 X 83-3/4,1,7778,BWS MACHINE SHOP,00:00.0,00:00.0,00:00.0,NULL,N,N,M,6.5,404.03216,6,0,P, ,0,0,Y,N,N,N,412.074,0,0,0, ,0,0,2,0,0,Y,N,Y, ,N,0,0,1200,2,0,0,0,0,0,0,0,0,0,0,0,0,0,0,0,0,0, ,00:00.0,1355, ,0, , ,     ,     ,  , , , , ,00:00.0,N,6,6.5,404.03216, , , , , , ,0,S,1,M, ,NULL,0,NULL,0,6,0,0,6, ,     ,0x000000011D57A640, , 
70002639,"21'-10"" T-BOX FLOOR",PAR, , ,50,TF1228,"21'-10"" T-BOX FLOOR",1,7778,BWS MACHINE SHOP,00:00.0,00:00.0,00:00.0,NULL,N,N,M,1495,5774.00506,1,0,P, ,67,0,Y,N,N,N,0,0,0,0, ,0,0,3,2,0,Y,N,Y, ,N,0,0,1200,2,0,3635.21,0,0,4938.7,0,0,75.98,0,0,0,0,0,0,0,0,0, ,00:00.0,1242, ,0, , ,     ,     ,  , , , , ,00:00.0,N,1,1495,5774.00506, , , , , , ,0,S,1,M, ,NULL,0,NULL,0,1,0,0,1, ,     ,0x000000011DD8EEA5, , 
70002640,"21'-9"" T-BOX FLOOR",PAR, , ,50,TF1230,"21'-9"" T-BOX FLOOR",1,7778,BWS MACHINE SHOP,00:00.0,00:00.0,00:00.0,NULL,N,N,M,1495,5787.0605,1,0,P, ,66,0,Y,N,N,N,0,0,0,0, ,0,0,3,2,0,Y,N,Y, ,N,0,0,1200,2,0,3480.46,0,0,3639.35,0,0,55.99,0,0,0,0,0,0,0,0,0, ,00:00.0,1307, ,0, , ,     ,     ,  , , , , ,00:00.0,N,1,1495,5787.0605, , , , , , ,0,S,1,M, ,NULL,0,NULL,0,1,0,0,1, ,     ,0x000000011DD8E82D, , 
20044495,4740,SUB, , ,50,40963596,"RAMP SET 6' X 45"" SELF CLEAN",1, , ,00:00.0,00:00.0,00:00.0,NULL,N,N,S,346.45,904.3225,1,0,N, ,0,0,Y,N,N,N,0,0,0,0, ,0,0,5,0,0,Y,N,Y, ,N,0,0,1200,2,0,0,0,0,0,0,0,0,0,0,0,0,0,0,0,0,0, ,NULL,0, ,0, , ,     ,     ,  , , , , ,00:00.0,N,1,346.45,904.3225, , , , , , ,0,S,1,M, ,NULL,0,NULL,0,1,0,0,1, ,     ,0x000000011DD7C39B, , 
20044668,4686,SUB, , ,50,40952937,BOTTOM WRAP  100 KSI,1,7778,BWS MACHINE SHOP,00:00.0,00:00.0,00:00.0,NULL,N,N,S,32.5,424,2,0,P, ,0,0,N,N,N,N,1267.13963,0,0,0, ,0,0,2,0,0,Y,N,Y, ,N,0,0,1200,2,0,0,0,0,0,0,0,0,0,0,0,0,0,0,0,0,0, ,00:00.0,906, ,0, , ,     ,     ,  , , , , ,00:00.0,N,2,32.5,424, , , , , , ,0,S,1,M, ,NULL,0,NULL,0,2,0,0,2, ,     ,0x000000011DFA55DD, , 
70002664,Make 4 pins for sales order,PAR, , ,50,9999,Make 4 pins for sales order,**,7778,BWS MACHINE SHOP,00:00.0,00:00.0,00:00.0,NULL,N,N,D,0,0,4,0, , ,0,0,N,N,N,N,0,0,0,0, ,0,0,1,0,0,Y,N,Y, ,N,0,0,1200,6,0,0,0,0,0,0,0,0,0,0,0,0,0,0,0,0,0, ,00:00.0,759, ,0, , ,     ,     ,  , , , , ,00:00.0,N,4,0,0, , , , , , ,0,S,1,M, ,NULL,0,NULL,0,4,0,0,4, ,     ,0x000000011DF9ACF3, , 
20043959,"BUMPER 114"" ART & ET NEW",SUB, , ,50,40963614,"BUMPER 114"" ART & ET NEW",1, , ,00:00.0,00:00.0,00:00.0,NULL,N,N,S,51.35,320.53944,10,0,N, ,0,0,Y,N,N,N,1073.142,0,0,0, ,0,0,2,0,0,Y,N,Y, ,N,0,0,1200,2,0,0,0,0,0,0,0,0,0,0,0,0,0,0,0,0,0, ,00:00.0,1535, ,0, , ,     ,     ,  , , , , ,00:00.0,N,10,51.35,320.53944, , , , , , ,0,S,1,M, ,NULL,0,NULL,0,10,0,0,10, ,     ,0x000000011BBC9125, , 
20043949,"FLAT BAR 3/8 X 5 X 36-3/16""",SUB, , ,50,40959107,"FLAT BAR 3/8 X 5 X 36-3/16""",1, , ,00:00.0,00:00.0,00:00.0,NULL,N,N,S,6.5,11.96429,20,0,N, ,2,0,Y,N,N,N,40.00695,0,0,0, ,0,0,2,1,0,Y,N,Y, ,N,0,0,1200,2,0,0,0,0,260.65,0,0,4.01,0,0,0,0,0,0,0,0,0, ,NULL,0, ,0, , ,     ,     ,  , , , , ,00:00.0,N,20,6.5,11.96429, , , , , , ,0,S,1,M, ,NULL,0,NULL,0,20,0,0,20, ,     ,0x000000011E227A56, , 
20043806,FOOT BEAVERTAIL FOR TAGS,SUB, , ,50,40955558,FOOT BEAVERTAIL FOR TAGS,1, , ,00:00.0,00:00.0,00:00.0,NULL,N,N,S,24.05,12.66027,20,0,N, ,10,0,Y,N,N,N,91.34483,0,0,0, ,0,0,4,3,0,Y,N,Y, ,N,0,0,1200,2,0,0,0,0,846.95,0,0,13.03,0,0,0,0,0,0,0,0,0, ,NULL,0, ,0, , ,     ,     ,  , , , , ,00:00.0,N,20,24.05,12.66027, , , , , , ,0,S,1,M, ,NULL,0,NULL,0,20,0,0,20, ,     ,0x000000011E1F1D45, , 
20043721,4766  Steel Kit,SUB, , ,50,40940233,KIT STEEL 53ETPAVER 118',1,7778,BWS MACHINE SHOP,00:00.0,00:00.0,00:00.0,NULL,N,N,S,159.25,778.44439,1,0,P, ,0,0,Y,N,N,N,0,0,0,0, ,0,0,6,0,0,Y,N,Y, ,N,0,0,1200,2,0,0,0,0,0,0,0,0,0,0,0,0,0,0,0,0,0, ,00:00.0,914, ,0, , ,     ,     ,  , , , , ,00:00.0,N,1,159.25,778.44439, , , , , , ,0,S,1,M, ,NULL,0,NULL,0,1,0,0,1, ,     ,0x000000011BBC903D, , 
20043710,4662  Beams,SUB, , ,50,40970101,"BEAM ASSY 53ET3XP - 72""",1,7778,BWS MACHINE SHOP,00:00.0,00:00.0,00:00.0,NULL,N,N,S,1896.05,2654.3242,1,0,P, ,12,0,Y,N,N,N,10582.5765,0,0,0, ,0,0,7,6,0,Y,N,Y, ,N,0,0,1200,2,0,0,0,0,1017.25,0,0,15.65,0,0,0,0,0,0,0,0,0, ,NULL,734, ,0, , ,     ,     ,  , , , , ,00:00.0,N,1,1896.05,2654.3242, , , , , , ,0,S,1,M, ,NULL,0,NULL,0,1,0,0,1, ,     ,0x000000011E40CE42, , 
10014717,8728LBT2X NS V2016,TRA, , ,50,28LBT2X NS-102-24899,28 FT - 2 AXLE - 22.5 - 60 IN,3,3011,ATLANTIC POWERTRAIN & EQUIPMEN,00:00.0,00:00.0,00:00.0,NULL,N,N,S,6279,25930.89006,1,0,O, ,240,0,Y,N,N,N,42537,0,0,0,512991,0,0,15,8,0,Y,N,Y, ,N,0,0,1200,0,1,18784.29,1384.2,0,6760,0,0,104,0,0,0,0,0,0,0,0,0, ,00:00.0,940, ,0, , ,     ,     ,  , , , , ,00:00.0,N,1,6279,25930.89006, , , , , , ,0,S,1,M, ,NULL,0,NULL,0,1,0,0,1, ,     ,0x000000011E1F313E, , 
10014653,8730TT-ART-STAN,TRA, , ,50,30ART-102-25367,30 TON - 3 AXLE - 17.5 - 49 IN,3,2730,HALE TRAILER BRAKE & WHEEL INC,00:00.0,00:00.0,00:00.0,NULL,N,N,S,6964.75,24040.69443,1,0,O, ,211,0,Y,N,N,N,39154.995,0,0,0,512924,0,0,15,4,0,Y,N,Y, ,N,0,0,1200,0,1,16072.1,2524.94,0,2907.45,0,0,44.73,0,0,0,0,0,0,0,0,0, ,00:00.0,1530, ,0, , ,     ,     ,  , , , , ,00:00.0,N,1,6964.75,24040.69443, , , , , , ,0,S,1,M, ,NULL,0,NULL,0,1,0,0,1, ,     ,0x000000011E21BE27, , 
10014678,8753ET3X-AIR-PAVER,TRA, , ,50,53ET3XP-102-25219,53 FT - 3 AXLE - 17.5 - 72 IN,3,2841,TRANSIT TRAILER LIMITED,00:00.0,00:00.0,00:00.0,NULL,N,N,S,13002.6,38606.87212,1,0,O, ,280,0,Y,N,N,N,65382,0,0,0,512949,0,0,15,13,0,Y,N,Y, ,N,0,0,1200,0,1,36991.39,10457.53,0,11303.5,0,0,173.9,0,0,0,0,0,0,0,0,0, ,00:00.0,1425, ,0, , ,     ,     ,  , , , , ,00:00.0,N,1,13002.6,38606.87212, , , , , , ,0,S,1,M, ,NULL,0,NULL,0,1,0,0,1, ,     ,0x000000011E22647D, , 
10014679,8753ET3X-AIR-PAVER,TRA, , ,50,53ET3XP-102-25300,53 FT - 3 AXLE - 17.5 - 61 IN,3,2014,ACOTT CONSTRUCTION LTD.,00:00.0,00:00.0,00:00.0,NULL,N,N,S,13123.5,34897.96037,1,0,O, ,307,0,Y,N,N,N,68185,0,0,0,512950,0,0,15,13,0,Y,N,Y, ,N,0,0,1200,0,1,44434.37,11199.96,0,13051.35,0,0,200.79,0,0,0,0,0,0,0,0,0, ,00:00.0,1540, ,0, , ,     ,     ,  , , , , ,00:00.0,N,1,13123.5,34897.96037, , , , , , ,0,S,1,M, ,NULL,0,NULL,0,1,0,0,1, ,     ,0x000000011E414FA6, , 
10014364,SG WO 9196,TRA, , ,50,PONY 3X17-24817,38' PONY TRAILER FRAME 3X,3,1975,CASH ON DELIVERY,00:00.0,00:00.0,00:00.0,00:00.0,Y,N,S,4816.5,28387.56865,1,1,O, ,405,0,Y,N,N,N,26028,0,0,0, ,0,0,15,13,0,Y,N,Y, ,N,1,0,1200,0,0,30387.35,19024.07,0,6919.9,169,0,106.46,2.6,0,30387.35,0,0,6919.9,0,0,0, ,00:00.0,1115, ,0, , ,     ,     ,  , , , , ,00:00.0,N,1,4816.5,28387.56865, , , , , , ,0,S,1,M, ,NULL,0,NULL,0,1,1,0,1, ,     ,0x000000011E40B976, , 
10014500,SG WO 9194,TRA, , ,50,PONY 3X17-25090,38' PONY TRAILER FRAME 3X,3,1975,CASH ON DELIVERY,00:00.0,00:00.0,00:00.0,00:00.0,Y,N,S,4816.5,28241.47955,1,1,O, ,251,0,Y,N,N,N,40421,0,0,0,512729,0,0,15,13,0,Y,N,Y, ,N,1,0,1200,0,1,30913.63,19305.67,0,6379.75,2968.55,0,98.15,45.67,0,30913.63,0,0,6379.75,0,0,0, ,00:00.0,815, ,0, , ,     ,     ,  , , , , ,00:00.0,N,1,4816.5,28241.47955, , , , , , ,0,S,1,M, ,NULL,0,NULL,0,1,1,0,1, ,     ,0x000000011DD86C69, , 
10014647,8730TT-ANR-CAN,TRA, , ,50,30ANR-102-25350,30 TON - 3 AXLE - 17.5 - 49 IN,3,3042,FORT GARRY INDUSTRIES LTD.,00:00.0,00:00.0,00:00.0,00:00.0,Y,N,S,6168.5,19653.10571,1,1,O, ,202,0,Y,N,N,N,29747,0,0,0,512918,0,0,15,13,0,Y,N,Y, ,N,1,0,1200,0,1,20488.47,15887.18,0,5672.55,2316.6,0,87.27,35.64,0,20488.47,0,0,5672.55,0,0,0, ,00:00.0,1406, ,0, , ,     ,     ,  , , , , ,00:00.0,N,1,6168.5,19653.10571, , , , , , ,0,S,1,M, ,NULL,0,NULL,0,1,1,0,1, ,     ,0x000000011CBA5BBE, , 
10014648,8730TT-ANR-CAN,TRA, , ,50,30ANR-102-25364,30 TON - 3 AXLE - 17.5 - 49 IN,3,3042,FORT GARRY INDUSTRIES LTD.,00:00.0,00:00.0,00:00.0,00:00.0,Y,N,S,6168.5,19653.10571,1,1,O, ,197,0,Y,N,N,N,29747,0,0,0,512919,0,0,15,13,0,Y,N,Y, ,N,1,0,1200,0,1,20199.37,6670.4,0,5712.2,427.7,0,87.88,6.58,0,20199.37,0,0,5712.2,0,0,0, ,00:00.0,1614, ,0, , ,     ,     ,  , , , , ,00:00.0,N,1,6168.5,19653.10571, , , , , , ,0,S,1,M, ,NULL,0,NULL,0,1,1,0,1, ,     ,0x000000011D34DE1F, , 
10014617,8721TT-NO/TILT,TRA, , ,50,20NTT-102-25333,20 TON - 2 AXLE - 17.5 - 49 IN,3,2730,HALE TRAILER BRAKE & WHEEL INC,00:00.0,00:00.0,00:00.0,00:00.0,Y,N,S,6717.75,17791.29669,1,1,O, ,207,0,Y,N,N,N,28944.621,0,0,0,512876,0,0,15,13,0,Y,N,Y, ,N,1,0,1200,0,1,18270.41,7215.05,0,6425.25,1187.55,0,98.85,18.27,0,18270.41,0,0,6425.25,0,0,0, ,00:00.0,1321, ,0, , ,     ,     ,  , , , , ,00:00.0,N,1,6717.75,17791.29669, , , , , , ,0,S,1,M, ,NULL,0,NULL,0,1,1,0,1, ,     ,0x000000011D7B615B, , 
10014561,8725TT-NO-TILT,TRA, , ,50,25NTT-102-25210,"25 TON - 3 AXLE - 17.5 - 49""",3,2730,HALE TRAILER BRAKE & WHEEL INC,00:00.0,00:00.0,00:00.0,00:00.0,Y,N,S,7501,21300.42813,1,1,O, ,236,0,Y,N,N,N,38695.995,0,0,0,512796,0,0,15,13,0,Y,N,Y, ,N,1,0,1200,0,1,22518.37,4237.51,0,7666.75,443.95,141.05,117.95,6.83,2.17,22518.37,0,0,7666.75,0,0,0, ,00:00.0,1339, ,0, , ,     ,     ,  , , , , ,00:00.0,N,1,7501,21300.42813, , , , , , ,0,S,1,M, ,NULL,0,NULL,0,1,1,0,1, ,     ,0x000000011DD88254, , 
10014594,8755HDG3X H V2020,TRA, , ,50,55HDG3X H V2020-102-25279,55 TON - 3 AXLE - 60 IN,3,3303,REMORQUE LEWIS,00:00.0,00:00.0,00:00.0,NULL,N,N,S,14537.25,67259.74429,1,0,O, ,412,0,Y,N,N,N,88109,0,0,0,512843,0,0,15,13,0,Y,N,Y, ,N,0,0,1200,0,1,57150.55,11782.28,0,12474.15,0,0,191.91,0,0,0,0,0,0,0,0,0, ,00:00.0,756, ,0, , ,     ,     ,  , , , , ,00:00.0,N,1,14537.25,67259.74429, , , , , , ,0,S,1,M, ,NULL,0,NULL,0,1,0,0,1, ,     ,0x000000011E4194FC, , 
20043485,4671  Deck Beams,SUB, , ,50,40991962,BEAM SET LOW DECK,1,7778,BWS MACHINE SHOP,00:00.0,00:00.0,00:00.0,NULL,N,N,S,1365,3005.50364,1,0,P, ,0,0,Y,N,N,N,10174.347,0,0,0, ,0,0,5,0,0,Y,N,Y, ,N,0,0,1200,2,0,0,0,0,0,0,0,0,0,0,0,0,0,0,0,0,0, ,00:00.0,948, ,0, , ,     ,     ,  , , , , ,00:00.0,N,1,1365,3005.50364, , , , , , ,0,S,1,M, ,NULL,0,NULL,0,1,0,0,1, ,     ,0x000000011BBC8F53, , 
20043489,4671  Bridge Beams,SUB, , ,50,40991943,DUAL BEAMS REAR BRIDGE,1,7778,BWS MACHINE SHOP,00:00.0,00:00.0,00:00.0,NULL,N,N,S,1267.5,1640.63222,1,0,P, ,0,0,Y,N,N,N,6842.313,0,0,0, ,0,0,4,0,0,Y,N,Y, ,N,0,0,1200,2,0,0,0,0,0,0,0,0,0,0,0,0,0,0,0,0,0, ,00:00.0,952, ,0, , ,     ,     ,  , , , , ,00:00.0,N,1,1267.5,1640.63222, , , , , , ,0,S,1,M, ,NULL,0,NULL,0,1,0,0,1, ,     ,0x000000011BBC8F57, , 
