dealer,model,slot,market,freight,date
Remorques Lewis,46LF3X4T NS <LOG EASTERN>,1.0,0.0,0.0,2021-05-17
Remorques Lewis,46LF3X4T NL <LOG EASTERN>,1.0,0.0,0.0,2021-05-17
Remorques Lewis,46LD4X4T NS <LOG EASTERN>,1.0,0.0,0.0,2021-05-17
Remorques Lewis,39LBT3X NS <LOG EASTERN>,1.0,0.0,0.0,2021-05-17
Remorques Lewis,42LD3X NL <LOG EASTERN>,1.0,0.0,0.0,2021-05-17
Remorques Lewis,27LBT2X NL <LOG EASTERN>,1.0,0.0,0.0,2021-05-17
Remorques Lewis,37LBT3X NL <LOG EASTERN>,1.0,0.0,0.0,2021-05-17
Remorques Lewis,46LD3X4TLW NS <LOG EASTERN>,1.0,0.0,0.0,2021-05-17
Remorques Lewis,18LPT3X <LOG EASTERN>,1.0,0.0,0.0,2021-05-17
Remorques Lewis,48LF4X NL <LOG EASTERN>,1.0,0.0,0.0,2021-05-17
Remorques Lewis,51LD5X5T ON <LOG EASTERN>,1.0,0.0,0.0,2021-05-17
Remorques Lewis,25LPT3X JDI <LOG EASTERN>,1.0,0.0,0.0,2021-05-17
Remorques Lewis,53LD3X5T JDIHD <LOG EASTERN>,1.0,0.0,0.0,2021-05-17
Remorques Lewis,48LD4X4T V2018 <LOG EASTERN>,1.0,0.0,0.0,2021-05-17
Remorques Lewis,46LF3X4T NS V2017 <LOG EASTERN>,1.0,0.0,0.0,2021-05-17
Remorques Lewis,48LF3X5T NB V2016 <LOG EASTERN>,1.0,0.0,0.0,2021-05-17
Remorques Lewis,51LF3X5T NB V2016 <LOG EASTERN>,1.0,0.0,0.0,2021-05-17
Remorques Lewis,48LF3X NL <LOG EASTERN>,1.0,0.0,0.0,2021-05-17
Remorques Lewis,39LBT3X ON <LOG EASTERN>,1.0,0.0,0.0,2021-05-17
Remorques Lewis,51LF4X5T NB TRI V2016 <LOG EASTERN>,1.0,0.0,0.0,2021-05-17
Remorques Lewis,51LF4X5T V2018 <LOG EASTERN>,1.0,0.0,0.0,2021-05-17
Remorques Lewis,48LF4X5T V2018 <LOG EASTERN>,1.0,0.0,0.0,2021-05-17
Remorques Lewis,48LF3X5T V2018 <LOG EASTERN>,1.0,0.0,0.0,2021-05-17
Remorques Lewis,48LD3X5T V2018 <LOG EASTERN>,1.0,0.0,0.0,2021-05-17
Remorques Lewis,46LF4X NL <LOG EASTERN>,1.0,0.0,0.0,2021-05-17
Remorques Lewis,52LD4X5T <LOG EASTERN>,1.0,0.0,0.0,2021-05-17
Remorques Lewis,48LF3X5T NB V2018 <LOG EASTERN>,1.0,0.0,0.0,2021-05-17
Remorques Lewis,25LPT2X <LOG EASTERN>,1.0,0.0,0.0,2021-05-17
Remorques Lewis,46LF3X4T V2018 <LOG EASTERN>,1.0,0.0,0.0,2021-05-17
Remorques Lewis,25LPT3X <LOG EASTERN>,1.0,0.0,0.0,2021-05-17
Remorques Lewis,46LD3X4T V2018 <LOG EASTERN>,1.0,0.0,0.0,2021-05-17
Remorques Lewis,46LD4X NL <LOG EASTERN>,1.0,0.0,0.0,2021-05-17
Remorques Lewis,52LF4X5T <LOG EASTERN>,1.0,0.0,0.0,2021-05-17
Remorques Lewis,48LD4X4T NB V2017 <LOG EASTERN>,1.0,0.0,0.0,2021-05-17
Remorques Lewis,30LBT2X ON <LOG EASTERN>,1.0,0.0,0.0,2021-05-17
Remorques Lewis,51LD5X5T ON V2017 <LOG EASTERN>,1.0,0.0,0.0,2021-05-17
Remorques Lewis,46LD3X4T US <LOG US>,1.0,0.0,0.0,2021-05-17
Remorques Lewis,48LD3X5T US <LOG US>,1.0,0.0,0.0,2021-05-17
Remorques Lewis,46LD2X4T US <LOG US>,1.0,0.0,0.0,2021-05-17
Remorques Lewis,46LD3X4T USAE <LOG US>,1.0,0.0,0.0,2021-05-17
Remorques Lewis,46LD3X2T US <LOG US>,1.0,0.0,0.0,2021-05-17
Remorques Lewis,46LF3X MN <LOG US>,1.0,0.0,0.0,2021-05-17
Remorques Lewis,48LD3X5T USAE <LOG US>,1.0,0.0,0.0,2021-05-17
Remorques Lewis,51LF4X3T US <LOG US>,1.0,0.0,0.0,2021-05-17
Remorques Lewis,46LF3X4T USAE <LOG US>,1.0,0.0,0.0,2021-05-17
Remorques Lewis,48LF3X5T USAE <LOG US>,1.0,0.0,0.0,2021-05-17
Remorques Lewis,42LD3X4T USAE <LOG US>,1.0,0.0,0.0,2021-05-17
Remorques Lewis,46LD3X5T HALE <LOG US>,1.0,0.0,0.0,2021-05-17
Remorques Lewis,35ADG2X AGNR <MACHINERY>,1.0,0.0,0.0,2021-05-17
Remorques Lewis,35ADG2X AGR <MACHINERY>,1.0,0.0,0.0,2021-05-17
Remorques Lewis,35ADG2X NR <MACHINERY>,1.0,0.0,0.0,2021-05-17
Remorques Lewis,35ADG2X R <MACHINERY>,1.0,0.0,0.0,2021-05-17
Remorques Lewis,35FA <MACHINERY>,1.0,0.0,0.0,2021-05-17
Remorques Lewis,40ADG2X NR <MACHINERY>,1.0,0.0,0.0,2021-05-17
Remorques Lewis,40ADG3X AGR <MACHINERY>,1.0,0.0,0.0,2021-05-17
Remorques Lewis,40ADG3X R <MACHINERY>,1.0,0.0,0.0,2021-05-17
Remorques Lewis,35MD2X53 EXT <MACHINERY>,1.0,0.0,0.0,2021-05-17
Remorques Lewis,35ADG2X53 AGNR <MACHINERY>,1.0,0.0,0.0,2021-05-17
Remorques Lewis,50ADG3X53 NR <MACHINERY>,1.0,0.0,0.0,2021-05-17
Remorques Lewis,30ADG2X51 AGLP <MACHINERY>,1.0,0.0,0.0,2021-05-17
Remorques Lewis,40ADG3X53 NR <MACHINERY>,1.0,0.0,0.0,2021-05-17
Remorques Lewis,40ADG3X53 AGNR <MACHINERY>,1.0,0.0,0.0,2021-05-17
Remorques Lewis,35ADG3X53 AGNR <MACHINERY>,1.0,0.0,0.0,2021-05-17
Remorques Lewis,35ADG2X37 AGNR <MACHINERY>,1.0,0.0,0.0,2021-05-17
Remorques Lewis,30ADG2X51 LP <MACHINERY>,1.0,0.0,0.0,2021-05-17
Remorques Lewis,35ADG2X53 AGC <MACHINERY>,1.0,0.0,0.0,2021-05-17
Remorques Lewis,20PAG2X <MACHINERY>,1.0,0.0,0.0,2021-05-17
Remorques Lewis,35ADG2X51 AGC <MACHINERY>,1.0,0.0,0.0,2021-05-17
Remorques Lewis,35ADG2X53 AGCO <MACHINERY>,1.0,0.0,0.0,2021-05-17
Remorques Lewis,35ADG2X48 AGULP <MACHINERY>,1.0,0.0,0.0,2021-05-17
Remorques Lewis,35MD2X48 <MACHINERY>,1.0,0.0,0.0,2021-05-17
Remorques Lewis,35MD2X BT <MACHINERY>,1.0,0.0,0.0,2021-05-17
Remorques Lewis,35DD2X BT <MACHINERY>,1.0,0.0,0.0,2021-05-17
Remorques Lewis,35MD2X48 P <MACHINERY>,1.0,0.0,0.0,2021-05-17
Remorques Lewis,45MD3X EXT <MACHINERY>,1.0,0.0,0.0,2021-05-17
Remorques Lewis,35HDG2X53 <MACHINERY>,1.0,0.0,0.0,2021-05-17
Remorques Lewis,35ADG2X51 AGLP <MACHINERY>,1.0,0.0,0.0,2021-05-17
Remorques Lewis,35ADG2X51 AGNR <MACHINERY>,1.0,0.0,0.0,2021-05-17
Remorques Lewis,35ADG2X53 AGS <MACHINERY>,1.0,0.0,0.0,2021-05-17
Remorques Lewis,30ADG2X53 AGLP <MACHINERY>,1.0,0.0,0.0,2021-05-17
Remorques Lewis,40ADG3X53 AGLP <MACHINERY>,1.0,0.0,0.0,2021-05-17
Remorques Lewis,35ADG2X51 LP <MACHINERY>,1.0,0.0,0.0,2021-05-17
Remorques Lewis,35MD2X48 AGULP <MACHINERY>,1.0,0.0,0.0,2021-05-17
Remorques Lewis,40SN3X <OILFIELD>,1.0,0.0,0.0,2021-05-17
Remorques Lewis,40SN3X SB <OILFIELD>,1.0,0.0,0.0,2021-05-17
Remorques Lewis,55LB3X LND <OILFIELD>,1.0,0.0,0.0,2021-05-17
Remorques Lewis,40SN3X M <OILFIELD>,1.0,0.0,0.0,2021-05-17
Remorques Lewis,60SN3X <OILFIELD>,1.0,0.0,0.0,2021-05-17
Remorques Lewis,50SN3X 2018 <OILFIELD>,1.0,0.0,0.0,2021-05-17
Remorques Lewis,50SN3X <OILFIELD>,1.0,0.0,0.0,2021-05-17
Remorques Lewis,55LB3X SND <OILFIELD>,1.0,0.0,0.0,2021-05-17
Remorques Lewis,55LB3X LNF <OILFIELD>,1.0,0.0,0.0,2021-05-17
Remorques Lewis,51OF3X <OILFIELD>,1.0,0.0,0.0,2021-05-17
Remorques Lewis,2510 <SNOW & ICE CONTROL>,1.0,0.0,0.0,2021-05-17
Remorques Lewis,2513 <SNOW & ICE CONTROL>,1.0,0.0,0.0,2021-05-17
Remorques Lewis,2514 <SNOW & ICE CONTROL>,1.0,0.0,0.0,2021-05-17
Remorques Lewis,2311NB <SNOW & ICE CONTROL>,1.0,0.0,0.0,2021-05-17
Remorques Lewis,1155 <SNOW & ICE CONTROL>,1.0,0.0,0.0,2021-05-17
Remorques Lewis,2514 DC <SNOW & ICE CONTROL>,1.0,0.0,0.0,2021-05-17
Remorques Lewis,TC1X <SNOW & ICE CONTROL>,1.0,0.0,0.0,2021-05-17
Remorques Lewis,1040G <SNOW & ICE CONTROL>,1.0,0.0,0.0,2021-05-17
Remorques Lewis,3434 PMB <SNOW & ICE CONTROL>,1.0,0.0,0.0,2021-05-17
Remorques Lewis,2311 <SNOW & ICE CONTROL>,1.0,0.0,0.0,2021-05-17
Remorques Lewis,2313 <SNOW & ICE CONTROL>,1.0,0.0,0.0,2021-05-17
Remorques Lewis,SICD2X NT <SNOW & ICE CONTROL>,1.0,0.0,0.0,2021-05-17
Remorques Lewis,SICP1X NT <SNOW & ICE CONTROL>,1.0,0.0,0.0,2021-05-17
Remorques Lewis,1030G <SNOW & ICE CONTROL>,1.0,0.0,0.0,2021-05-17
Remorques Lewis,1050G <SNOW & ICE CONTROL>,1.0,0.0,0.0,2021-05-17
Remorques Lewis,2049 <SNOW & ICE CONTROL>,1.0,0.0,0.0,2021-05-17
Remorques Lewis,SICP2X NT <SNOW & ICE CONTROL>,1.0,0.0,0.0,2021-05-17
Remorques Lewis,2514 SNC <SNOW & ICE CONTROL>,1.0,0.0,0.0,2021-05-17
Remorques Lewis,2047 <SNOW & ICE CONTROL>,1.0,0.0,0.0,2021-05-17
Remorques Lewis,SPUD KIT 4300 <SNOW & ICE CONTROL>,1.0,0.0,0.0,2021-05-17
Remorques Lewis,2513 DC <SNOW & ICE CONTROL>,1.0,0.0,0.0,2021-05-17
Remorques Lewis,2313NB <SNOW & ICE CONTROL>,1.0,0.0,0.0,2021-05-17
Remorques Lewis,2314NB <SNOW & ICE CONTROL>,1.0,0.0,0.0,2021-05-17
Remorques Lewis,TC2X <SNOW & ICE CONTROL>,1.0,0.0,0.0,2021-05-17
Remorques Lewis,3920-94 PMP <SNOW & ICE CONTROL>,1.0,0.0,0.0,2021-05-17
Remorques Lewis,Installation <SNOW & ICE CONTROL>,1.0,0.0,0.0,2021-05-17
Remorques Lewis,2310NB <SNOW & ICE CONTROL>,1.0,0.0,0.0,2021-05-17
Remorques Lewis,TEMP <SNOW & ICE CONTROL>,1.0,0.0,0.0,2021-05-17
Remorques Lewis,2020 <SNOW & ICE CONTROL>,1.0,0.0,0.0,2021-05-17
Remorques Lewis,53ET2XP <PAVING & RECOVERY>,1.0,0.0,0.0,2021-05-17
Remorques Lewis,48ET2XP <PAVING & RECOVERY>,1.0,0.0,0.0,2021-05-17
Remorques Lewis,48ET3XP <PAVING & RECOVERY>,1.0,0.0,0.0,2021-05-17
Remorques Lewis,60HDGSB <HYDRAULICS>,1.0,0.0,0.0,2021-05-17
Remorques Lewis,55FA <HYDRAULICS>,1.0,0.0,0.0,2021-05-17
Remorques Lewis,55HDG4X SB <HYDRAULICS>,1.0,0.0,0.0,2021-05-17
Remorques Lewis,40HDG4X SB P <HYDRAULICS>,1.0,0.0,0.0,2021-05-17
Remorques Lewis,55HDG3X BTHH <HYDRAULICS>,1.0,0.0,0.0,2021-05-17
Remorques Lewis,55HDG3X SBHH <HYDRAULICS>,1.0,0.0,0.0,2021-05-17
Remorques Lewis,60HDG4X SB <HYDRAULICS>,1.0,0.0,0.0,2021-05-17
Remorques Lewis,35HDG2X Mini <HYDRAULICS>,1.0,0.0,0.0,2021-05-17
Remorques Lewis,50HDG3X AG <HYDRAULICS>,1.0,0.0,0.0,2021-05-17
Remorques Lewis,55HDG3X E <HYDRAULICS>,1.0,0.0,0.0,2021-05-17
Remorques Lewis,50FA AGRI <HYDRAULICS>,1.0,0.0,0.0,2021-05-17
Remorques Lewis,55FA LH <HYDRAULICS>,1.0,0.0,0.0,2021-05-17
Remorques Lewis,51HDG3X SB <HYDRAULICS>,1.0,0.0,0.0,2021-05-17
Remorques Lewis,55HDG3X SB <HYDRAULICS>,1.0,0.0,0.0,2021-05-17
Remorques Lewis,35HDG2X53 AGC <HYDRAULICS>,1.0,0.0,0.0,2021-05-17
Remorques Lewis,35HDG2X53 AGNR <HYDRAULICS>,1.0,0.0,0.0,2021-05-17
Remorques Lewis,55HDG3X BTHH AG <HYDRAULICS>,1.0,0.0,0.0,2021-05-17
Remorques Lewis,55HDG3X SBHH AG <HYDRAULICS>,1.0,0.0,0.0,2021-05-17
Remorques Lewis,60HDG3X HB_temp1 <HYDRAULICS>,1.0,0.0,0.0,2021-05-17
Remorques Lewis,55HDG3X <HYDRAULICS>,1.0,0.0,0.0,2021-05-17
Remorques Lewis,55FA  B <HYDRAULICS>,1.0,0.0,0.0,2021-05-17
Remorques Lewis,55HDG3X Q1 <HYDRAULICS>,1.0,0.0,0.0,2021-05-17
Remorques Lewis,55HDG3X US <HYDRAULICS>,1.0,0.0,0.0,2021-05-17
Remorques Lewis,DECK - Bellemar <HYDRAULICS>,1.0,0.0,0.0,2021-05-17
Remorques Lewis,35HDG2X NR <HYDRAULICS>,1.0,0.0,0.0,2021-05-17
Remorques Lewis,40HDG3X AG <HYDRAULICS>,1.0,0.0,0.0,2021-05-17
Remorques Lewis,25HDG2X Mini <HYDRAULICS>,1.0,0.0,0.0,2021-05-17
Remorques Lewis,55HDG3X HS <HYDRAULICS>,1.0,0.0,0.0,2021-05-17
Remorques Lewis,GNK - Bellemare <HYDRAULICS>,1.0,0.0,0.0,2021-05-17
Remorques Lewis,40HDG3X53 AG <HYDRAULICS>,1.0,0.0,0.0,2021-05-17
Remorques Lewis,35HDG2X48 AGULP <HYDRAULICS>,1.0,0.0,0.0,2021-05-17
Remorques Lewis,70HDG4X SB <HYDRAULICS>,1.0,0.0,0.0,2021-05-17
Remorques Lewis,51LF3X3T SK <LOG WESTERN>,1.0,0.0,0.0,2021-05-17
Remorques Lewis,37LBT2X W <LOG WESTERN>,1.0,0.0,0.0,2021-05-17
Remorques Lewis,53LD3X3T BC <LOG WESTERN>,1.0,0.0,0.0,2021-05-17
Remorques Lewis,50LF4X3T HD <LOG WESTERN>,1.0,0.0,0.0,2021-05-17
Remorques Lewis,39LBT2X W <LOG WESTERN>,1.0,0.0,0.0,2021-05-17
Remorques Lewis,39LBT3X W <LOG WESTERN>,1.0,0.0,0.0,2021-05-17
Remorques Lewis,51LF3X3T AB V2016 <LOG WESTERN>,1.0,0.0,0.0,2021-05-17
Remorques Lewis,50LF3X3T HD <LOG WESTERN>,1.0,0.0,0.0,2021-05-17
Remorques Lewis,51LF4X3T AB V2015 <LOG WESTERN>,1.0,0.0,0.0,2021-05-17
Remorques Lewis,53LD3X3T BCHD <LOG WESTERN>,1.0,0.0,0.0,2021-05-17
Remorques Lewis,30LBT2X W <LOG WESTERN>,1.0,0.0,0.0,2021-05-17
Remorques Lewis,51LF3X3T PEAK <LOG WESTERN>,1.0,0.0,0.0,2021-05-17
Remorques Lewis,37LBT3X PEAK <LOG WESTERN>,1.0,0.0,0.0,2021-05-17
Remorques Lewis,37LBT3X W <LOG WESTERN>,1.0,0.0,0.0,2021-05-17
Remorques Lewis,27LBT2X W <LOG WESTERN>,1.0,0.0,0.0,2021-05-17
Remorques Lewis,51LF3X3T SK V2016 <LOG WESTERN>,1.0,0.0,0.0,2021-05-17
Remorques Lewis,40LD3X <LOG WESTERN>,1.0,0.0,0.0,2021-05-17
Remorques Lewis,27LD2X <LOG WESTERN>,1.0,0.0,0.0,2021-05-17
Remorques Lewis,28LBT2X PEAK <LOG WESTERN>,1.0,0.0,0.0,2021-05-17
Remorques Lewis,50LF3X3T AB <LOG WESTERN>,1.0,0.0,0.0,2021-05-17
Remorques Lewis,50LF3X3T SK <LOG WESTERN>,1.0,0.0,0.0,2021-05-17
Remorques Lewis,46LD3X2T BC <LOG WESTERN>,1.0,0.0,0.0,2021-05-17
Remorques Lewis,51HD3X CON <HIGHWAY>,1.0,0.0,0.0,2021-05-17
Remorques Lewis,32HBT3X <HIGHWAY>,1.0,0.0,0.0,2021-05-17
Remorques Lewis,48HDD2X Custom V1 <HIGHWAY>,1.0,0.0,0.0,2021-05-17
Remorques Lewis,28HBT2XHD <HIGHWAY>,1.0,0.0,0.0,2021-05-17
Remorques Lewis,32HBT3XHD <HIGHWAY>,1.0,0.0,0.0,2021-05-17
Remorques Lewis,53HD3X <HIGHWAY>,1.0,0.0,0.0,2021-05-17
Remorques Lewis,53HF3X <HIGHWAY>,1.0,0.0,0.0,2021-05-17
Remorques Lewis,48HD3X <HIGHWAY>,1.0,0.0,0.0,2021-05-17
Remorques Lewis,53HDD2X <HIGHWAY>,1.0,0.0,0.0,2021-05-17
Remorques Lewis,53OHD3X <HIGHWAY>,1.0,0.0,0.0,2021-05-17
Remorques Lewis,53HF4X - Super Single <HIGHWAY>,1.0,0.0,0.0,2021-05-17
Remorques Lewis,48HD2X <HIGHWAY>,1.0,0.0,0.0,2021-05-17
Remorques Lewis,53HF3XEXT <HIGHWAY>,1.0,0.0,0.0,2021-05-17
Remorques Lewis,29HD3X Rail <HIGHWAY>,1.0,0.0,0.0,2021-05-17
Remorques Lewis,42HD2X HD <HIGHWAY>,1.0,0.0,0.0,2021-05-17
Remorques Lewis,48HD2X PEAT <HIGHWAY>,1.0,0.0,0.0,2021-05-17
Remorques Lewis,39BT2X SCRAP <HIGHWAY>,1.0,0.0,0.0,2021-05-17
Remorques Lewis,20BT3X SCRAP <HIGHWAY>,1.0,0.0,0.0,2021-05-17
Remorques Lewis,32HBT3X 2018 <HIGHWAY>,1.0,0.0,0.0,2021-05-17
Remorques Lewis,53HD3X 2018 <HIGHWAY>,1.0,0.0,0.0,2021-05-17
Remorques Lewis,48HF4X <HIGHWAY>,1.0,0.0,0.0,2021-05-17
Remorques Lewis,50HF5X <HIGHWAY>,1.0,0.0,0.0,2021-05-17
Remorques Lewis,53HD2X EXT_temp1 <HIGHWAY>,1.0,0.0,0.0,2021-05-17
Remorques Lewis,40HD3XB <HIGHWAY>,1.0,0.0,0.0,2021-05-17
Remorques Lewis,45HD2X <HIGHWAY>,1.0,0.0,0.0,2021-05-17
Remorques Lewis,48HDD2X EXT <HIGHWAY>,1.0,0.0,0.0,2021-05-17
Remorques Lewis,FA <HIGHWAY>,1.0,0.0,0.0,2021-05-17
Remorques Lewis,48HDD2X <HIGHWAY>,1.0,0.0,0.0,2021-05-17
Remorques Lewis,53HD2X Crane <HIGHWAY>,1.0,0.0,0.0,2021-05-17
Remorques Lewis,48HDD2X Custom <HIGHWAY>,1.0,0.0,0.0,2021-05-17
Remorques Lewis,48HF2X <HIGHWAY>,1.0,0.0,0.0,2021-05-17
Remorques Lewis,48HF3X <HIGHWAY>,1.0,0.0,0.0,2021-05-17
Remorques Lewis,48HD2X SPECIAL <HIGHWAY>,1.0,0.0,0.0,2021-05-17
Remorques Lewis,42HF2X <HIGHWAY>,1.0,0.0,0.0,2021-05-17
Remorques Lewis,53HDD3X <HIGHWAY>,1.0,0.0,0.0,2021-05-17
Remorques Lewis,28HBT2X 2018 <HIGHWAY>,1.0,0.0,0.0,2021-05-17
Remorques Lewis,46HDD2X Custom <HIGHWAY>,1.0,0.0,0.0,2021-05-17
Remorques Lewis,42HF3X HD <HIGHWAY>,1.0,0.0,0.0,2021-05-17
Remorques Lewis,35HD2X <HIGHWAY>,1.0,0.0,0.0,2021-05-17
Remorques Lewis,42HD3X 2018 <HIGHWAY>,1.0,0.0,0.0,2021-05-17
Remorques Lewis,53HD2X <HIGHWAY>,1.0,0.0,0.0,2021-05-17
Remorques Lewis,48HD5X <HIGHWAY>,1.0,0.0,0.0,2021-05-17
Remorques Lewis,53HD3X 2018 LDECK <HIGHWAY>,1.0,0.0,0.0,2021-05-17
Remorques Lewis,53HF3X 2018 <HIGHWAY>,1.0,0.0,0.0,2021-05-17
Remorques Lewis,53HD2X EXT <HIGHWAY>,1.0,0.0,0.0,2021-05-17
Remorques Lewis,48HDD3X <HIGHWAY>,1.0,0.0,0.0,2021-05-17
Remorques Lewis,53HD2X EXT H <HIGHWAY>,1.0,0.0,0.0,2021-05-17
Remorques Lewis,40HD2X Penske CUSTOM <HIGHWAY>,1.0,0.0,0.0,2021-05-17
Remorques Lewis,53HD3X EXT <HIGHWAY>,1.0,0.0,0.0,2021-05-17
Remorques Lewis,42HD3X HD <HIGHWAY>,1.0,0.0,0.0,2021-05-17
Remorques Lewis,28HBT2X <HIGHWAY>,1.0,0.0,0.0,2021-05-17
Remorques Lewis,37DT3X <DUMP>,1.0,0.0,0.0,2021-05-17
Remorques Lewis,27PD2X <DUMP>,1.0,0.0,0.0,2021-05-17
Remorques Lewis,28DPT3X <DUMP>,1.0,0.0,0.0,2021-05-17
Remorques Lewis,SPECIAL <DUMP>,1.0,0.0,0.0,2021-05-17
Remorques Lewis,26DT2X <DUMP>,1.0,0.0,0.0,2021-05-17
Remorques Lewis,28DPT2X <DUMP>,1.0,0.0,0.0,2021-05-17
Remorques Lewis,38ALB3XS <DUMP>,1.0,0.0,0.0,2021-05-17
Remorques Lewis,36ALB2X <DUMP>,1.0,0.0,0.0,2021-05-17
Remorques Lewis,32DT3X V2018 <DUMP>,1.0,0.0,0.0,2021-05-17
Remorques Lewis,41ALB3X <DUMP>,1.0,0.0,0.0,2021-05-17
Remorques Lewis,27DT2X V2018 <DUMP>,1.0,0.0,0.0,2021-05-17
Remorques Lewis,53EWF4X <DUMP>,1.0,0.0,0.0,2021-05-17
Remorques Lewis,SFUB2X <DUMP>,1.0,0.0,0.0,2021-05-17
Remorques Lewis,37DT2X <DUMP>,1.0,0.0,0.0,2021-05-17
Remorques Lewis,27DT2XU <DUMP>,1.0,0.0,0.0,2021-05-17
Remorques Lewis,37DT4X FF <DUMP>,1.0,0.0,0.0,2021-05-17
Remorques Lewis,48ALB4X <DUMP>,1.0,0.0,0.0,2021-05-17
Remorques Lewis,39ALB3X <DUMP>,1.0,0.0,0.0,2021-05-17
Remorques Lewis,37DT2X HV <DUMP>,1.0,0.0,0.0,2021-05-17
Remorques Lewis,27DT2X HV <DUMP>,1.0,0.0,0.0,2021-05-17
Remorques Lewis,40JD2X WL <JEEP DOLLY>,1.0,0.0,0.0,2021-05-17
Remorques Lewis,40JD2X OF <JEEP DOLLY>,1.0,0.0,0.0,2021-05-17
Remorques Lewis,20JD1X HP <JEEP DOLLY>,1.0,0.0,0.0,2021-05-17
Remorques Lewis,20JD1X LP <JEEP DOLLY>,1.0,0.0,0.0,2021-05-17
Remorques Lewis,40JD2X HG <JEEP DOLLY>,1.0,0.0,0.0,2021-05-17
Remorques Lewis,60JD3X HG <JEEP DOLLY>,1.0,0.0,0.0,2021-05-17
Remorques Lewis,JD2+1X <JEEP DOLLY>,1.0,0.0,0.0,2021-05-17
Remorques Lewis,JD2X <JEEP DOLLY>,1.0,0.0,0.0,2021-05-17
Remorques Lewis,25VT2V DCI <CONTAINER CHASSIS>,1.0,0.0,0.0,2021-05-17
Remorques Lewis,40VT2V Mexico <CONTAINER CHASSIS>,1.0,0.0,0.0,2021-05-17
Remorques Lewis,51VT4V DCI <CONTAINER CHASSIS>,1.0,0.0,0.0,2021-05-17
Remorques Lewis,53VT2V DCI <CONTAINER CHASSIS>,1.0,0.0,0.0,2021-05-17
Remorques Lewis,53VT2V Penske <CONTAINER CHASSIS>,1.0,0.0,0.0,2021-05-17
Remorques Lewis,53VT3V DCI <CONTAINER CHASSIS>,1.0,0.0,0.0,2021-05-17
Remorques Lewis,38GT1X <CONTAINER CHASSIS>,1.0,0.0,0.0,2021-05-17
Remorques Lewis,48GT2X <CONTAINER CHASSIS>,1.0,0.0,0.0,2021-05-17
Remorques Lewis,51VT2V DCI <CONTAINER CHASSIS>,1.0,0.0,0.0,2021-05-17
Remorques Lewis,12GT1X <CONTAINER CHASSIS>,1.0,0.0,0.0,2021-05-17
Remorques Lewis,26VT1V Mexico <CONTAINER CHASSIS>,1.0,0.0,0.0,2021-05-17
Remorques Lewis,42VT2V Mexico <CONTAINER CHASSIS>,1.0,0.0,0.0,2021-05-17
Remorques Lewis,30DT3X-CHASSIS <CONTAINER CHASSIS>,1.0,0.0,0.0,2021-05-17
Remorques Lewis,53VT2V FL CA <CONTAINER CHASSIS>,1.0,0.0,0.0,2021-05-17
Remorques Lewis,53VT2V FL CA-97 <CONTAINER CHASSIS>,1.0,0.0,0.0,2021-05-17
Remorques Lewis,53VT2V FL US-97 <CONTAINER CHASSIS>,1.0,0.0,0.0,2021-05-17
Remorques Lewis,53VT2V JB HUNT <CONTAINER CHASSIS>,1.0,0.0,0.0,2021-05-17
Remorques Lewis,33VT2V DCI Tag <CONTAINER CHASSIS>,1.0,0.0,0.0,2021-05-17
Remorques Lewis,40CC2X <CONTAINER CHASSIS>,1.0,0.0,0.0,2021-05-17
Remorques Lewis,53VT3X DCI V2021 <CONTAINER CHASSIS>,1.0,0.0,0.0,2021-05-17
Remorques Lewis,53VT3V PENSKE <CONTAINER CHASSIS>,1.0,0.0,0.0,2021-05-17
Remorques Lewis,53VT2V Frito Lay <CONTAINER CHASSIS>,1.0,0.0,0.0,2021-05-17
Remorques Lewis,53VT2V FL US <CONTAINER CHASSIS>,1.0,0.0,0.0,2021-05-17
Remorques Lewis,40GT1X <CONTAINER CHASSIS>,1.0,0.0,0.0,2021-05-17
Remorques Lewis,20VT1V Mexico <CONTAINER CHASSIS>,1.0,0.0,0.0,2021-05-17
Remorques Lewis,53VT2V CAL <CONTAINER CHASSIS>,1.0,0.0,0.0,2021-05-17
Remorques Lewis,38GT2X <CONTAINER CHASSIS>,1.0,0.0,0.0,2021-05-17
Remorques Lewis,51GT2X <CONTAINER CHASSIS>,1.0,0.0,0.0,2021-05-17
Remorques Lewis,47GT2X <CONTAINER CHASSIS>,1.0,0.0,0.0,2021-05-17
Remorques Lewis,10GT1X <CONTAINER CHASSIS>,1.0,0.0,0.0,2021-05-17
Remorques Lewis,34VT1V Hostler <CONTAINER CHASSIS>,1.0,0.0,0.0,2021-05-17
Remorques Lewis,53VT2V DCI LD <CONTAINER CHASSIS>,1.0,0.0,0.0,2021-05-17
Remorques Lewis,53VT2V FL CA-53 <CONTAINER CHASSIS>,1.0,0.0,0.0,2021-05-17
Remorques Lewis,10GT2X <CONTAINER CHASSIS>,1.0,0.0,0.0,2021-05-17
Remorques Lewis,12GT2X <CONTAINER CHASSIS>,1.0,0.0,0.0,2021-05-17
Remorques Lewis,42DD3X <NUCLEAR>,1.0,0.0,0.0,2021-05-17
Remorques Lewis,42DD3X WCS <NUCLEAR>,1.0,0.0,0.0,2021-05-17
Remorques Lewis,42DD2X <NUCLEAR>,1.0,0.0,0.0,2021-05-17
Remorques Lewis,46DD4X WCS <NUCLEAR>,1.0,0.0,0.0,2021-05-17
Remorques Lewis,40NS2 US <NUCLEAR>,1.0,0.0,0.0,2021-05-17
Remorques Lewis,44DD2X <NUCLEAR>,1.0,0.0,0.0,2021-05-17
Remorques Lewis,49DD3X HD <NUCLEAR>,1.0,0.0,0.0,2021-05-17
Remorques Lewis,50DD4X <NUCLEAR>,1.0,0.0,0.0,2021-05-17
Remorques Lewis,51DD3X HD <NUCLEAR>,1.0,0.0,0.0,2021-05-17
Remorques Lewis,50DD3X <NUCLEAR>,1.0,0.0,0.0,2021-05-17
Remorques Lewis,53DD4X <NUCLEAR>,1.0,0.0,0.0,2021-05-17
Remorques Lewis,47DD3X <NUCLEAR>,1.0,0.0,0.0,2021-05-17
Remorques Lewis,45DD3X <NUCLEAR>,1.0,0.0,0.0,2021-05-17
Remorques Lewis,53ET3X MR WEST <EQUIPMENT>,1.0,0.0,0.0,2021-05-17
Remorques Lewis,48ET3X MR <EQUIPMENT>,1.0,0.0,0.0,2021-05-17
Remorques Lewis,42ET2X <EQUIPMENT>,1.0,0.0,0.0,2021-05-17
Remorques Lewis,48ET2X <EQUIPMENT>,1.0,0.0,0.0,2021-05-17
Remorques Lewis,53ET2X <EQUIPMENT>,1.0,0.0,0.0,2021-05-17
Remorques Lewis,42ET3X <EQUIPMENT>,1.0,0.0,0.0,2021-05-17
Remorques Lewis,48ET3X <EQUIPMENT>,1.0,0.0,0.0,2021-05-17
Remorques Lewis,360 <SCREENER>,1.0,0.0,0.0,2021-05-17
Remorques Lewis,14CR1X <CABLE REEL>,1.0,0.0,0.0,2021-05-17
Remorques Lewis,11CD1X <CONVERTERS/BOOSTERS>,1.0,0.0,0.0,2021-05-17
Remorques Lewis,11SB1X SB <CONVERTERS/BOOSTERS>,1.0,0.0,0.0,2021-05-17
Remorques Lewis,11SB1X <CONVERTERS/BOOSTERS>,1.0,0.0,0.0,2021-05-17
Remorques Lewis,22CD2X <CONVERTERS/BOOSTERS>,1.0,0.0,0.0,2021-05-17
Remorques Lewis,11SB2X SB <CONVERTERS/BOOSTERS>,1.0,0.0,0.0,2021-05-17
Remorques Lewis,LP14 <AGRICULTURE>,1.0,0.0,0.0,2021-05-17
Remorques Lewis,LP18 <AGRICULTURE>,1.0,0.0,0.0,2021-05-17
Remorques Lewis,20PC2X <CHASSIS>,1.0,0.0,0.0,2021-05-17
Remorques Lewis,40CC3X <CHASSIS>,1.0,0.0,0.0,2021-05-17
Remorques Lewis,40CC3X53EXT <CHASSIS>,1.0,0.0,0.0,2021-05-17
Remorques Lewis,30CC2X <CHASSIS>,1.0,0.0,0.0,2021-05-17
Remorques Lewis,12CC2X <CHASSIS>,1.0,0.0,0.0,2021-05-17
Remorques Lewis,22CC2X <CHASSIS>,1.0,0.0,0.0,2021-05-17
Remorques Lewis,42CC3X <CHASSIS>,1.0,0.0,0.0,2021-05-17
Remorques Lewis,20CC2X <CHASSIS>,1.0,0.0,0.0,2021-05-17
Remorques Lewis,20CC3X <CHASSIS>,1.0,0.0,0.0,2021-05-17
Remorques Lewis,Pony 3X17 <CHASSIS>,1.0,0.0,0.0,2021-05-17
Remorques Lewis,44CC3X <CHASSIS>,1.0,0.0,0.0,2021-05-17
Remorques Lewis,27BC2X <CHASSIS>,1.0,0.0,0.0,2021-05-17
Remorques Lewis,45BC3X <CHASSIS>,1.0,0.0,0.0,2021-05-17
Remorques Lewis,30PC3X <CHASSIS>,1.0,0.0,0.0,2021-05-17
Remorques Lewis,PY-FR454-WR3X <STARGATE>,1.0,0.0,0.0,2021-05-17
Remorques Lewis,48LB4X A <STARGATE>,1.0,0.0,0.0,2021-05-17
Remorques Lewis,TB48 <STARGATE>,1.0,0.0,0.0,2021-05-17
Remorques Lewis,Dump SF3X <STARGATE>,1.0,0.0,0.0,2021-05-17
Remorques Lewis,30SB <STARGATE>,1.0,0.0,0.0,2021-05-17
Remorques Lewis,B-Train Pull Dump_temp1 <STARGATE>,1.0,0.0,0.0,2021-05-17
Remorques Lewis,CD2X <STARGATE>,1.0,0.0,0.0,2021-05-17
Remorques Lewis,24SB <STARGATE>,1.0,0.0,0.0,2021-05-17
Remorques Lewis,UBF2X <STARGATE>,1.0,0.0,0.0,2021-05-17
Remorques Lewis,38LB3X A <STARGATE>,1.0,0.0,0.0,2021-05-17
Remorques Lewis,28LB2X A <STARGATE>,1.0,0.0,0.0,2021-05-17
Remorques Lewis,CD1X <STARGATE>,1.0,0.0,0.0,2021-05-17
Remorques Lewis,Dump SF2X <STARGATE>,1.0,0.0,0.0,2021-05-17
Remorques Lewis,Steel End Dump 2X <STARGATE>,1.0,0.0,0.0,2021-05-17
Remorques Lewis,17PDB <STARGATE>,1.0,0.0,0.0,2021-05-17
Remorques Lewis,Dump SF4X <STARGATE>,1.0,0.0,0.0,2021-05-17
Remorques Lewis,Dump 36SF3X <STARGATE>,1.0,0.0,0.0,2021-05-17
Remorques Lewis,Pony Dump 3X17 <STARGATE>,1.0,0.0,0.0,2021-05-17
Remorques Lewis,19SB <STARGATE>,1.0,0.0,0.0,2021-05-17
Remorques Lewis,End Dump - temp1 <STARGATE>,1.0,0.0,0.0,2021-05-17
Remorques Lewis,B-Train Dump_temp1 <STARGATE>,1.0,0.0,0.0,2021-05-17
Remorques Lewis,Pony Chassis <STARGATE>,1.0,0.0,0.0,2021-05-17
Remorques Lewis,End Dump 4X <END DUMPS>,1.0,0.0,0.0,2021-05-17
Remorques Lewis,Frameless Alum. U Body 2X <END DUMPS>,1.0,0.0,0.0,2021-05-17
Remorques Lewis,Frameless Alum. U Body 3X <END DUMPS>,1.0,0.0,0.0,2021-05-17
Remorques Lewis,20ANR <TAGS>,1.0,1.5,0.0,2021-05-17
Remorques Lewis,15BWS2X <TAGS>,1.0,1.5,0.0,2021-05-17
Remorques Lewis,20BWS3X <TAGS>,1.0,1.5,0.0,2021-05-17
Remorques Lewis,20FDNT <TAGS>,1.0,1.5,0.0,2021-05-17
Remorques Lewis,20PLS2X <TAGS>,1.0,1.5,0.0,2021-05-17
Remorques Lewis,30NTT <TAGS>,1.0,1.5,0.0,2021-05-17
Remorques Lewis,30FDNT <TAGS>,1.0,1.5,0.0,2021-05-17
Remorques Lewis,15BWS2X G <TAGS>,1.0,1.5,0.0,2021-05-17
Remorques Lewis,20NTTS <TAGS>,1.0,1.5,0.0,2021-05-17
Remorques Lewis,40EPT1X <TAGS>,1.0,1.5,0.0,2021-05-17
Remorques Lewis,30 ANR MINE <TAGS>,1.0,1.5,0.0,2021-05-17
Remorques Lewis,20PT2X <TAGS>,1.0,1.5,0.0,2021-05-17
Remorques Lewis,WTT2X <TAGS>,1.0,1.5,0.0,2021-05-17
Remorques Lewis,25PT3X <TAGS>,1.0,1.5,0.0,2021-05-17
Remorques Lewis,20ART <TAGS>,1.0,1.5,0.0,2021-05-17
Remorques Lewis,20MTT <TAGS>,1.0,1.5,0.0,2021-05-17
Remorques Lewis,20NTT <TAGS>,1.0,1.5,0.0,2021-05-17
Remorques Lewis,25ANR <TAGS>,1.0,1.5,0.0,2021-05-17
Remorques Lewis,25ART <TAGS>,1.0,1.5,0.0,2021-05-17
Remorques Lewis,25NTT <TAGS>,1.0,1.5,0.0,2021-05-17
Remorques Lewis,20FDNT ECO <TAGS>,1.0,1.5,0.0,2021-05-17
Remorques Lewis,25FDNT <TAGS>,1.0,1.5,0.0,2021-05-17
Remorques Lewis,25FDNT ECO <TAGS>,1.0,1.5,0.0,2021-05-17
Remorques Lewis,20BWS2X <TAGS>,1.0,1.5,0.0,2021-05-17
Remorques Lewis,25BWS3X <TAGS>,1.0,1.5,0.0,2021-05-17
Remorques Lewis,30ANR <TAGS>,1.0,1.5,0.0,2021-05-17
Remorques Lewis,30ART <TAGS>,1.0,1.5,0.0,2021-05-17
Remorques Lewis,53ET3X <EQUIPMENT>,1.0,3.0,0.0,2021-05-17
Remorques Lewis,53ET3X MR EAST <EQUIPMENT>,1.0,3.0,0.0,2021-05-17
Remorques Lewis,53ET3XP <PAVING & RECOVERY>,1.0,3.0,0.0,2021-05-17
Remorques Lewis,53ET4X MR <EQUIPMENT>,1.0,5.0,0.0,2021-05-17
Remorques Lewis,53ET4XP <PAVING & RECOVERY>,1.0,3.0,0.0,2021-05-17
Remorques Lewis,53ET4X <EQUIPMENT>,1.0,3.0,0.0,2021-05-17
Remorques Lewis,55HDG3X H <HYDRAULICS>,1.0,1.745,0.0,2021-05-17
Remorques Lewis,48LD4X5T ON <LOG EASTERN>,1.0,2.0,0.0,2021-05-17
Remorques Lewis,28LBT2X NS <LOG EASTERN>,1.0,0.0,0.0,2021-05-17
Remorques Lewis,48LD4X5T V2018 <LOG EASTERN>,1.0,2.0,0.0,2021-05-17
Remorques Lewis,51LD4X5T V2018 <LOG EASTERN>,1.0,2.0,0.0,2021-05-17
Remorques Lewis,51LD4X5T ON <LOG EASTERN>,1.0,2.0,0.0,2021-05-17
Remorques Lewis,53HF4X <HIGHWAY>,1.0,8.546,0.0,2021-05-17
Remorques Lewis,53HD4X <HIGHWAY>,1.0,7.000000000000001,0.0,2021-05-17
Remorques Lewis,35MD2X53 <MACHINERY>,1.0,4.0,0.0,2021-05-17
Remorques Lewis,35MD2X EXT <MACHINERY>,1.0,2.0,0.0,2021-05-17
Remorques Lewis,27DT2X <DUMP>,1.0,12.374,0.0,2021-05-17
Remorques Lewis,32DT3X <DUMP>,1.0,13.791999999999998,0.0,2021-05-17
Diamond International,46LF3X4T NS <LOG EASTERN>,1.0,0.0,0.0,2021-05-17
Diamond International,46LF3X4T NL <LOG EASTERN>,1.0,0.0,0.0,2021-05-17
Diamond International,46LD4X4T NS <LOG EASTERN>,1.0,0.0,0.0,2021-05-17
Diamond International,39LBT3X NS <LOG EASTERN>,1.0,0.0,0.0,2021-05-17
Diamond International,28LBT2X NS <LOG EASTERN>,1.0,0.0,0.0,2021-05-17
Diamond International,42LD3X NL <LOG EASTERN>,1.0,0.0,0.0,2021-05-17
Diamond International,27LBT2X NL <LOG EASTERN>,1.0,0.0,0.0,2021-05-17
Diamond International,37LBT3X NL <LOG EASTERN>,1.0,0.0,0.0,2021-05-17
Diamond International,46LD3X4TLW NS <LOG EASTERN>,1.0,0.0,0.0,2021-05-17
Diamond International,18LPT3X <LOG EASTERN>,1.0,0.0,0.0,2021-05-17
Diamond International,48LF4X NL <LOG EASTERN>,1.0,0.0,0.0,2021-05-17
Diamond International,51LD5X5T ON <LOG EASTERN>,1.0,0.0,0.0,2021-05-17
Diamond International,25LPT3X JDI <LOG EASTERN>,1.0,0.0,0.0,2021-05-17
Diamond International,53LD3X5T JDIHD <LOG EASTERN>,1.0,0.0,0.0,2021-05-17
Diamond International,48LD4X4T V2018 <LOG EASTERN>,1.0,0.0,0.0,2021-05-17
Diamond International,46LF3X4T NS V2017 <LOG EASTERN>,1.0,0.0,0.0,2021-05-17
Diamond International,48LF3X5T NB V2016 <LOG EASTERN>,1.0,0.0,0.0,2021-05-17
Diamond International,51LF3X5T NB V2016 <LOG EASTERN>,1.0,0.0,0.0,2021-05-17
Diamond International,48LF3X NL <LOG EASTERN>,1.0,0.0,0.0,2021-05-17
Diamond International,39LBT3X ON <LOG EASTERN>,1.0,0.0,0.0,2021-05-17
Diamond International,51LF4X5T NB TRI V2016 <LOG EASTERN>,1.0,0.0,0.0,2021-05-17
Diamond International,51LF4X5T V2018 <LOG EASTERN>,1.0,0.0,0.0,2021-05-17
Diamond International,48LF4X5T V2018 <LOG EASTERN>,1.0,0.0,0.0,2021-05-17
Diamond International,48LF3X5T V2018 <LOG EASTERN>,1.0,0.0,0.0,2021-05-17
Diamond International,48LD3X5T V2018 <LOG EASTERN>,1.0,0.0,0.0,2021-05-17
Diamond International,46LF4X NL <LOG EASTERN>,1.0,0.0,0.0,2021-05-17
Diamond International,52LD4X5T <LOG EASTERN>,1.0,0.0,0.0,2021-05-17
Diamond International,48LF3X5T NB V2018 <LOG EASTERN>,1.0,0.0,0.0,2021-05-17
Diamond International,51LD4X5T V2018 <LOG EASTERN>,1.0,0.0,0.0,2021-05-17
Diamond International,51LD4X5T ON <LOG EASTERN>,1.0,0.0,0.0,2021-05-17
Diamond International,25LPT2X <LOG EASTERN>,1.0,0.0,0.0,2021-05-17
Diamond International,46LF3X4T V2018 <LOG EASTERN>,1.0,0.0,0.0,2021-05-17
Diamond International,25LPT3X <LOG EASTERN>,1.0,0.0,0.0,2021-05-17
Diamond International,46LD3X4T V2018 <LOG EASTERN>,1.0,0.0,0.0,2021-05-17
Diamond International,46LD4X NL <LOG EASTERN>,1.0,0.0,0.0,2021-05-17
Diamond International,52LF4X5T <LOG EASTERN>,1.0,0.0,0.0,2021-05-17
Diamond International,48LD4X4T NB V2017 <LOG EASTERN>,1.0,0.0,0.0,2021-05-17
Diamond International,48LD4X5T ON <LOG EASTERN>,1.0,0.0,0.0,2021-05-17
Diamond International,48LD4X5T V2018 <LOG EASTERN>,1.0,0.0,0.0,2021-05-17
Diamond International,30LBT2X ON <LOG EASTERN>,1.0,0.0,0.0,2021-05-17
Diamond International,51LD5X5T ON V2017 <LOG EASTERN>,1.0,0.0,0.0,2021-05-17
Diamond International,46LD3X4T US <LOG US>,1.0,0.0,0.0,2021-05-17
Diamond International,48LD3X5T US <LOG US>,1.0,0.0,0.0,2021-05-17
Diamond International,46LD2X4T US <LOG US>,1.0,0.0,0.0,2021-05-17
Diamond International,46LD3X4T USAE <LOG US>,1.0,0.0,0.0,2021-05-17
Diamond International,46LD3X2T US <LOG US>,1.0,0.0,0.0,2021-05-17
Diamond International,46LF3X MN <LOG US>,1.0,0.0,0.0,2021-05-17
Diamond International,48LD3X5T USAE <LOG US>,1.0,0.0,0.0,2021-05-17
Diamond International,51LF4X3T US <LOG US>,1.0,0.0,0.0,2021-05-17
Diamond International,46LF3X4T USAE <LOG US>,1.0,0.0,0.0,2021-05-17
Diamond International,48LF3X5T USAE <LOG US>,1.0,0.0,0.0,2021-05-17
Diamond International,42LD3X4T USAE <LOG US>,1.0,0.0,0.0,2021-05-17
Diamond International,46LD3X5T HALE <LOG US>,1.0,0.0,0.0,2021-05-17
Diamond International,35ADG2X AGNR <MACHINERY>,1.0,0.0,0.0,2021-05-17
Diamond International,35ADG2X AGR <MACHINERY>,1.0,0.0,0.0,2021-05-17
Diamond International,35ADG2X NR <MACHINERY>,1.0,0.0,0.0,2021-05-17
Diamond International,35ADG2X R <MACHINERY>,1.0,0.0,0.0,2021-05-17
Diamond International,35FA <MACHINERY>,1.0,0.0,0.0,2021-05-17
Diamond International,40ADG2X NR <MACHINERY>,1.0,0.0,0.0,2021-05-17
Diamond International,40ADG3X AGR <MACHINERY>,1.0,0.0,0.0,2021-05-17
Diamond International,40ADG3X R <MACHINERY>,1.0,0.0,0.0,2021-05-17
Diamond International,35MD2X53 EXT <MACHINERY>,1.0,0.0,0.0,2021-05-17
Diamond International,35ADG2X53 AGNR <MACHINERY>,1.0,0.0,0.0,2021-05-17
Diamond International,50ADG3X53 NR <MACHINERY>,1.0,0.0,0.0,2021-05-17
Diamond International,30ADG2X51 AGLP <MACHINERY>,1.0,0.0,0.0,2021-05-17
Diamond International,40ADG3X53 NR <MACHINERY>,1.0,0.0,0.0,2021-05-17
Diamond International,40ADG3X53 AGNR <MACHINERY>,1.0,0.0,0.0,2021-05-17
Diamond International,35ADG3X53 AGNR <MACHINERY>,1.0,0.0,0.0,2021-05-17
Diamond International,35ADG2X37 AGNR <MACHINERY>,1.0,0.0,0.0,2021-05-17
Diamond International,35MD2X EXT <MACHINERY>,1.0,0.0,0.0,2021-05-17
Diamond International,30ADG2X51 LP <MACHINERY>,1.0,0.0,0.0,2021-05-17
Diamond International,35ADG2X53 AGC <MACHINERY>,1.0,0.0,0.0,2021-05-17
Diamond International,20PAG2X <MACHINERY>,1.0,0.0,0.0,2021-05-17
Diamond International,35ADG2X51 AGC <MACHINERY>,1.0,0.0,0.0,2021-05-17
Diamond International,35ADG2X53 AGCO <MACHINERY>,1.0,0.0,0.0,2021-05-17
Diamond International,35ADG2X48 AGULP <MACHINERY>,1.0,0.0,0.0,2021-05-17
Diamond International,35MD2X48 <MACHINERY>,1.0,0.0,0.0,2021-05-17
Diamond International,35MD2X53 <MACHINERY>,1.0,0.0,0.0,2021-05-17
Diamond International,35MD2X BT <MACHINERY>,1.0,0.0,0.0,2021-05-17
Diamond International,35DD2X BT <MACHINERY>,1.0,0.0,0.0,2021-05-17
Diamond International,35MD2X48 P <MACHINERY>,1.0,0.0,0.0,2021-05-17
Diamond International,45MD3X EXT <MACHINERY>,1.0,0.0,0.0,2021-05-17
Diamond International,35HDG2X53 <MACHINERY>,1.0,0.0,0.0,2021-05-17
Diamond International,35ADG2X51 AGLP <MACHINERY>,1.0,0.0,0.0,2021-05-17
Diamond International,35ADG2X51 AGNR <MACHINERY>,1.0,0.0,0.0,2021-05-17
Diamond International,35ADG2X53 AGS <MACHINERY>,1.0,0.0,0.0,2021-05-17
Diamond International,30ADG2X53 AGLP <MACHINERY>,1.0,0.0,0.0,2021-05-17
Diamond International,40ADG3X53 AGLP <MACHINERY>,1.0,0.0,0.0,2021-05-17
Diamond International,35ADG2X51 LP <MACHINERY>,1.0,0.0,0.0,2021-05-17
Diamond International,35MD2X48 AGULP <MACHINERY>,1.0,0.0,0.0,2021-05-17
Diamond International,40SN3X <OILFIELD>,1.0,0.0,0.0,2021-05-17
Diamond International,40SN3X SB <OILFIELD>,1.0,0.0,0.0,2021-05-17
Diamond International,55LB3X LND <OILFIELD>,1.0,0.0,0.0,2021-05-17
Diamond International,40SN3X M <OILFIELD>,1.0,0.0,0.0,2021-05-17
Diamond International,60SN3X <OILFIELD>,1.0,0.0,0.0,2021-05-17
Diamond International,50SN3X 2018 <OILFIELD>,1.0,0.0,0.0,2021-05-17
Diamond International,50SN3X <OILFIELD>,1.0,0.0,0.0,2021-05-17
Diamond International,55LB3X SND <OILFIELD>,1.0,0.0,0.0,2021-05-17
Diamond International,55LB3X LNF <OILFIELD>,1.0,0.0,0.0,2021-05-17
Diamond International,51OF3X <OILFIELD>,1.0,0.0,0.0,2021-05-17
Diamond International,2510 <SNOW & ICE CONTROL>,1.0,0.0,0.0,2021-05-17
Diamond International,2513 <SNOW & ICE CONTROL>,1.0,0.0,0.0,2021-05-17
Diamond International,2514 <SNOW & ICE CONTROL>,1.0,0.0,0.0,2021-05-17
Diamond International,2311NB <SNOW & ICE CONTROL>,1.0,0.0,0.0,2021-05-17
Diamond International,1155 <SNOW & ICE CONTROL>,1.0,0.0,0.0,2021-05-17
Diamond International,2514 DC <SNOW & ICE CONTROL>,1.0,0.0,0.0,2021-05-17
Diamond International,TC1X <SNOW & ICE CONTROL>,1.0,0.0,0.0,2021-05-17
Diamond International,1040G <SNOW & ICE CONTROL>,1.0,0.0,0.0,2021-05-17
Diamond International,3434 PMB <SNOW & ICE CONTROL>,1.0,0.0,0.0,2021-05-17
Diamond International,2311 <SNOW & ICE CONTROL>,1.0,0.0,0.0,2021-05-17
Diamond International,2313 <SNOW & ICE CONTROL>,1.0,0.0,0.0,2021-05-17
Diamond International,SICD2X NT <SNOW & ICE CONTROL>,1.0,0.0,0.0,2021-05-17
Diamond International,SICP1X NT <SNOW & ICE CONTROL>,1.0,0.0,0.0,2021-05-17
Diamond International,1030G <SNOW & ICE CONTROL>,1.0,0.0,0.0,2021-05-17
Diamond International,1050G <SNOW & ICE CONTROL>,1.0,0.0,0.0,2021-05-17
Diamond International,2049 <SNOW & ICE CONTROL>,1.0,0.0,0.0,2021-05-17
Diamond International,SICP2X NT <SNOW & ICE CONTROL>,1.0,0.0,0.0,2021-05-17
Diamond International,2514 SNC <SNOW & ICE CONTROL>,1.0,0.0,0.0,2021-05-17
Diamond International,2047 <SNOW & ICE CONTROL>,1.0,0.0,0.0,2021-05-17
Diamond International,SPUD KIT 4300 <SNOW & ICE CONTROL>,1.0,0.0,0.0,2021-05-17
Diamond International,2513 DC <SNOW & ICE CONTROL>,1.0,0.0,0.0,2021-05-17
Diamond International,2313NB <SNOW & ICE CONTROL>,1.0,0.0,0.0,2021-05-17
Diamond International,2314NB <SNOW & ICE CONTROL>,1.0,0.0,0.0,2021-05-17
Diamond International,TC2X <SNOW & ICE CONTROL>,1.0,0.0,0.0,2021-05-17
Diamond International,3920-94 PMP <SNOW & ICE CONTROL>,1.0,0.0,0.0,2021-05-17
Diamond International,Installation <SNOW & ICE CONTROL>,1.0,0.0,0.0,2021-05-17
Diamond International,2310NB <SNOW & ICE CONTROL>,1.0,0.0,0.0,2021-05-17
Diamond International,TEMP <SNOW & ICE CONTROL>,1.0,0.0,0.0,2021-05-17
Diamond International,2020 <SNOW & ICE CONTROL>,1.0,0.0,0.0,2021-05-17
Diamond International,20ANR <TAGS>,1.0,0.0,0.0,2021-05-17
Diamond International,15BWS2X <TAGS>,1.0,0.0,0.0,2021-05-17
Diamond International,20BWS3X <TAGS>,1.0,0.0,0.0,2021-05-17
Diamond International,20FDNT <TAGS>,1.0,0.0,0.0,2021-05-17
Diamond International,20PLS2X <TAGS>,1.0,0.0,0.0,2021-05-17
Diamond International,30NTT <TAGS>,1.0,0.0,0.0,2021-05-17
Diamond International,30FDNT <TAGS>,1.0,0.0,0.0,2021-05-17
Diamond International,15BWS2X G <TAGS>,1.0,0.0,0.0,2021-05-17
Diamond International,20NTTS <TAGS>,1.0,0.0,0.0,2021-05-17
Diamond International,40EPT1X <TAGS>,1.0,0.0,0.0,2021-05-17
Diamond International,30 ANR MINE <TAGS>,1.0,0.0,0.0,2021-05-17
Diamond International,20PT2X <TAGS>,1.0,0.0,0.0,2021-05-17
Diamond International,WTT2X <TAGS>,1.0,0.0,0.0,2021-05-17
Diamond International,25PT3X <TAGS>,1.0,0.0,0.0,2021-05-17
Diamond International,20ART <TAGS>,1.0,0.0,0.0,2021-05-17
Diamond International,20MTT <TAGS>,1.0,0.0,0.0,2021-05-17
Diamond International,20NTT <TAGS>,1.0,0.0,0.0,2021-05-17
Diamond International,25ANR <TAGS>,1.0,0.0,0.0,2021-05-17
Diamond International,25ART <TAGS>,1.0,0.0,0.0,2021-05-17
Diamond International,25NTT <TAGS>,1.0,0.0,0.0,2021-05-17
Diamond International,20FDNT ECO <TAGS>,1.0,0.0,0.0,2021-05-17
Diamond International,25FDNT <TAGS>,1.0,0.0,0.0,2021-05-17
Diamond International,25FDNT ECO <TAGS>,1.0,0.0,0.0,2021-05-17
Diamond International,20BWS2X <TAGS>,1.0,0.0,0.0,2021-05-17
Diamond International,25BWS3X <TAGS>,1.0,0.0,0.0,2021-05-17
Diamond International,30ANR <TAGS>,1.0,0.0,0.0,2021-05-17
Diamond International,30ART <TAGS>,1.0,0.0,0.0,2021-05-17
Diamond International,53ET2XP <PAVING & RECOVERY>,1.0,0.0,0.0,2021-05-17
Diamond International,53ET3XP <PAVING & RECOVERY>,1.0,0.0,0.0,2021-05-17
Diamond International,53ET4XP <PAVING & RECOVERY>,1.0,0.0,0.0,2021-05-17
Diamond International,48ET2XP <PAVING & RECOVERY>,1.0,0.0,0.0,2021-05-17
Diamond International,48ET3XP <PAVING & RECOVERY>,1.0,0.0,0.0,2021-05-17
Diamond International,60HDGSB <HYDRAULICS>,1.0,0.0,0.0,2021-05-17
Diamond International,55FA <HYDRAULICS>,1.0,0.0,0.0,2021-05-17
Diamond International,55HDG4X SB <HYDRAULICS>,1.0,0.0,0.0,2021-05-17
Diamond International,40HDG4X SB P <HYDRAULICS>,1.0,0.0,0.0,2021-05-17
Diamond International,55HDG3X BTHH <HYDRAULICS>,1.0,0.0,0.0,2021-05-17
Diamond International,55HDG3X SBHH <HYDRAULICS>,1.0,0.0,0.0,2021-05-17
Diamond International,60HDG4X SB <HYDRAULICS>,1.0,0.0,0.0,2021-05-17
Diamond International,35HDG2X Mini <HYDRAULICS>,1.0,0.0,0.0,2021-05-17
Diamond International,50HDG3X AG <HYDRAULICS>,1.0,0.0,0.0,2021-05-17
Diamond International,55HDG3X E <HYDRAULICS>,1.0,0.0,0.0,2021-05-17
Diamond International,50FA AGRI <HYDRAULICS>,1.0,0.0,0.0,2021-05-17
Diamond International,55FA LH <HYDRAULICS>,1.0,0.0,0.0,2021-05-17
Diamond International,51HDG3X SB <HYDRAULICS>,1.0,0.0,0.0,2021-05-17
Diamond International,55HDG3X SB <HYDRAULICS>,1.0,0.0,0.0,2021-05-17
Diamond International,35HDG2X53 AGC <HYDRAULICS>,1.0,0.0,0.0,2021-05-17
Diamond International,35HDG2X53 AGNR <HYDRAULICS>,1.0,0.0,0.0,2021-05-17
Diamond International,55HDG3X BTHH AG <HYDRAULICS>,1.0,0.0,0.0,2021-05-17
Diamond International,55HDG3X SBHH AG <HYDRAULICS>,1.0,0.0,0.0,2021-05-17
Diamond International,60HDG3X HB_temp1 <HYDRAULICS>,1.0,0.0,0.0,2021-05-17
Diamond International,55HDG3X <HYDRAULICS>,1.0,0.0,0.0,2021-05-17
Diamond International,55HDG3X H <HYDRAULICS>,1.0,0.0,0.0,2021-05-17
Diamond International,55FA  B <HYDRAULICS>,1.0,0.0,0.0,2021-05-17
Diamond International,55HDG3X Q1 <HYDRAULICS>,1.0,0.0,0.0,2021-05-17
Diamond International,55HDG3X US <HYDRAULICS>,1.0,0.0,0.0,2021-05-17
Diamond International,DECK - Bellemar <HYDRAULICS>,1.0,0.0,0.0,2021-05-17
Diamond International,35HDG2X NR <HYDRAULICS>,1.0,0.0,0.0,2021-05-17
Diamond International,40HDG3X AG <HYDRAULICS>,1.0,0.0,0.0,2021-05-17
Diamond International,25HDG2X Mini <HYDRAULICS>,1.0,0.0,0.0,2021-05-17
Diamond International,55HDG3X HS <HYDRAULICS>,1.0,0.0,0.0,2021-05-17
Diamond International,GNK - Bellemare <HYDRAULICS>,1.0,0.0,0.0,2021-05-17
Diamond International,40HDG3X53 AG <HYDRAULICS>,1.0,0.0,0.0,2021-05-17
Diamond International,35HDG2X48 AGULP <HYDRAULICS>,1.0,0.0,0.0,2021-05-17
Diamond International,70HDG4X SB <HYDRAULICS>,1.0,0.0,0.0,2021-05-17
Diamond International,51LF3X3T SK <LOG WESTERN>,1.0,0.0,0.0,2021-05-17
Diamond International,37LBT2X W <LOG WESTERN>,1.0,0.0,0.0,2021-05-17
Diamond International,53LD3X3T BC <LOG WESTERN>,1.0,0.0,0.0,2021-05-17
Diamond International,50LF4X3T HD <LOG WESTERN>,1.0,0.0,0.0,2021-05-17
Diamond International,39LBT2X W <LOG WESTERN>,1.0,0.0,0.0,2021-05-17
Diamond International,39LBT3X W <LOG WESTERN>,1.0,0.0,0.0,2021-05-17
Diamond International,51LF3X3T AB V2016 <LOG WESTERN>,1.0,0.0,0.0,2021-05-17
Diamond International,50LF3X3T HD <LOG WESTERN>,1.0,0.0,0.0,2021-05-17
Diamond International,51LF4X3T AB V2015 <LOG WESTERN>,1.0,0.0,0.0,2021-05-17
Diamond International,53LD3X3T BCHD <LOG WESTERN>,1.0,0.0,0.0,2021-05-17
Diamond International,30LBT2X W <LOG WESTERN>,1.0,0.0,0.0,2021-05-17
Diamond International,51LF3X3T PEAK <LOG WESTERN>,1.0,0.0,0.0,2021-05-17
Diamond International,37LBT3X PEAK <LOG WESTERN>,1.0,0.0,0.0,2021-05-17
Diamond International,37LBT3X W <LOG WESTERN>,1.0,0.0,0.0,2021-05-17
Diamond International,27LBT2X W <LOG WESTERN>,1.0,0.0,0.0,2021-05-17
Diamond International,51LF3X3T SK V2016 <LOG WESTERN>,1.0,0.0,0.0,2021-05-17
Diamond International,40LD3X <LOG WESTERN>,1.0,0.0,0.0,2021-05-17
Diamond International,27LD2X <LOG WESTERN>,1.0,0.0,0.0,2021-05-17
Diamond International,28LBT2X PEAK <LOG WESTERN>,1.0,0.0,0.0,2021-05-17
Diamond International,50LF3X3T AB <LOG WESTERN>,1.0,0.0,0.0,2021-05-17
Diamond International,50LF3X3T SK <LOG WESTERN>,1.0,0.0,0.0,2021-05-17
Diamond International,46LD3X2T BC <LOG WESTERN>,1.0,0.0,0.0,2021-05-17
Diamond International,51HD3X CON <HIGHWAY>,1.0,0.0,0.0,2021-05-17
Diamond International,32HBT3X <HIGHWAY>,1.0,0.0,0.0,2021-05-17
Diamond International,48HDD2X Custom V1 <HIGHWAY>,1.0,0.0,0.0,2021-05-17
Diamond International,28HBT2XHD <HIGHWAY>,1.0,0.0,0.0,2021-05-17
Diamond International,32HBT3XHD <HIGHWAY>,1.0,0.0,0.0,2021-05-17
Diamond International,53HD3X <HIGHWAY>,1.0,0.0,0.0,2021-05-17
Diamond International,53HF3X <HIGHWAY>,1.0,0.0,0.0,2021-05-17
Diamond International,48HD3X <HIGHWAY>,1.0,0.0,0.0,2021-05-17
Diamond International,53HDD2X <HIGHWAY>,1.0,0.0,0.0,2021-05-17
Diamond International,53OHD3X <HIGHWAY>,1.0,0.0,0.0,2021-05-17
Diamond International,53HF4X <HIGHWAY>,1.0,0.0,0.0,2021-05-17
Diamond International,53HF4X - Super Single <HIGHWAY>,1.0,0.0,0.0,2021-05-17
Diamond International,48HD2X <HIGHWAY>,1.0,0.0,0.0,2021-05-17
Diamond International,53HF3XEXT <HIGHWAY>,1.0,0.0,0.0,2021-05-17
Diamond International,29HD3X Rail <HIGHWAY>,1.0,0.0,0.0,2021-05-17
Diamond International,42HD2X HD <HIGHWAY>,1.0,0.0,0.0,2021-05-17
Diamond International,48HD2X PEAT <HIGHWAY>,1.0,0.0,0.0,2021-05-17
Diamond International,39BT2X SCRAP <HIGHWAY>,1.0,0.0,0.0,2021-05-17
Diamond International,20BT3X SCRAP <HIGHWAY>,1.0,0.0,0.0,2021-05-17
Diamond International,53HD4X <HIGHWAY>,1.0,0.0,0.0,2021-05-17
Diamond International,32HBT3X 2018 <HIGHWAY>,1.0,0.0,0.0,2021-05-17
Diamond International,53HD3X 2018 <HIGHWAY>,1.0,0.0,0.0,2021-05-17
Diamond International,48HF4X <HIGHWAY>,1.0,0.0,0.0,2021-05-17
Diamond International,50HF5X <HIGHWAY>,1.0,0.0,0.0,2021-05-17
Diamond International,53HD2X EXT_temp1 <HIGHWAY>,1.0,0.0,0.0,2021-05-17
Diamond International,40HD3XB <HIGHWAY>,1.0,0.0,0.0,2021-05-17
Diamond International,45HD2X <HIGHWAY>,1.0,0.0,0.0,2021-05-17
Diamond International,48HDD2X EXT <HIGHWAY>,1.0,0.0,0.0,2021-05-17
Diamond International,FA <HIGHWAY>,1.0,0.0,0.0,2021-05-17
Diamond International,48HDD2X <HIGHWAY>,1.0,0.0,0.0,2021-05-17
Diamond International,53HD2X Crane <HIGHWAY>,1.0,0.0,0.0,2021-05-17
Diamond International,48HDD2X Custom <HIGHWAY>,1.0,0.0,0.0,2021-05-17
Diamond International,48HF2X <HIGHWAY>,1.0,0.0,0.0,2021-05-17
Diamond International,48HF3X <HIGHWAY>,1.0,0.0,0.0,2021-05-17
Diamond International,48HD2X SPECIAL <HIGHWAY>,1.0,0.0,0.0,2021-05-17
Diamond International,42HF2X <HIGHWAY>,1.0,0.0,0.0,2021-05-17
Diamond International,53HDD3X <HIGHWAY>,1.0,0.0,0.0,2021-05-17
Diamond International,28HBT2X 2018 <HIGHWAY>,1.0,0.0,0.0,2021-05-17
Diamond International,46HDD2X Custom <HIGHWAY>,1.0,0.0,0.0,2021-05-17
Diamond International,42HF3X HD <HIGHWAY>,1.0,0.0,0.0,2021-05-17
Diamond International,35HD2X <HIGHWAY>,1.0,0.0,0.0,2021-05-17
Diamond International,42HD3X 2018 <HIGHWAY>,1.0,0.0,0.0,2021-05-17
Diamond International,53HD2X <HIGHWAY>,1.0,0.0,0.0,2021-05-17
Diamond International,48HD5X <HIGHWAY>,1.0,0.0,0.0,2021-05-17
Diamond International,53HD3X 2018 LDECK <HIGHWAY>,1.0,0.0,0.0,2021-05-17
Diamond International,53HF3X 2018 <HIGHWAY>,1.0,0.0,0.0,2021-05-17
Diamond International,53HD2X EXT <HIGHWAY>,1.0,0.0,0.0,2021-05-17
Diamond International,48HDD3X <HIGHWAY>,1.0,0.0,0.0,2021-05-17
Diamond International,53HD2X EXT H <HIGHWAY>,1.0,0.0,0.0,2021-05-17
Diamond International,40HD2X Penske CUSTOM <HIGHWAY>,1.0,0.0,0.0,2021-05-17
Diamond International,53HD3X EXT <HIGHWAY>,1.0,0.0,0.0,2021-05-17
Diamond International,42HD3X HD <HIGHWAY>,1.0,0.0,0.0,2021-05-17
Diamond International,28HBT2X <HIGHWAY>,1.0,0.0,0.0,2021-05-17
Diamond International,37DT3X <DUMP>,1.0,0.0,0.0,2021-05-17
Diamond International,27DT2X <DUMP>,1.0,0.0,0.0,2021-05-17
Diamond International,27PD2X <DUMP>,1.0,0.0,0.0,2021-05-17
Diamond International,28DPT3X <DUMP>,1.0,0.0,0.0,2021-05-17
Diamond International,SPECIAL <DUMP>,1.0,0.0,0.0,2021-05-17
Diamond International,26DT2X <DUMP>,1.0,0.0,0.0,2021-05-17
Diamond International,32DT3X <DUMP>,1.0,0.0,0.0,2021-05-17
Diamond International,28DPT2X <DUMP>,1.0,0.0,0.0,2021-05-17
Diamond International,38ALB3XS <DUMP>,1.0,0.0,0.0,2021-05-17
Diamond International,36ALB2X <DUMP>,1.0,0.0,0.0,2021-05-17
Diamond International,32DT3X V2018 <DUMP>,1.0,0.0,0.0,2021-05-17
Diamond International,41ALB3X <DUMP>,1.0,0.0,0.0,2021-05-17
Diamond International,27DT2X V2018 <DUMP>,1.0,0.0,0.0,2021-05-17
Diamond International,53EWF4X <DUMP>,1.0,0.0,0.0,2021-05-17
Diamond International,SFUB2X <DUMP>,1.0,0.0,0.0,2021-05-17
Diamond International,37DT2X <DUMP>,1.0,0.0,0.0,2021-05-17
Diamond International,27DT2XU <DUMP>,1.0,0.0,0.0,2021-05-17
Diamond International,37DT4X FF <DUMP>,1.0,0.0,0.0,2021-05-17
Diamond International,48ALB4X <DUMP>,1.0,0.0,0.0,2021-05-17
Diamond International,39ALB3X <DUMP>,1.0,0.0,0.0,2021-05-17
Diamond International,37DT2X HV <DUMP>,1.0,0.0,0.0,2021-05-17
Diamond International,27DT2X HV <DUMP>,1.0,0.0,0.0,2021-05-17
Diamond International,40JD2X WL <JEEP DOLLY>,1.0,0.0,0.0,2021-05-17
Diamond International,40JD2X OF <JEEP DOLLY>,1.0,0.0,0.0,2021-05-17
Diamond International,20JD1X HP <JEEP DOLLY>,1.0,0.0,0.0,2021-05-17
Diamond International,20JD1X LP <JEEP DOLLY>,1.0,0.0,0.0,2021-05-17
Diamond International,40JD2X HG <JEEP DOLLY>,1.0,0.0,0.0,2021-05-17
Diamond International,60JD3X HG <JEEP DOLLY>,1.0,0.0,0.0,2021-05-17
Diamond International,JD2+1X <JEEP DOLLY>,1.0,0.0,0.0,2021-05-17
Diamond International,JD2X <JEEP DOLLY>,1.0,0.0,0.0,2021-05-17
Diamond International,25VT2V DCI <CONTAINER CHASSIS>,1.0,0.0,0.0,2021-05-17
Diamond International,40VT2V Mexico <CONTAINER CHASSIS>,1.0,0.0,0.0,2021-05-17
Diamond International,51VT4V DCI <CONTAINER CHASSIS>,1.0,0.0,0.0,2021-05-17
Diamond International,53VT2V DCI <CONTAINER CHASSIS>,1.0,0.0,0.0,2021-05-17
Diamond International,53VT2V Penske <CONTAINER CHASSIS>,1.0,0.0,0.0,2021-05-17
Diamond International,53VT3V DCI <CONTAINER CHASSIS>,1.0,0.0,0.0,2021-05-17
Diamond International,38GT1X <CONTAINER CHASSIS>,1.0,0.0,0.0,2021-05-17
Diamond International,48GT2X <CONTAINER CHASSIS>,1.0,0.0,0.0,2021-05-17
Diamond International,51VT2V DCI <CONTAINER CHASSIS>,1.0,0.0,0.0,2021-05-17
Diamond International,12GT1X <CONTAINER CHASSIS>,1.0,0.0,0.0,2021-05-17
Diamond International,26VT1V Mexico <CONTAINER CHASSIS>,1.0,0.0,0.0,2021-05-17
Diamond International,42VT2V Mexico <CONTAINER CHASSIS>,1.0,0.0,0.0,2021-05-17
Diamond International,30DT3X-CHASSIS <CONTAINER CHASSIS>,1.0,0.0,0.0,2021-05-17
Diamond International,53VT2V FL CA <CONTAINER CHASSIS>,1.0,0.0,0.0,2021-05-17
Diamond International,53VT2V FL CA-97 <CONTAINER CHASSIS>,1.0,0.0,0.0,2021-05-17
Diamond International,53VT2V FL US-97 <CONTAINER CHASSIS>,1.0,0.0,0.0,2021-05-17
Diamond International,53VT2V JB HUNT <CONTAINER CHASSIS>,1.0,0.0,0.0,2021-05-17
Diamond International,33VT2V DCI Tag <CONTAINER CHASSIS>,1.0,0.0,0.0,2021-05-17
Diamond International,40CC2X <CONTAINER CHASSIS>,1.0,0.0,0.0,2021-05-17
Diamond International,53VT3X DCI V2021 <CONTAINER CHASSIS>,1.0,0.0,0.0,2021-05-17
Diamond International,53VT3V PENSKE <CONTAINER CHASSIS>,1.0,0.0,0.0,2021-05-17
Diamond International,53VT2V Frito Lay <CONTAINER CHASSIS>,1.0,0.0,0.0,2021-05-17
Diamond International,53VT2V FL US <CONTAINER CHASSIS>,1.0,0.0,0.0,2021-05-17
Diamond International,40GT1X <CONTAINER CHASSIS>,1.0,0.0,0.0,2021-05-17
Diamond International,20VT1V Mexico <CONTAINER CHASSIS>,1.0,0.0,0.0,2021-05-17
Diamond International,53VT2V CAL <CONTAINER CHASSIS>,1.0,0.0,0.0,2021-05-17
Diamond International,38GT2X <CONTAINER CHASSIS>,1.0,0.0,0.0,2021-05-17
Diamond International,51GT2X <CONTAINER CHASSIS>,1.0,0.0,0.0,2021-05-17
Diamond International,47GT2X <CONTAINER CHASSIS>,1.0,0.0,0.0,2021-05-17
Diamond International,10GT1X <CONTAINER CHASSIS>,1.0,0.0,0.0,2021-05-17
Diamond International,34VT1V Hostler <CONTAINER CHASSIS>,1.0,0.0,0.0,2021-05-17
Diamond International,53VT2V DCI LD <CONTAINER CHASSIS>,1.0,0.0,0.0,2021-05-17
Diamond International,53VT2V FL CA-53 <CONTAINER CHASSIS>,1.0,0.0,0.0,2021-05-17
Diamond International,10GT2X <CONTAINER CHASSIS>,1.0,0.0,0.0,2021-05-17
Diamond International,12GT2X <CONTAINER CHASSIS>,1.0,0.0,0.0,2021-05-17
Diamond International,42DD3X <NUCLEAR>,1.0,0.0,0.0,2021-05-17
Diamond International,42DD3X WCS <NUCLEAR>,1.0,0.0,0.0,2021-05-17
Diamond International,42DD2X <NUCLEAR>,1.0,0.0,0.0,2021-05-17
Diamond International,46DD4X WCS <NUCLEAR>,1.0,0.0,0.0,2021-05-17
Diamond International,40NS2 US <NUCLEAR>,1.0,0.0,0.0,2021-05-17
Diamond International,44DD2X <NUCLEAR>,1.0,0.0,0.0,2021-05-17
Diamond International,49DD3X HD <NUCLEAR>,1.0,0.0,0.0,2021-05-17
Diamond International,50DD4X <NUCLEAR>,1.0,0.0,0.0,2021-05-17
Diamond International,51DD3X HD <NUCLEAR>,1.0,0.0,0.0,2021-05-17
Diamond International,50DD3X <NUCLEAR>,1.0,0.0,0.0,2021-05-17
Diamond International,53DD4X <NUCLEAR>,1.0,0.0,0.0,2021-05-17
Diamond International,47DD3X <NUCLEAR>,1.0,0.0,0.0,2021-05-17
Diamond International,45DD3X <NUCLEAR>,1.0,0.0,0.0,2021-05-17
Diamond International,53ET3X MR WEST <EQUIPMENT>,1.0,0.0,0.0,2021-05-17
Diamond International,48ET3X MR <EQUIPMENT>,1.0,0.0,0.0,2021-05-17
Diamond International,42ET2X <EQUIPMENT>,1.0,0.0,0.0,2021-05-17
Diamond International,48ET2X <EQUIPMENT>,1.0,0.0,0.0,2021-05-17
Diamond International,53ET2X <EQUIPMENT>,1.0,0.0,0.0,2021-05-17
Diamond International,53ET4X MR <EQUIPMENT>,1.0,0.0,0.0,2021-05-17
Diamond International,53ET3X MR EAST <EQUIPMENT>,1.0,0.0,0.0,2021-05-17
Diamond International,53ET4X <EQUIPMENT>,1.0,0.0,0.0,2021-05-17
Diamond International,42ET3X <EQUIPMENT>,1.0,0.0,0.0,2021-05-17
Diamond International,48ET3X <EQUIPMENT>,1.0,0.0,0.0,2021-05-17
Diamond International,53ET3X <EQUIPMENT>,1.0,0.0,0.0,2021-05-17
Diamond International,360 <SCREENER>,1.0,0.0,0.0,2021-05-17
Diamond International,14CR1X <CABLE REEL>,1.0,0.0,0.0,2021-05-17
Diamond International,11CD1X <CONVERTERS/BOOSTERS>,1.0,0.0,0.0,2021-05-17
Diamond International,11SB1X SB <CONVERTERS/BOOSTERS>,1.0,0.0,0.0,2021-05-17
Diamond International,11SB1X <CONVERTERS/BOOSTERS>,1.0,0.0,0.0,2021-05-17
Diamond International,22CD2X <CONVERTERS/BOOSTERS>,1.0,0.0,0.0,2021-05-17
Diamond International,11SB2X SB <CONVERTERS/BOOSTERS>,1.0,0.0,0.0,2021-05-17
Diamond International,LP14 <AGRICULTURE>,1.0,0.0,0.0,2021-05-17
Diamond International,LP18 <AGRICULTURE>,1.0,0.0,0.0,2021-05-17
Diamond International,20PC2X <CHASSIS>,1.0,0.0,0.0,2021-05-17
Diamond International,40CC3X <CHASSIS>,1.0,0.0,0.0,2021-05-17
Diamond International,40CC3X53EXT <CHASSIS>,1.0,0.0,0.0,2021-05-17
Diamond International,30CC2X <CHASSIS>,1.0,0.0,0.0,2021-05-17
Diamond International,12CC2X <CHASSIS>,1.0,0.0,0.0,2021-05-17
Diamond International,22CC2X <CHASSIS>,1.0,0.0,0.0,2021-05-17
Diamond International,42CC3X <CHASSIS>,1.0,0.0,0.0,2021-05-17
Diamond International,20CC2X <CHASSIS>,1.0,0.0,0.0,2021-05-17
Diamond International,20CC3X <CHASSIS>,1.0,0.0,0.0,2021-05-17
Diamond International,Pony 3X17 <CHASSIS>,1.0,0.0,0.0,2021-05-17
Diamond International,44CC3X <CHASSIS>,1.0,0.0,0.0,2021-05-17
Diamond International,27BC2X <CHASSIS>,1.0,0.0,0.0,2021-05-17
Diamond International,45BC3X <CHASSIS>,1.0,0.0,0.0,2021-05-17
Diamond International,30PC3X <CHASSIS>,1.0,0.0,0.0,2021-05-17
Diamond International,PY-FR454-WR3X <STARGATE>,1.0,0.0,0.0,2021-05-17
Diamond International,48LB4X A <STARGATE>,1.0,0.0,0.0,2021-05-17
Diamond International,TB48 <STARGATE>,1.0,0.0,0.0,2021-05-17
Diamond International,Dump SF3X <STARGATE>,1.0,0.0,0.0,2021-05-17
Diamond International,30SB <STARGATE>,1.0,0.0,0.0,2021-05-17
Diamond International,B-Train Pull Dump_temp1 <STARGATE>,1.0,0.0,0.0,2021-05-17
Diamond International,CD2X <STARGATE>,1.0,0.0,0.0,2021-05-17
Diamond International,24SB <STARGATE>,1.0,0.0,0.0,2021-05-17
Diamond International,UBF2X <STARGATE>,1.0,0.0,0.0,2021-05-17
Diamond International,38LB3X A <STARGATE>,1.0,0.0,0.0,2021-05-17
Diamond International,28LB2X A <STARGATE>,1.0,0.0,0.0,2021-05-17
Diamond International,CD1X <STARGATE>,1.0,0.0,0.0,2021-05-17
Diamond International,Dump SF2X <STARGATE>,1.0,0.0,0.0,2021-05-17
Diamond International,Steel End Dump 2X <STARGATE>,1.0,0.0,0.0,2021-05-17
Diamond International,17PDB <STARGATE>,1.0,0.0,0.0,2021-05-17
Diamond International,Dump SF4X <STARGATE>,1.0,0.0,0.0,2021-05-17
Diamond International,Dump 36SF3X <STARGATE>,1.0,0.0,0.0,2021-05-17
Diamond International,Pony Dump 3X17 <STARGATE>,1.0,0.0,0.0,2021-05-17
Diamond International,19SB <STARGATE>,1.0,0.0,0.0,2021-05-17
Diamond International,End Dump - temp1 <STARGATE>,1.0,0.0,0.0,2021-05-17
Diamond International,B-Train Dump_temp1 <STARGATE>,1.0,0.0,0.0,2021-05-17
Diamond International,Pony Chassis <STARGATE>,1.0,0.0,0.0,2021-05-17
Diamond International,End Dump 4X <END DUMPS>,1.0,0.0,0.0,2021-05-17
Diamond International,Frameless Alum. U Body 2X <END DUMPS>,1.0,0.0,0.0,2021-05-17
Diamond International,Frameless Alum. U Body 3X <END DUMPS>,1.0,0.0,0.0,2021-05-17
Fort Garry Industries (FGI),46LF3X4T NS <LOG EASTERN>,1.0,0.0,0.0,2021-05-17
Fort Garry Industries (FGI),46LF3X4T NL <LOG EASTERN>,1.0,0.0,0.0,2021-05-17
Fort Garry Industries (FGI),46LD4X4T NS <LOG EASTERN>,1.0,0.0,0.0,2021-05-17
Fort Garry Industries (FGI),39LBT3X NS <LOG EASTERN>,1.0,0.0,0.0,2021-05-17
Fort Garry Industries (FGI),28LBT2X NS <LOG EASTERN>,1.0,0.0,0.0,2021-05-17
Fort Garry Industries (FGI),42LD3X NL <LOG EASTERN>,1.0,0.0,0.0,2021-05-17
Fort Garry Industries (FGI),27LBT2X NL <LOG EASTERN>,1.0,0.0,0.0,2021-05-17
Fort Garry Industries (FGI),37LBT3X NL <LOG EASTERN>,1.0,0.0,0.0,2021-05-17
Fort Garry Industries (FGI),46LD3X4TLW NS <LOG EASTERN>,1.0,0.0,0.0,2021-05-17
Fort Garry Industries (FGI),18LPT3X <LOG EASTERN>,1.0,0.0,0.0,2021-05-17
Fort Garry Industries (FGI),48LF4X NL <LOG EASTERN>,1.0,0.0,0.0,2021-05-17
Fort Garry Industries (FGI),51LD5X5T ON <LOG EASTERN>,1.0,0.0,0.0,2021-05-17
Fort Garry Industries (FGI),25LPT3X JDI <LOG EASTERN>,1.0,0.0,0.0,2021-05-17
Fort Garry Industries (FGI),53LD3X5T JDIHD <LOG EASTERN>,1.0,0.0,0.0,2021-05-17
Fort Garry Industries (FGI),48LD4X4T V2018 <LOG EASTERN>,1.0,0.0,0.0,2021-05-17
Fort Garry Industries (FGI),46LF3X4T NS V2017 <LOG EASTERN>,1.0,0.0,0.0,2021-05-17
Fort Garry Industries (FGI),48LF3X5T NB V2016 <LOG EASTERN>,1.0,0.0,0.0,2021-05-17
Fort Garry Industries (FGI),51LF3X5T NB V2016 <LOG EASTERN>,1.0,0.0,0.0,2021-05-17
Fort Garry Industries (FGI),48LF3X NL <LOG EASTERN>,1.0,0.0,0.0,2021-05-17
Fort Garry Industries (FGI),39LBT3X ON <LOG EASTERN>,1.0,0.0,0.0,2021-05-17
Fort Garry Industries (FGI),51LF4X5T NB TRI V2016 <LOG EASTERN>,1.0,0.0,0.0,2021-05-17
Fort Garry Industries (FGI),51LF4X5T V2018 <LOG EASTERN>,1.0,0.0,0.0,2021-05-17
Fort Garry Industries (FGI),48LF4X5T V2018 <LOG EASTERN>,1.0,0.0,0.0,2021-05-17
Fort Garry Industries (FGI),48LF3X5T V2018 <LOG EASTERN>,1.0,0.0,0.0,2021-05-17
Fort Garry Industries (FGI),48LD3X5T V2018 <LOG EASTERN>,1.0,0.0,0.0,2021-05-17
Fort Garry Industries (FGI),46LF4X NL <LOG EASTERN>,1.0,0.0,0.0,2021-05-17
Fort Garry Industries (FGI),52LD4X5T <LOG EASTERN>,1.0,0.0,0.0,2021-05-17
Fort Garry Industries (FGI),48LF3X5T NB V2018 <LOG EASTERN>,1.0,0.0,0.0,2021-05-17
Fort Garry Industries (FGI),51LD4X5T V2018 <LOG EASTERN>,1.0,0.0,0.0,2021-05-17
Fort Garry Industries (FGI),51LD4X5T ON <LOG EASTERN>,1.0,0.0,0.0,2021-05-17
Fort Garry Industries (FGI),25LPT2X <LOG EASTERN>,1.0,0.0,0.0,2021-05-17
Fort Garry Industries (FGI),46LF3X4T V2018 <LOG EASTERN>,1.0,0.0,0.0,2021-05-17
Fort Garry Industries (FGI),25LPT3X <LOG EASTERN>,1.0,0.0,0.0,2021-05-17
Fort Garry Industries (FGI),46LD3X4T V2018 <LOG EASTERN>,1.0,0.0,0.0,2021-05-17
Fort Garry Industries (FGI),46LD4X NL <LOG EASTERN>,1.0,0.0,0.0,2021-05-17
Fort Garry Industries (FGI),52LF4X5T <LOG EASTERN>,1.0,0.0,0.0,2021-05-17
Fort Garry Industries (FGI),48LD4X4T NB V2017 <LOG EASTERN>,1.0,0.0,0.0,2021-05-17
Fort Garry Industries (FGI),48LD4X5T ON <LOG EASTERN>,1.0,0.0,0.0,2021-05-17
Fort Garry Industries (FGI),48LD4X5T V2018 <LOG EASTERN>,1.0,0.0,0.0,2021-05-17
Fort Garry Industries (FGI),30LBT2X ON <LOG EASTERN>,1.0,0.0,0.0,2021-05-17
Fort Garry Industries (FGI),51LD5X5T ON V2017 <LOG EASTERN>,1.0,0.0,0.0,2021-05-17
Fort Garry Industries (FGI),46LD3X4T US <LOG US>,1.0,0.0,0.0,2021-05-17
Fort Garry Industries (FGI),48LD3X5T US <LOG US>,1.0,0.0,0.0,2021-05-17
Fort Garry Industries (FGI),46LD2X4T US <LOG US>,1.0,0.0,0.0,2021-05-17
Fort Garry Industries (FGI),46LD3X4T USAE <LOG US>,1.0,0.0,0.0,2021-05-17
Fort Garry Industries (FGI),46LD3X2T US <LOG US>,1.0,0.0,0.0,2021-05-17
Fort Garry Industries (FGI),46LF3X MN <LOG US>,1.0,0.0,0.0,2021-05-17
Fort Garry Industries (FGI),48LD3X5T USAE <LOG US>,1.0,0.0,0.0,2021-05-17
Fort Garry Industries (FGI),51LF4X3T US <LOG US>,1.0,0.0,0.0,2021-05-17
Fort Garry Industries (FGI),46LF3X4T USAE <LOG US>,1.0,0.0,0.0,2021-05-17
Fort Garry Industries (FGI),48LF3X5T USAE <LOG US>,1.0,0.0,0.0,2021-05-17
Fort Garry Industries (FGI),42LD3X4T USAE <LOG US>,1.0,0.0,0.0,2021-05-17
Fort Garry Industries (FGI),46LD3X5T HALE <LOG US>,1.0,0.0,0.0,2021-05-17
Fort Garry Industries (FGI),35ADG2X AGNR <MACHINERY>,1.0,0.0,0.0,2021-05-17
Fort Garry Industries (FGI),35ADG2X AGR <MACHINERY>,1.0,0.0,0.0,2021-05-17
Fort Garry Industries (FGI),35ADG2X NR <MACHINERY>,1.0,0.0,0.0,2021-05-17
Fort Garry Industries (FGI),35ADG2X R <MACHINERY>,1.0,0.0,0.0,2021-05-17
Fort Garry Industries (FGI),35FA <MACHINERY>,1.0,0.0,0.0,2021-05-17
Fort Garry Industries (FGI),40ADG2X NR <MACHINERY>,1.0,0.0,0.0,2021-05-17
Fort Garry Industries (FGI),40ADG3X AGR <MACHINERY>,1.0,0.0,0.0,2021-05-17
Fort Garry Industries (FGI),40ADG3X R <MACHINERY>,1.0,0.0,0.0,2021-05-17
Fort Garry Industries (FGI),35MD2X53 EXT <MACHINERY>,1.0,0.0,0.0,2021-05-17
Fort Garry Industries (FGI),35ADG2X53 AGNR <MACHINERY>,1.0,0.0,0.0,2021-05-17
Fort Garry Industries (FGI),50ADG3X53 NR <MACHINERY>,1.0,0.0,0.0,2021-05-17
Fort Garry Industries (FGI),30ADG2X51 AGLP <MACHINERY>,1.0,0.0,0.0,2021-05-17
Fort Garry Industries (FGI),40ADG3X53 NR <MACHINERY>,1.0,0.0,0.0,2021-05-17
Fort Garry Industries (FGI),40ADG3X53 AGNR <MACHINERY>,1.0,0.0,0.0,2021-05-17
Fort Garry Industries (FGI),35ADG3X53 AGNR <MACHINERY>,1.0,0.0,0.0,2021-05-17
Fort Garry Industries (FGI),35ADG2X37 AGNR <MACHINERY>,1.0,0.0,0.0,2021-05-17
Fort Garry Industries (FGI),35MD2X EXT <MACHINERY>,1.0,0.0,0.0,2021-05-17
Fort Garry Industries (FGI),30ADG2X51 LP <MACHINERY>,1.0,0.0,0.0,2021-05-17
Fort Garry Industries (FGI),35ADG2X53 AGC <MACHINERY>,1.0,0.0,0.0,2021-05-17
Fort Garry Industries (FGI),20PAG2X <MACHINERY>,1.0,0.0,0.0,2021-05-17
Fort Garry Industries (FGI),35ADG2X51 AGC <MACHINERY>,1.0,0.0,0.0,2021-05-17
Fort Garry Industries (FGI),35ADG2X53 AGCO <MACHINERY>,1.0,0.0,0.0,2021-05-17
Fort Garry Industries (FGI),35ADG2X48 AGULP <MACHINERY>,1.0,0.0,0.0,2021-05-17
Fort Garry Industries (FGI),35MD2X48 <MACHINERY>,1.0,0.0,0.0,2021-05-17
Fort Garry Industries (FGI),35MD2X53 <MACHINERY>,1.0,0.0,0.0,2021-05-17
Fort Garry Industries (FGI),35MD2X BT <MACHINERY>,1.0,0.0,0.0,2021-05-17
Fort Garry Industries (FGI),35DD2X BT <MACHINERY>,1.0,0.0,0.0,2021-05-17
Fort Garry Industries (FGI),35MD2X48 P <MACHINERY>,1.0,0.0,0.0,2021-05-17
Fort Garry Industries (FGI),45MD3X EXT <MACHINERY>,1.0,0.0,0.0,2021-05-17
Fort Garry Industries (FGI),35HDG2X53 <MACHINERY>,1.0,0.0,0.0,2021-05-17
Fort Garry Industries (FGI),35ADG2X51 AGLP <MACHINERY>,1.0,0.0,0.0,2021-05-17
Fort Garry Industries (FGI),35ADG2X51 AGNR <MACHINERY>,1.0,0.0,0.0,2021-05-17
Fort Garry Industries (FGI),35ADG2X53 AGS <MACHINERY>,1.0,0.0,0.0,2021-05-17
Fort Garry Industries (FGI),30ADG2X53 AGLP <MACHINERY>,1.0,0.0,0.0,2021-05-17
Fort Garry Industries (FGI),40ADG3X53 AGLP <MACHINERY>,1.0,0.0,0.0,2021-05-17
Fort Garry Industries (FGI),35ADG2X51 LP <MACHINERY>,1.0,0.0,0.0,2021-05-17
Fort Garry Industries (FGI),35MD2X48 AGULP <MACHINERY>,1.0,0.0,0.0,2021-05-17
Fort Garry Industries (FGI),40SN3X <OILFIELD>,1.0,0.0,0.0,2021-05-17
Fort Garry Industries (FGI),40SN3X SB <OILFIELD>,1.0,0.0,0.0,2021-05-17
Fort Garry Industries (FGI),55LB3X LND <OILFIELD>,1.0,0.0,0.0,2021-05-17
Fort Garry Industries (FGI),40SN3X M <OILFIELD>,1.0,0.0,0.0,2021-05-17
Fort Garry Industries (FGI),60SN3X <OILFIELD>,1.0,0.0,0.0,2021-05-17
Fort Garry Industries (FGI),50SN3X 2018 <OILFIELD>,1.0,0.0,0.0,2021-05-17
Fort Garry Industries (FGI),50SN3X <OILFIELD>,1.0,0.0,0.0,2021-05-17
Fort Garry Industries (FGI),55LB3X SND <OILFIELD>,1.0,0.0,0.0,2021-05-17
Fort Garry Industries (FGI),55LB3X LNF <OILFIELD>,1.0,0.0,0.0,2021-05-17
Fort Garry Industries (FGI),51OF3X <OILFIELD>,1.0,0.0,0.0,2021-05-17
Fort Garry Industries (FGI),2510 <SNOW & ICE CONTROL>,1.0,0.0,0.0,2021-05-17
Fort Garry Industries (FGI),2513 <SNOW & ICE CONTROL>,1.0,0.0,0.0,2021-05-17
Fort Garry Industries (FGI),2514 <SNOW & ICE CONTROL>,1.0,0.0,0.0,2021-05-17
Fort Garry Industries (FGI),2311NB <SNOW & ICE CONTROL>,1.0,0.0,0.0,2021-05-17
Fort Garry Industries (FGI),1155 <SNOW & ICE CONTROL>,1.0,0.0,0.0,2021-05-17
Fort Garry Industries (FGI),2514 DC <SNOW & ICE CONTROL>,1.0,0.0,0.0,2021-05-17
Fort Garry Industries (FGI),TC1X <SNOW & ICE CONTROL>,1.0,0.0,0.0,2021-05-17
Fort Garry Industries (FGI),1040G <SNOW & ICE CONTROL>,1.0,0.0,0.0,2021-05-17
Fort Garry Industries (FGI),3434 PMB <SNOW & ICE CONTROL>,1.0,0.0,0.0,2021-05-17
Fort Garry Industries (FGI),2311 <SNOW & ICE CONTROL>,1.0,0.0,0.0,2021-05-17
Fort Garry Industries (FGI),2313 <SNOW & ICE CONTROL>,1.0,0.0,0.0,2021-05-17
Fort Garry Industries (FGI),SICD2X NT <SNOW & ICE CONTROL>,1.0,0.0,0.0,2021-05-17
Fort Garry Industries (FGI),SICP1X NT <SNOW & ICE CONTROL>,1.0,0.0,0.0,2021-05-17
Fort Garry Industries (FGI),1030G <SNOW & ICE CONTROL>,1.0,0.0,0.0,2021-05-17
Fort Garry Industries (FGI),1050G <SNOW & ICE CONTROL>,1.0,0.0,0.0,2021-05-17
Fort Garry Industries (FGI),2049 <SNOW & ICE CONTROL>,1.0,0.0,0.0,2021-05-17
Fort Garry Industries (FGI),SICP2X NT <SNOW & ICE CONTROL>,1.0,0.0,0.0,2021-05-17
Fort Garry Industries (FGI),2514 SNC <SNOW & ICE CONTROL>,1.0,0.0,0.0,2021-05-17
Fort Garry Industries (FGI),2047 <SNOW & ICE CONTROL>,1.0,0.0,0.0,2021-05-17
Fort Garry Industries (FGI),SPUD KIT 4300 <SNOW & ICE CONTROL>,1.0,0.0,0.0,2021-05-17
Fort Garry Industries (FGI),2513 DC <SNOW & ICE CONTROL>,1.0,0.0,0.0,2021-05-17
Fort Garry Industries (FGI),2313NB <SNOW & ICE CONTROL>,1.0,0.0,0.0,2021-05-17
Fort Garry Industries (FGI),2314NB <SNOW & ICE CONTROL>,1.0,0.0,0.0,2021-05-17
Fort Garry Industries (FGI),TC2X <SNOW & ICE CONTROL>,1.0,0.0,0.0,2021-05-17
Fort Garry Industries (FGI),3920-94 PMP <SNOW & ICE CONTROL>,1.0,0.0,0.0,2021-05-17
Fort Garry Industries (FGI),Installation <SNOW & ICE CONTROL>,1.0,0.0,0.0,2021-05-17
Fort Garry Industries (FGI),2310NB <SNOW & ICE CONTROL>,1.0,0.0,0.0,2021-05-17
Fort Garry Industries (FGI),TEMP <SNOW & ICE CONTROL>,1.0,0.0,0.0,2021-05-17
Fort Garry Industries (FGI),2020 <SNOW & ICE CONTROL>,1.0,0.0,0.0,2021-05-17
Fort Garry Industries (FGI),20ANR <TAGS>,1.0,0.0,0.0,2021-05-17
Fort Garry Industries (FGI),15BWS2X <TAGS>,1.0,0.0,0.0,2021-05-17
Fort Garry Industries (FGI),20BWS3X <TAGS>,1.0,0.0,0.0,2021-05-17
Fort Garry Industries (FGI),20FDNT <TAGS>,1.0,0.0,0.0,2021-05-17
Fort Garry Industries (FGI),20PLS2X <TAGS>,1.0,0.0,0.0,2021-05-17
Fort Garry Industries (FGI),30NTT <TAGS>,1.0,0.0,0.0,2021-05-17
Fort Garry Industries (FGI),30FDNT <TAGS>,1.0,0.0,0.0,2021-05-17
Fort Garry Industries (FGI),15BWS2X G <TAGS>,1.0,0.0,0.0,2021-05-17
Fort Garry Industries (FGI),20NTTS <TAGS>,1.0,0.0,0.0,2021-05-17
Fort Garry Industries (FGI),40EPT1X <TAGS>,1.0,0.0,0.0,2021-05-17
Fort Garry Industries (FGI),30 ANR MINE <TAGS>,1.0,0.0,0.0,2021-05-17
Fort Garry Industries (FGI),20PT2X <TAGS>,1.0,0.0,0.0,2021-05-17
Fort Garry Industries (FGI),WTT2X <TAGS>,1.0,0.0,0.0,2021-05-17
Fort Garry Industries (FGI),25PT3X <TAGS>,1.0,0.0,0.0,2021-05-17
Fort Garry Industries (FGI),20ART <TAGS>,1.0,0.0,0.0,2021-05-17
Fort Garry Industries (FGI),20MTT <TAGS>,1.0,0.0,0.0,2021-05-17
Fort Garry Industries (FGI),20NTT <TAGS>,1.0,0.0,0.0,2021-05-17
Fort Garry Industries (FGI),25ANR <TAGS>,1.0,0.0,0.0,2021-05-17
Fort Garry Industries (FGI),25ART <TAGS>,1.0,0.0,0.0,2021-05-17
Fort Garry Industries (FGI),25NTT <TAGS>,1.0,0.0,0.0,2021-05-17
Fort Garry Industries (FGI),20FDNT ECO <TAGS>,1.0,0.0,0.0,2021-05-17
Fort Garry Industries (FGI),25FDNT <TAGS>,1.0,0.0,0.0,2021-05-17
Fort Garry Industries (FGI),25FDNT ECO <TAGS>,1.0,0.0,0.0,2021-05-17
Fort Garry Industries (FGI),20BWS2X <TAGS>,1.0,0.0,0.0,2021-05-17
Fort Garry Industries (FGI),25BWS3X <TAGS>,1.0,0.0,0.0,2021-05-17
Fort Garry Industries (FGI),30ANR <TAGS>,1.0,0.0,0.0,2021-05-17
Fort Garry Industries (FGI),30ART <TAGS>,1.0,0.0,0.0,2021-05-17
Fort Garry Industries (FGI),53ET2XP <PAVING & RECOVERY>,1.0,0.0,0.0,2021-05-17
Fort Garry Industries (FGI),53ET3XP <PAVING & RECOVERY>,1.0,0.0,0.0,2021-05-17
Fort Garry Industries (FGI),53ET4XP <PAVING & RECOVERY>,1.0,0.0,0.0,2021-05-17
Fort Garry Industries (FGI),48ET2XP <PAVING & RECOVERY>,1.0,0.0,0.0,2021-05-17
Fort Garry Industries (FGI),48ET3XP <PAVING & RECOVERY>,1.0,0.0,0.0,2021-05-17
Fort Garry Industries (FGI),60HDGSB <HYDRAULICS>,1.0,0.0,0.0,2021-05-17
Fort Garry Industries (FGI),55FA <HYDRAULICS>,1.0,0.0,0.0,2021-05-17
Fort Garry Industries (FGI),55HDG4X SB <HYDRAULICS>,1.0,0.0,0.0,2021-05-17
Fort Garry Industries (FGI),40HDG4X SB P <HYDRAULICS>,1.0,0.0,0.0,2021-05-17
Fort Garry Industries (FGI),55HDG3X BTHH <HYDRAULICS>,1.0,0.0,0.0,2021-05-17
Fort Garry Industries (FGI),55HDG3X SBHH <HYDRAULICS>,1.0,0.0,0.0,2021-05-17
Fort Garry Industries (FGI),60HDG4X SB <HYDRAULICS>,1.0,0.0,0.0,2021-05-17
Fort Garry Industries (FGI),35HDG2X Mini <HYDRAULICS>,1.0,0.0,0.0,2021-05-17
Fort Garry Industries (FGI),50HDG3X AG <HYDRAULICS>,1.0,0.0,0.0,2021-05-17
Fort Garry Industries (FGI),55HDG3X E <HYDRAULICS>,1.0,0.0,0.0,2021-05-17
Fort Garry Industries (FGI),50FA AGRI <HYDRAULICS>,1.0,0.0,0.0,2021-05-17
Fort Garry Industries (FGI),55FA LH <HYDRAULICS>,1.0,0.0,0.0,2021-05-17
Fort Garry Industries (FGI),51HDG3X SB <HYDRAULICS>,1.0,0.0,0.0,2021-05-17
Fort Garry Industries (FGI),55HDG3X SB <HYDRAULICS>,1.0,0.0,0.0,2021-05-17
Fort Garry Industries (FGI),35HDG2X53 AGC <HYDRAULICS>,1.0,0.0,0.0,2021-05-17
Fort Garry Industries (FGI),35HDG2X53 AGNR <HYDRAULICS>,1.0,0.0,0.0,2021-05-17
Fort Garry Industries (FGI),55HDG3X BTHH AG <HYDRAULICS>,1.0,0.0,0.0,2021-05-17
Fort Garry Industries (FGI),55HDG3X SBHH AG <HYDRAULICS>,1.0,0.0,0.0,2021-05-17
Fort Garry Industries (FGI),60HDG3X HB_temp1 <HYDRAULICS>,1.0,0.0,0.0,2021-05-17
Fort Garry Industries (FGI),55HDG3X <HYDRAULICS>,1.0,0.0,0.0,2021-05-17
Fort Garry Industries (FGI),55HDG3X H <HYDRAULICS>,1.0,0.0,0.0,2021-05-17
Fort Garry Industries (FGI),55FA  B <HYDRAULICS>,1.0,0.0,0.0,2021-05-17
Fort Garry Industries (FGI),55HDG3X Q1 <HYDRAULICS>,1.0,0.0,0.0,2021-05-17
Fort Garry Industries (FGI),55HDG3X US <HYDRAULICS>,1.0,0.0,0.0,2021-05-17
Fort Garry Industries (FGI),DECK - Bellemar <HYDRAULICS>,1.0,0.0,0.0,2021-05-17
Fort Garry Industries (FGI),35HDG2X NR <HYDRAULICS>,1.0,0.0,0.0,2021-05-17
Fort Garry Industries (FGI),40HDG3X AG <HYDRAULICS>,1.0,0.0,0.0,2021-05-17
Fort Garry Industries (FGI),25HDG2X Mini <HYDRAULICS>,1.0,0.0,0.0,2021-05-17
Fort Garry Industries (FGI),55HDG3X HS <HYDRAULICS>,1.0,0.0,0.0,2021-05-17
Fort Garry Industries (FGI),GNK - Bellemare <HYDRAULICS>,1.0,0.0,0.0,2021-05-17
Fort Garry Industries (FGI),40HDG3X53 AG <HYDRAULICS>,1.0,0.0,0.0,2021-05-17
Fort Garry Industries (FGI),35HDG2X48 AGULP <HYDRAULICS>,1.0,0.0,0.0,2021-05-17
Fort Garry Industries (FGI),70HDG4X SB <HYDRAULICS>,1.0,0.0,0.0,2021-05-17
Fort Garry Industries (FGI),51LF3X3T SK <LOG WESTERN>,1.0,0.0,0.0,2021-05-17
Fort Garry Industries (FGI),37LBT2X W <LOG WESTERN>,1.0,0.0,0.0,2021-05-17
Fort Garry Industries (FGI),53LD3X3T BC <LOG WESTERN>,1.0,0.0,0.0,2021-05-17
Fort Garry Industries (FGI),50LF4X3T HD <LOG WESTERN>,1.0,0.0,0.0,2021-05-17
Fort Garry Industries (FGI),39LBT2X W <LOG WESTERN>,1.0,0.0,0.0,2021-05-17
Fort Garry Industries (FGI),39LBT3X W <LOG WESTERN>,1.0,0.0,0.0,2021-05-17
Fort Garry Industries (FGI),51LF3X3T AB V2016 <LOG WESTERN>,1.0,0.0,0.0,2021-05-17
Fort Garry Industries (FGI),50LF3X3T HD <LOG WESTERN>,1.0,0.0,0.0,2021-05-17
Fort Garry Industries (FGI),51LF4X3T AB V2015 <LOG WESTERN>,1.0,0.0,0.0,2021-05-17
Fort Garry Industries (FGI),53LD3X3T BCHD <LOG WESTERN>,1.0,0.0,0.0,2021-05-17
Fort Garry Industries (FGI),30LBT2X W <LOG WESTERN>,1.0,0.0,0.0,2021-05-17
Fort Garry Industries (FGI),51LF3X3T PEAK <LOG WESTERN>,1.0,0.0,0.0,2021-05-17
Fort Garry Industries (FGI),37LBT3X PEAK <LOG WESTERN>,1.0,0.0,0.0,2021-05-17
Fort Garry Industries (FGI),37LBT3X W <LOG WESTERN>,1.0,0.0,0.0,2021-05-17
Fort Garry Industries (FGI),27LBT2X W <LOG WESTERN>,1.0,0.0,0.0,2021-05-17
Fort Garry Industries (FGI),51LF3X3T SK V2016 <LOG WESTERN>,1.0,0.0,0.0,2021-05-17
Fort Garry Industries (FGI),40LD3X <LOG WESTERN>,1.0,0.0,0.0,2021-05-17
Fort Garry Industries (FGI),27LD2X <LOG WESTERN>,1.0,0.0,0.0,2021-05-17
Fort Garry Industries (FGI),28LBT2X PEAK <LOG WESTERN>,1.0,0.0,0.0,2021-05-17
Fort Garry Industries (FGI),50LF3X3T AB <LOG WESTERN>,1.0,0.0,0.0,2021-05-17
Fort Garry Industries (FGI),50LF3X3T SK <LOG WESTERN>,1.0,0.0,0.0,2021-05-17
Fort Garry Industries (FGI),46LD3X2T BC <LOG WESTERN>,1.0,0.0,0.0,2021-05-17
Fort Garry Industries (FGI),51HD3X CON <HIGHWAY>,1.0,0.0,0.0,2021-05-17
Fort Garry Industries (FGI),32HBT3X <HIGHWAY>,1.0,0.0,0.0,2021-05-17
Fort Garry Industries (FGI),48HDD2X Custom V1 <HIGHWAY>,1.0,0.0,0.0,2021-05-17
Fort Garry Industries (FGI),28HBT2XHD <HIGHWAY>,1.0,0.0,0.0,2021-05-17
Fort Garry Industries (FGI),32HBT3XHD <HIGHWAY>,1.0,0.0,0.0,2021-05-17
Fort Garry Industries (FGI),53HD3X <HIGHWAY>,1.0,0.0,0.0,2021-05-17
Fort Garry Industries (FGI),53HF3X <HIGHWAY>,1.0,0.0,0.0,2021-05-17
Fort Garry Industries (FGI),48HD3X <HIGHWAY>,1.0,0.0,0.0,2021-05-17
Fort Garry Industries (FGI),53HDD2X <HIGHWAY>,1.0,0.0,0.0,2021-05-17
Fort Garry Industries (FGI),53OHD3X <HIGHWAY>,1.0,0.0,0.0,2021-05-17
Fort Garry Industries (FGI),53HF4X <HIGHWAY>,1.0,0.0,0.0,2021-05-17
Fort Garry Industries (FGI),53HF4X - Super Single <HIGHWAY>,1.0,0.0,0.0,2021-05-17
Fort Garry Industries (FGI),48HD2X <HIGHWAY>,1.0,0.0,0.0,2021-05-17
Fort Garry Industries (FGI),53HF3XEXT <HIGHWAY>,1.0,0.0,0.0,2021-05-17
Fort Garry Industries (FGI),29HD3X Rail <HIGHWAY>,1.0,0.0,0.0,2021-05-17
Fort Garry Industries (FGI),42HD2X HD <HIGHWAY>,1.0,0.0,0.0,2021-05-17
Fort Garry Industries (FGI),48HD2X PEAT <HIGHWAY>,1.0,0.0,0.0,2021-05-17
Fort Garry Industries (FGI),39BT2X SCRAP <HIGHWAY>,1.0,0.0,0.0,2021-05-17
Fort Garry Industries (FGI),20BT3X SCRAP <HIGHWAY>,1.0,0.0,0.0,2021-05-17
Fort Garry Industries (FGI),53HD4X <HIGHWAY>,1.0,0.0,0.0,2021-05-17
Fort Garry Industries (FGI),32HBT3X 2018 <HIGHWAY>,1.0,0.0,0.0,2021-05-17
Fort Garry Industries (FGI),53HD3X 2018 <HIGHWAY>,1.0,0.0,0.0,2021-05-17
Fort Garry Industries (FGI),48HF4X <HIGHWAY>,1.0,0.0,0.0,2021-05-17
Fort Garry Industries (FGI),50HF5X <HIGHWAY>,1.0,0.0,0.0,2021-05-17
Fort Garry Industries (FGI),53HD2X EXT_temp1 <HIGHWAY>,1.0,0.0,0.0,2021-05-17
Fort Garry Industries (FGI),40HD3XB <HIGHWAY>,1.0,0.0,0.0,2021-05-17
Fort Garry Industries (FGI),45HD2X <HIGHWAY>,1.0,0.0,0.0,2021-05-17
Fort Garry Industries (FGI),48HDD2X EXT <HIGHWAY>,1.0,0.0,0.0,2021-05-17
Fort Garry Industries (FGI),FA <HIGHWAY>,1.0,0.0,0.0,2021-05-17
Fort Garry Industries (FGI),48HDD2X <HIGHWAY>,1.0,0.0,0.0,2021-05-17
Fort Garry Industries (FGI),53HD2X Crane <HIGHWAY>,1.0,0.0,0.0,2021-05-17
Fort Garry Industries (FGI),48HDD2X Custom <HIGHWAY>,1.0,0.0,0.0,2021-05-17
Fort Garry Industries (FGI),48HF2X <HIGHWAY>,1.0,0.0,0.0,2021-05-17
Fort Garry Industries (FGI),48HF3X <HIGHWAY>,1.0,0.0,0.0,2021-05-17
Fort Garry Industries (FGI),48HD2X SPECIAL <HIGHWAY>,1.0,0.0,0.0,2021-05-17
Fort Garry Industries (FGI),42HF2X <HIGHWAY>,1.0,0.0,0.0,2021-05-17
Fort Garry Industries (FGI),53HDD3X <HIGHWAY>,1.0,0.0,0.0,2021-05-17
Fort Garry Industries (FGI),28HBT2X 2018 <HIGHWAY>,1.0,0.0,0.0,2021-05-17
Fort Garry Industries (FGI),46HDD2X Custom <HIGHWAY>,1.0,0.0,0.0,2021-05-17
Fort Garry Industries (FGI),42HF3X HD <HIGHWAY>,1.0,0.0,0.0,2021-05-17
Fort Garry Industries (FGI),35HD2X <HIGHWAY>,1.0,0.0,0.0,2021-05-17
Fort Garry Industries (FGI),42HD3X 2018 <HIGHWAY>,1.0,0.0,0.0,2021-05-17
Fort Garry Industries (FGI),53HD2X <HIGHWAY>,1.0,0.0,0.0,2021-05-17
Fort Garry Industries (FGI),48HD5X <HIGHWAY>,1.0,0.0,0.0,2021-05-17
Fort Garry Industries (FGI),53HD3X 2018 LDECK <HIGHWAY>,1.0,0.0,0.0,2021-05-17
Fort Garry Industries (FGI),53HF3X 2018 <HIGHWAY>,1.0,0.0,0.0,2021-05-17
Fort Garry Industries (FGI),53HD2X EXT <HIGHWAY>,1.0,0.0,0.0,2021-05-17
Fort Garry Industries (FGI),48HDD3X <HIGHWAY>,1.0,0.0,0.0,2021-05-17
Fort Garry Industries (FGI),53HD2X EXT H <HIGHWAY>,1.0,0.0,0.0,2021-05-17
Fort Garry Industries (FGI),40HD2X Penske CUSTOM <HIGHWAY>,1.0,0.0,0.0,2021-05-17
Fort Garry Industries (FGI),53HD3X EXT <HIGHWAY>,1.0,0.0,0.0,2021-05-17
Fort Garry Industries (FGI),42HD3X HD <HIGHWAY>,1.0,0.0,0.0,2021-05-17
Fort Garry Industries (FGI),28HBT2X <HIGHWAY>,1.0,0.0,0.0,2021-05-17
Fort Garry Industries (FGI),37DT3X <DUMP>,1.0,0.0,0.0,2021-05-17
Fort Garry Industries (FGI),27DT2X <DUMP>,1.0,0.0,0.0,2021-05-17
Fort Garry Industries (FGI),27PD2X <DUMP>,1.0,0.0,0.0,2021-05-17
Fort Garry Industries (FGI),28DPT3X <DUMP>,1.0,0.0,0.0,2021-05-17
Fort Garry Industries (FGI),SPECIAL <DUMP>,1.0,0.0,0.0,2021-05-17
Fort Garry Industries (FGI),26DT2X <DUMP>,1.0,0.0,0.0,2021-05-17
Fort Garry Industries (FGI),32DT3X <DUMP>,1.0,0.0,0.0,2021-05-17
Fort Garry Industries (FGI),28DPT2X <DUMP>,1.0,0.0,0.0,2021-05-17
Fort Garry Industries (FGI),38ALB3XS <DUMP>,1.0,0.0,0.0,2021-05-17
Fort Garry Industries (FGI),36ALB2X <DUMP>,1.0,0.0,0.0,2021-05-17
Fort Garry Industries (FGI),32DT3X V2018 <DUMP>,1.0,0.0,0.0,2021-05-17
Fort Garry Industries (FGI),41ALB3X <DUMP>,1.0,0.0,0.0,2021-05-17
Fort Garry Industries (FGI),27DT2X V2018 <DUMP>,1.0,0.0,0.0,2021-05-17
Fort Garry Industries (FGI),53EWF4X <DUMP>,1.0,0.0,0.0,2021-05-17
Fort Garry Industries (FGI),SFUB2X <DUMP>,1.0,0.0,0.0,2021-05-17
Fort Garry Industries (FGI),37DT2X <DUMP>,1.0,0.0,0.0,2021-05-17
Fort Garry Industries (FGI),27DT2XU <DUMP>,1.0,0.0,0.0,2021-05-17
Fort Garry Industries (FGI),37DT4X FF <DUMP>,1.0,0.0,0.0,2021-05-17
Fort Garry Industries (FGI),48ALB4X <DUMP>,1.0,0.0,0.0,2021-05-17
Fort Garry Industries (FGI),39ALB3X <DUMP>,1.0,0.0,0.0,2021-05-17
Fort Garry Industries (FGI),37DT2X HV <DUMP>,1.0,0.0,0.0,2021-05-17
Fort Garry Industries (FGI),27DT2X HV <DUMP>,1.0,0.0,0.0,2021-05-17
Fort Garry Industries (FGI),40JD2X WL <JEEP DOLLY>,1.0,0.0,0.0,2021-05-17
Fort Garry Industries (FGI),40JD2X OF <JEEP DOLLY>,1.0,0.0,0.0,2021-05-17
Fort Garry Industries (FGI),20JD1X HP <JEEP DOLLY>,1.0,0.0,0.0,2021-05-17
Fort Garry Industries (FGI),20JD1X LP <JEEP DOLLY>,1.0,0.0,0.0,2021-05-17
Fort Garry Industries (FGI),40JD2X HG <JEEP DOLLY>,1.0,0.0,0.0,2021-05-17
Fort Garry Industries (FGI),60JD3X HG <JEEP DOLLY>,1.0,0.0,0.0,2021-05-17
Fort Garry Industries (FGI),JD2+1X <JEEP DOLLY>,1.0,0.0,0.0,2021-05-17
Fort Garry Industries (FGI),JD2X <JEEP DOLLY>,1.0,0.0,0.0,2021-05-17
Fort Garry Industries (FGI),25VT2V DCI <CONTAINER CHASSIS>,1.0,0.0,0.0,2021-05-17
Fort Garry Industries (FGI),40VT2V Mexico <CONTAINER CHASSIS>,1.0,0.0,0.0,2021-05-17
Fort Garry Industries (FGI),51VT4V DCI <CONTAINER CHASSIS>,1.0,0.0,0.0,2021-05-17
Fort Garry Industries (FGI),53VT2V DCI <CONTAINER CHASSIS>,1.0,0.0,0.0,2021-05-17
Fort Garry Industries (FGI),53VT2V Penske <CONTAINER CHASSIS>,1.0,0.0,0.0,2021-05-17
Fort Garry Industries (FGI),53VT3V DCI <CONTAINER CHASSIS>,1.0,0.0,0.0,2021-05-17
Fort Garry Industries (FGI),38GT1X <CONTAINER CHASSIS>,1.0,0.0,0.0,2021-05-17
Fort Garry Industries (FGI),48GT2X <CONTAINER CHASSIS>,1.0,0.0,0.0,2021-05-17
Fort Garry Industries (FGI),51VT2V DCI <CONTAINER CHASSIS>,1.0,0.0,0.0,2021-05-17
Fort Garry Industries (FGI),12GT1X <CONTAINER CHASSIS>,1.0,0.0,0.0,2021-05-17
Fort Garry Industries (FGI),26VT1V Mexico <CONTAINER CHASSIS>,1.0,0.0,0.0,2021-05-17
Fort Garry Industries (FGI),42VT2V Mexico <CONTAINER CHASSIS>,1.0,0.0,0.0,2021-05-17
Fort Garry Industries (FGI),30DT3X-CHASSIS <CONTAINER CHASSIS>,1.0,0.0,0.0,2021-05-17
Fort Garry Industries (FGI),53VT2V FL CA <CONTAINER CHASSIS>,1.0,0.0,0.0,2021-05-17
Fort Garry Industries (FGI),53VT2V FL CA-97 <CONTAINER CHASSIS>,1.0,0.0,0.0,2021-05-17
Fort Garry Industries (FGI),53VT2V FL US-97 <CONTAINER CHASSIS>,1.0,0.0,0.0,2021-05-17
Fort Garry Industries (FGI),53VT2V JB HUNT <CONTAINER CHASSIS>,1.0,0.0,0.0,2021-05-17
Fort Garry Industries (FGI),33VT2V DCI Tag <CONTAINER CHASSIS>,1.0,0.0,0.0,2021-05-17
Fort Garry Industries (FGI),40CC2X <CONTAINER CHASSIS>,1.0,0.0,0.0,2021-05-17
Fort Garry Industries (FGI),53VT3X DCI V2021 <CONTAINER CHASSIS>,1.0,0.0,0.0,2021-05-17
Fort Garry Industries (FGI),53VT3V PENSKE <CONTAINER CHASSIS>,1.0,0.0,0.0,2021-05-17
Fort Garry Industries (FGI),53VT2V Frito Lay <CONTAINER CHASSIS>,1.0,0.0,0.0,2021-05-17
Fort Garry Industries (FGI),53VT2V FL US <CONTAINER CHASSIS>,1.0,0.0,0.0,2021-05-17
Fort Garry Industries (FGI),40GT1X <CONTAINER CHASSIS>,1.0,0.0,0.0,2021-05-17
Fort Garry Industries (FGI),20VT1V Mexico <CONTAINER CHASSIS>,1.0,0.0,0.0,2021-05-17
Fort Garry Industries (FGI),53VT2V CAL <CONTAINER CHASSIS>,1.0,0.0,0.0,2021-05-17
Fort Garry Industries (FGI),38GT2X <CONTAINER CHASSIS>,1.0,0.0,0.0,2021-05-17
Fort Garry Industries (FGI),51GT2X <CONTAINER CHASSIS>,1.0,0.0,0.0,2021-05-17
Fort Garry Industries (FGI),47GT2X <CONTAINER CHASSIS>,1.0,0.0,0.0,2021-05-17
Fort Garry Industries (FGI),10GT1X <CONTAINER CHASSIS>,1.0,0.0,0.0,2021-05-17
Fort Garry Industries (FGI),34VT1V Hostler <CONTAINER CHASSIS>,1.0,0.0,0.0,2021-05-17
Fort Garry Industries (FGI),53VT2V DCI LD <CONTAINER CHASSIS>,1.0,0.0,0.0,2021-05-17
Fort Garry Industries (FGI),53VT2V FL CA-53 <CONTAINER CHASSIS>,1.0,0.0,0.0,2021-05-17
Fort Garry Industries (FGI),10GT2X <CONTAINER CHASSIS>,1.0,0.0,0.0,2021-05-17
Fort Garry Industries (FGI),12GT2X <CONTAINER CHASSIS>,1.0,0.0,0.0,2021-05-17
Fort Garry Industries (FGI),42DD3X <NUCLEAR>,1.0,0.0,0.0,2021-05-17
Fort Garry Industries (FGI),42DD3X WCS <NUCLEAR>,1.0,0.0,0.0,2021-05-17
Fort Garry Industries (FGI),42DD2X <NUCLEAR>,1.0,0.0,0.0,2021-05-17
Fort Garry Industries (FGI),46DD4X WCS <NUCLEAR>,1.0,0.0,0.0,2021-05-17
Fort Garry Industries (FGI),40NS2 US <NUCLEAR>,1.0,0.0,0.0,2021-05-17
Fort Garry Industries (FGI),44DD2X <NUCLEAR>,1.0,0.0,0.0,2021-05-17
Fort Garry Industries (FGI),49DD3X HD <NUCLEAR>,1.0,0.0,0.0,2021-05-17
Fort Garry Industries (FGI),50DD4X <NUCLEAR>,1.0,0.0,0.0,2021-05-17
Fort Garry Industries (FGI),51DD3X HD <NUCLEAR>,1.0,0.0,0.0,2021-05-17
Fort Garry Industries (FGI),50DD3X <NUCLEAR>,1.0,0.0,0.0,2021-05-17
Fort Garry Industries (FGI),53DD4X <NUCLEAR>,1.0,0.0,0.0,2021-05-17
Fort Garry Industries (FGI),47DD3X <NUCLEAR>,1.0,0.0,0.0,2021-05-17
Fort Garry Industries (FGI),45DD3X <NUCLEAR>,1.0,0.0,0.0,2021-05-17
Fort Garry Industries (FGI),53ET3X MR WEST <EQUIPMENT>,1.0,0.0,0.0,2021-05-17
Fort Garry Industries (FGI),48ET3X MR <EQUIPMENT>,1.0,0.0,0.0,2021-05-17
Fort Garry Industries (FGI),42ET2X <EQUIPMENT>,1.0,0.0,0.0,2021-05-17
Fort Garry Industries (FGI),48ET2X <EQUIPMENT>,1.0,0.0,0.0,2021-05-17
Fort Garry Industries (FGI),53ET2X <EQUIPMENT>,1.0,0.0,0.0,2021-05-17
Fort Garry Industries (FGI),53ET4X MR <EQUIPMENT>,1.0,0.0,0.0,2021-05-17
Fort Garry Industries (FGI),53ET3X MR EAST <EQUIPMENT>,1.0,0.0,0.0,2021-05-17
Fort Garry Industries (FGI),53ET4X <EQUIPMENT>,1.0,0.0,0.0,2021-05-17
Fort Garry Industries (FGI),42ET3X <EQUIPMENT>,1.0,0.0,0.0,2021-05-17
Fort Garry Industries (FGI),48ET3X <EQUIPMENT>,1.0,0.0,0.0,2021-05-17
Fort Garry Industries (FGI),53ET3X <EQUIPMENT>,1.0,0.0,0.0,2021-05-17
Fort Garry Industries (FGI),360 <SCREENER>,1.0,0.0,0.0,2021-05-17
Fort Garry Industries (FGI),14CR1X <CABLE REEL>,1.0,0.0,0.0,2021-05-17
Fort Garry Industries (FGI),11CD1X <CONVERTERS/BOOSTERS>,1.0,0.0,0.0,2021-05-17
Fort Garry Industries (FGI),11SB1X SB <CONVERTERS/BOOSTERS>,1.0,0.0,0.0,2021-05-17
Fort Garry Industries (FGI),11SB1X <CONVERTERS/BOOSTERS>,1.0,0.0,0.0,2021-05-17
Fort Garry Industries (FGI),22CD2X <CONVERTERS/BOOSTERS>,1.0,0.0,0.0,2021-05-17
Fort Garry Industries (FGI),11SB2X SB <CONVERTERS/BOOSTERS>,1.0,0.0,0.0,2021-05-17
Fort Garry Industries (FGI),LP14 <AGRICULTURE>,1.0,0.0,0.0,2021-05-17
Fort Garry Industries (FGI),LP18 <AGRICULTURE>,1.0,0.0,0.0,2021-05-17
Fort Garry Industries (FGI),20PC2X <CHASSIS>,1.0,0.0,0.0,2021-05-17
Fort Garry Industries (FGI),40CC3X <CHASSIS>,1.0,0.0,0.0,2021-05-17
Fort Garry Industries (FGI),40CC3X53EXT <CHASSIS>,1.0,0.0,0.0,2021-05-17
Fort Garry Industries (FGI),30CC2X <CHASSIS>,1.0,0.0,0.0,2021-05-17
Fort Garry Industries (FGI),12CC2X <CHASSIS>,1.0,0.0,0.0,2021-05-17
Fort Garry Industries (FGI),22CC2X <CHASSIS>,1.0,0.0,0.0,2021-05-17
Fort Garry Industries (FGI),42CC3X <CHASSIS>,1.0,0.0,0.0,2021-05-17
Fort Garry Industries (FGI),20CC2X <CHASSIS>,1.0,0.0,0.0,2021-05-17
Fort Garry Industries (FGI),20CC3X <CHASSIS>,1.0,0.0,0.0,2021-05-17
Fort Garry Industries (FGI),Pony 3X17 <CHASSIS>,1.0,0.0,0.0,2021-05-17
Fort Garry Industries (FGI),44CC3X <CHASSIS>,1.0,0.0,0.0,2021-05-17
Fort Garry Industries (FGI),27BC2X <CHASSIS>,1.0,0.0,0.0,2021-05-17
Fort Garry Industries (FGI),45BC3X <CHASSIS>,1.0,0.0,0.0,2021-05-17
Fort Garry Industries (FGI),30PC3X <CHASSIS>,1.0,0.0,0.0,2021-05-17
Fort Garry Industries (FGI),PY-FR454-WR3X <STARGATE>,1.0,0.0,0.0,2021-05-17
Fort Garry Industries (FGI),48LB4X A <STARGATE>,1.0,0.0,0.0,2021-05-17
Fort Garry Industries (FGI),TB48 <STARGATE>,1.0,0.0,0.0,2021-05-17
Fort Garry Industries (FGI),Dump SF3X <STARGATE>,1.0,0.0,0.0,2021-05-17
Fort Garry Industries (FGI),30SB <STARGATE>,1.0,0.0,0.0,2021-05-17
Fort Garry Industries (FGI),B-Train Pull Dump_temp1 <STARGATE>,1.0,0.0,0.0,2021-05-17
Fort Garry Industries (FGI),CD2X <STARGATE>,1.0,0.0,0.0,2021-05-17
Fort Garry Industries (FGI),24SB <STARGATE>,1.0,0.0,0.0,2021-05-17
Fort Garry Industries (FGI),UBF2X <STARGATE>,1.0,0.0,0.0,2021-05-17
Fort Garry Industries (FGI),38LB3X A <STARGATE>,1.0,0.0,0.0,2021-05-17
Fort Garry Industries (FGI),28LB2X A <STARGATE>,1.0,0.0,0.0,2021-05-17
Fort Garry Industries (FGI),CD1X <STARGATE>,1.0,0.0,0.0,2021-05-17
Fort Garry Industries (FGI),Dump SF2X <STARGATE>,1.0,0.0,0.0,2021-05-17
Fort Garry Industries (FGI),Steel End Dump 2X <STARGATE>,1.0,0.0,0.0,2021-05-17
Fort Garry Industries (FGI),17PDB <STARGATE>,1.0,0.0,0.0,2021-05-17
Fort Garry Industries (FGI),Dump SF4X <STARGATE>,1.0,0.0,0.0,2021-05-17
Fort Garry Industries (FGI),Dump 36SF3X <STARGATE>,1.0,0.0,0.0,2021-05-17
Fort Garry Industries (FGI),Pony Dump 3X17 <STARGATE>,1.0,0.0,0.0,2021-05-17
Fort Garry Industries (FGI),19SB <STARGATE>,1.0,0.0,0.0,2021-05-17
Fort Garry Industries (FGI),End Dump - temp1 <STARGATE>,1.0,0.0,0.0,2021-05-17
Fort Garry Industries (FGI),B-Train Dump_temp1 <STARGATE>,1.0,0.0,0.0,2021-05-17
Fort Garry Industries (FGI),Pony Chassis <STARGATE>,1.0,0.0,0.0,2021-05-17
Fort Garry Industries (FGI),End Dump 4X <END DUMPS>,1.0,0.0,0.0,2021-05-17
Fort Garry Industries (FGI),Frameless Alum. U Body 2X <END DUMPS>,1.0,0.0,0.0,2021-05-17
Fort Garry Industries (FGI),Frameless Alum. U Body 3X <END DUMPS>,1.0,0.0,0.0,2021-05-17
Northeast Truck & Trailer,46LF3X4T NS <LOG EASTERN>,1.0,0.0,0.0,2021-05-17
Northeast Truck & Trailer,46LF3X4T NL <LOG EASTERN>,1.0,0.0,0.0,2021-05-17
Northeast Truck & Trailer,46LD4X4T NS <LOG EASTERN>,1.0,0.0,0.0,2021-05-17
Northeast Truck & Trailer,39LBT3X NS <LOG EASTERN>,1.0,0.0,0.0,2021-05-17
Northeast Truck & Trailer,28LBT2X NS <LOG EASTERN>,1.0,0.0,0.0,2021-05-17
Northeast Truck & Trailer,42LD3X NL <LOG EASTERN>,1.0,0.0,0.0,2021-05-17
Northeast Truck & Trailer,27LBT2X NL <LOG EASTERN>,1.0,0.0,0.0,2021-05-17
Northeast Truck & Trailer,37LBT3X NL <LOG EASTERN>,1.0,0.0,0.0,2021-05-17
Northeast Truck & Trailer,46LD3X4TLW NS <LOG EASTERN>,1.0,0.0,0.0,2021-05-17
Northeast Truck & Trailer,18LPT3X <LOG EASTERN>,1.0,0.0,0.0,2021-05-17
Northeast Truck & Trailer,48LF4X NL <LOG EASTERN>,1.0,0.0,0.0,2021-05-17
Northeast Truck & Trailer,51LD5X5T ON <LOG EASTERN>,1.0,0.0,0.0,2021-05-17
Northeast Truck & Trailer,25LPT3X JDI <LOG EASTERN>,1.0,0.0,0.0,2021-05-17
Northeast Truck & Trailer,53LD3X5T JDIHD <LOG EASTERN>,1.0,0.0,0.0,2021-05-17
Northeast Truck & Trailer,48LD4X4T V2018 <LOG EASTERN>,1.0,0.0,0.0,2021-05-17
Northeast Truck & Trailer,46LF3X4T NS V2017 <LOG EASTERN>,1.0,0.0,0.0,2021-05-17
Northeast Truck & Trailer,48LF3X5T NB V2016 <LOG EASTERN>,1.0,0.0,0.0,2021-05-17
Northeast Truck & Trailer,51LF3X5T NB V2016 <LOG EASTERN>,1.0,0.0,0.0,2021-05-17
Northeast Truck & Trailer,48LF3X NL <LOG EASTERN>,1.0,0.0,0.0,2021-05-17
Northeast Truck & Trailer,39LBT3X ON <LOG EASTERN>,1.0,0.0,0.0,2021-05-17
Northeast Truck & Trailer,51LF4X5T NB TRI V2016 <LOG EASTERN>,1.0,0.0,0.0,2021-05-17
Northeast Truck & Trailer,51LF4X5T V2018 <LOG EASTERN>,1.0,0.0,0.0,2021-05-17
Northeast Truck & Trailer,48LF4X5T V2018 <LOG EASTERN>,1.0,0.0,0.0,2021-05-17
Northeast Truck & Trailer,48LF3X5T V2018 <LOG EASTERN>,1.0,0.0,0.0,2021-05-17
Northeast Truck & Trailer,48LD3X5T V2018 <LOG EASTERN>,1.0,0.0,0.0,2021-05-17
Northeast Truck & Trailer,46LF4X NL <LOG EASTERN>,1.0,0.0,0.0,2021-05-17
Northeast Truck & Trailer,52LD4X5T <LOG EASTERN>,1.0,0.0,0.0,2021-05-17
Northeast Truck & Trailer,48LF3X5T NB V2018 <LOG EASTERN>,1.0,0.0,0.0,2021-05-17
Northeast Truck & Trailer,51LD4X5T V2018 <LOG EASTERN>,1.0,0.0,0.0,2021-05-17
Northeast Truck & Trailer,51LD4X5T ON <LOG EASTERN>,1.0,0.0,0.0,2021-05-17
Northeast Truck & Trailer,25LPT2X <LOG EASTERN>,1.0,0.0,0.0,2021-05-17
Northeast Truck & Trailer,46LF3X4T V2018 <LOG EASTERN>,1.0,0.0,0.0,2021-05-17
Northeast Truck & Trailer,25LPT3X <LOG EASTERN>,1.0,0.0,0.0,2021-05-17
Northeast Truck & Trailer,46LD3X4T V2018 <LOG EASTERN>,1.0,0.0,0.0,2021-05-17
Northeast Truck & Trailer,46LD4X NL <LOG EASTERN>,1.0,0.0,0.0,2021-05-17
Northeast Truck & Trailer,52LF4X5T <LOG EASTERN>,1.0,0.0,0.0,2021-05-17
Northeast Truck & Trailer,48LD4X4T NB V2017 <LOG EASTERN>,1.0,0.0,0.0,2021-05-17
Northeast Truck & Trailer,48LD4X5T ON <LOG EASTERN>,1.0,0.0,0.0,2021-05-17
Northeast Truck & Trailer,48LD4X5T V2018 <LOG EASTERN>,1.0,0.0,0.0,2021-05-17
Northeast Truck & Trailer,30LBT2X ON <LOG EASTERN>,1.0,0.0,0.0,2021-05-17
Northeast Truck & Trailer,51LD5X5T ON V2017 <LOG EASTERN>,1.0,0.0,0.0,2021-05-17
Northeast Truck & Trailer,46LD3X4T US <LOG US>,1.0,0.0,0.0,2021-05-17
Northeast Truck & Trailer,48LD3X5T US <LOG US>,1.0,0.0,0.0,2021-05-17
Northeast Truck & Trailer,46LD2X4T US <LOG US>,1.0,0.0,0.0,2021-05-17
Northeast Truck & Trailer,46LD3X4T USAE <LOG US>,1.0,0.0,0.0,2021-05-17
Northeast Truck & Trailer,46LD3X2T US <LOG US>,1.0,0.0,0.0,2021-05-17
Northeast Truck & Trailer,46LF3X MN <LOG US>,1.0,0.0,0.0,2021-05-17
Northeast Truck & Trailer,48LD3X5T USAE <LOG US>,1.0,0.0,0.0,2021-05-17
Northeast Truck & Trailer,51LF4X3T US <LOG US>,1.0,0.0,0.0,2021-05-17
Northeast Truck & Trailer,46LF3X4T USAE <LOG US>,1.0,0.0,0.0,2021-05-17
Northeast Truck & Trailer,48LF3X5T USAE <LOG US>,1.0,0.0,0.0,2021-05-17
Northeast Truck & Trailer,42LD3X4T USAE <LOG US>,1.0,0.0,0.0,2021-05-17
Northeast Truck & Trailer,46LD3X5T HALE <LOG US>,1.0,0.0,0.0,2021-05-17
Northeast Truck & Trailer,35ADG2X AGNR <MACHINERY>,1.0,0.0,0.0,2021-05-17
Northeast Truck & Trailer,35ADG2X AGR <MACHINERY>,1.0,0.0,0.0,2021-05-17
Northeast Truck & Trailer,35ADG2X NR <MACHINERY>,1.0,0.0,0.0,2021-05-17
Northeast Truck & Trailer,35ADG2X R <MACHINERY>,1.0,0.0,0.0,2021-05-17
Northeast Truck & Trailer,35FA <MACHINERY>,1.0,0.0,0.0,2021-05-17
Northeast Truck & Trailer,40ADG2X NR <MACHINERY>,1.0,0.0,0.0,2021-05-17
Northeast Truck & Trailer,40ADG3X AGR <MACHINERY>,1.0,0.0,0.0,2021-05-17
Northeast Truck & Trailer,40ADG3X R <MACHINERY>,1.0,0.0,0.0,2021-05-17
Northeast Truck & Trailer,35MD2X53 EXT <MACHINERY>,1.0,0.0,0.0,2021-05-17
Northeast Truck & Trailer,35ADG2X53 AGNR <MACHINERY>,1.0,0.0,0.0,2021-05-17
Northeast Truck & Trailer,50ADG3X53 NR <MACHINERY>,1.0,0.0,0.0,2021-05-17
Northeast Truck & Trailer,30ADG2X51 AGLP <MACHINERY>,1.0,0.0,0.0,2021-05-17
Northeast Truck & Trailer,40ADG3X53 NR <MACHINERY>,1.0,0.0,0.0,2021-05-17
Northeast Truck & Trailer,40ADG3X53 AGNR <MACHINERY>,1.0,0.0,0.0,2021-05-17
Northeast Truck & Trailer,35ADG3X53 AGNR <MACHINERY>,1.0,0.0,0.0,2021-05-17
Northeast Truck & Trailer,35ADG2X37 AGNR <MACHINERY>,1.0,0.0,0.0,2021-05-17
Northeast Truck & Trailer,35MD2X EXT <MACHINERY>,1.0,0.0,0.0,2021-05-17
Northeast Truck & Trailer,30ADG2X51 LP <MACHINERY>,1.0,0.0,0.0,2021-05-17
Northeast Truck & Trailer,35ADG2X53 AGC <MACHINERY>,1.0,0.0,0.0,2021-05-17
Northeast Truck & Trailer,20PAG2X <MACHINERY>,1.0,0.0,0.0,2021-05-17
Northeast Truck & Trailer,35ADG2X51 AGC <MACHINERY>,1.0,0.0,0.0,2021-05-17
Northeast Truck & Trailer,35ADG2X53 AGCO <MACHINERY>,1.0,0.0,0.0,2021-05-17
Northeast Truck & Trailer,35ADG2X48 AGULP <MACHINERY>,1.0,0.0,0.0,2021-05-17
Northeast Truck & Trailer,35MD2X48 <MACHINERY>,1.0,0.0,0.0,2021-05-17
Northeast Truck & Trailer,35MD2X53 <MACHINERY>,1.0,0.0,0.0,2021-05-17
Northeast Truck & Trailer,35MD2X BT <MACHINERY>,1.0,0.0,0.0,2021-05-17
Northeast Truck & Trailer,35DD2X BT <MACHINERY>,1.0,0.0,0.0,2021-05-17
Northeast Truck & Trailer,35MD2X48 P <MACHINERY>,1.0,0.0,0.0,2021-05-17
Northeast Truck & Trailer,45MD3X EXT <MACHINERY>,1.0,0.0,0.0,2021-05-17
Northeast Truck & Trailer,35HDG2X53 <MACHINERY>,1.0,0.0,0.0,2021-05-17
Northeast Truck & Trailer,35ADG2X51 AGLP <MACHINERY>,1.0,0.0,0.0,2021-05-17
Northeast Truck & Trailer,35ADG2X51 AGNR <MACHINERY>,1.0,0.0,0.0,2021-05-17
Northeast Truck & Trailer,35ADG2X53 AGS <MACHINERY>,1.0,0.0,0.0,2021-05-17
Northeast Truck & Trailer,30ADG2X53 AGLP <MACHINERY>,1.0,0.0,0.0,2021-05-17
Northeast Truck & Trailer,40ADG3X53 AGLP <MACHINERY>,1.0,0.0,0.0,2021-05-17
Northeast Truck & Trailer,35ADG2X51 LP <MACHINERY>,1.0,0.0,0.0,2021-05-17
Northeast Truck & Trailer,35MD2X48 AGULP <MACHINERY>,1.0,0.0,0.0,2021-05-17
Northeast Truck & Trailer,40SN3X <OILFIELD>,1.0,0.0,0.0,2021-05-17
Northeast Truck & Trailer,40SN3X SB <OILFIELD>,1.0,0.0,0.0,2021-05-17
Northeast Truck & Trailer,55LB3X LND <OILFIELD>,1.0,0.0,0.0,2021-05-17
Northeast Truck & Trailer,40SN3X M <OILFIELD>,1.0,0.0,0.0,2021-05-17
Northeast Truck & Trailer,60SN3X <OILFIELD>,1.0,0.0,0.0,2021-05-17
Northeast Truck & Trailer,50SN3X 2018 <OILFIELD>,1.0,0.0,0.0,2021-05-17
Northeast Truck & Trailer,50SN3X <OILFIELD>,1.0,0.0,0.0,2021-05-17
Northeast Truck & Trailer,55LB3X SND <OILFIELD>,1.0,0.0,0.0,2021-05-17
Northeast Truck & Trailer,55LB3X LNF <OILFIELD>,1.0,0.0,0.0,2021-05-17
Northeast Truck & Trailer,51OF3X <OILFIELD>,1.0,0.0,0.0,2021-05-17
Northeast Truck & Trailer,2510 <SNOW & ICE CONTROL>,1.0,0.0,0.0,2021-05-17
Northeast Truck & Trailer,2513 <SNOW & ICE CONTROL>,1.0,0.0,0.0,2021-05-17
Northeast Truck & Trailer,2514 <SNOW & ICE CONTROL>,1.0,0.0,0.0,2021-05-17
Northeast Truck & Trailer,2311NB <SNOW & ICE CONTROL>,1.0,0.0,0.0,2021-05-17
Northeast Truck & Trailer,1155 <SNOW & ICE CONTROL>,1.0,0.0,0.0,2021-05-17
Northeast Truck & Trailer,2514 DC <SNOW & ICE CONTROL>,1.0,0.0,0.0,2021-05-17
Northeast Truck & Trailer,TC1X <SNOW & ICE CONTROL>,1.0,0.0,0.0,2021-05-17
Northeast Truck & Trailer,1040G <SNOW & ICE CONTROL>,1.0,0.0,0.0,2021-05-17
Northeast Truck & Trailer,3434 PMB <SNOW & ICE CONTROL>,1.0,0.0,0.0,2021-05-17
Northeast Truck & Trailer,2311 <SNOW & ICE CONTROL>,1.0,0.0,0.0,2021-05-17
Northeast Truck & Trailer,2313 <SNOW & ICE CONTROL>,1.0,0.0,0.0,2021-05-17
Northeast Truck & Trailer,SICD2X NT <SNOW & ICE CONTROL>,1.0,0.0,0.0,2021-05-17
Northeast Truck & Trailer,SICP1X NT <SNOW & ICE CONTROL>,1.0,0.0,0.0,2021-05-17
Northeast Truck & Trailer,1030G <SNOW & ICE CONTROL>,1.0,0.0,0.0,2021-05-17
Northeast Truck & Trailer,1050G <SNOW & ICE CONTROL>,1.0,0.0,0.0,2021-05-17
Northeast Truck & Trailer,2049 <SNOW & ICE CONTROL>,1.0,0.0,0.0,2021-05-17
Northeast Truck & Trailer,SICP2X NT <SNOW & ICE CONTROL>,1.0,0.0,0.0,2021-05-17
Northeast Truck & Trailer,2514 SNC <SNOW & ICE CONTROL>,1.0,0.0,0.0,2021-05-17
Northeast Truck & Trailer,2047 <SNOW & ICE CONTROL>,1.0,0.0,0.0,2021-05-17
Northeast Truck & Trailer,SPUD KIT 4300 <SNOW & ICE CONTROL>,1.0,0.0,0.0,2021-05-17
Northeast Truck & Trailer,2513 DC <SNOW & ICE CONTROL>,1.0,0.0,0.0,2021-05-17
Northeast Truck & Trailer,2313NB <SNOW & ICE CONTROL>,1.0,0.0,0.0,2021-05-17
Northeast Truck & Trailer,2314NB <SNOW & ICE CONTROL>,1.0,0.0,0.0,2021-05-17
Northeast Truck & Trailer,TC2X <SNOW & ICE CONTROL>,1.0,0.0,0.0,2021-05-17
Northeast Truck & Trailer,3920-94 PMP <SNOW & ICE CONTROL>,1.0,0.0,0.0,2021-05-17
Northeast Truck & Trailer,Installation <SNOW & ICE CONTROL>,1.0,0.0,0.0,2021-05-17
Northeast Truck & Trailer,2310NB <SNOW & ICE CONTROL>,1.0,0.0,0.0,2021-05-17
Northeast Truck & Trailer,TEMP <SNOW & ICE CONTROL>,1.0,0.0,0.0,2021-05-17
Northeast Truck & Trailer,2020 <SNOW & ICE CONTROL>,1.0,0.0,0.0,2021-05-17
Northeast Truck & Trailer,20ANR <TAGS>,1.0,0.0,0.0,2021-05-17
Northeast Truck & Trailer,15BWS2X <TAGS>,1.0,0.0,0.0,2021-05-17
Northeast Truck & Trailer,20BWS3X <TAGS>,1.0,0.0,0.0,2021-05-17
Northeast Truck & Trailer,20FDNT <TAGS>,1.0,0.0,0.0,2021-05-17
Northeast Truck & Trailer,20PLS2X <TAGS>,1.0,0.0,0.0,2021-05-17
Northeast Truck & Trailer,30NTT <TAGS>,1.0,0.0,0.0,2021-05-17
Northeast Truck & Trailer,30FDNT <TAGS>,1.0,0.0,0.0,2021-05-17
Northeast Truck & Trailer,15BWS2X G <TAGS>,1.0,0.0,0.0,2021-05-17
Northeast Truck & Trailer,20NTTS <TAGS>,1.0,0.0,0.0,2021-05-17
Northeast Truck & Trailer,40EPT1X <TAGS>,1.0,0.0,0.0,2021-05-17
Northeast Truck & Trailer,30 ANR MINE <TAGS>,1.0,0.0,0.0,2021-05-17
Northeast Truck & Trailer,20PT2X <TAGS>,1.0,0.0,0.0,2021-05-17
Northeast Truck & Trailer,WTT2X <TAGS>,1.0,0.0,0.0,2021-05-17
Northeast Truck & Trailer,25PT3X <TAGS>,1.0,0.0,0.0,2021-05-17
Northeast Truck & Trailer,20ART <TAGS>,1.0,0.0,0.0,2021-05-17
Northeast Truck & Trailer,20MTT <TAGS>,1.0,0.0,0.0,2021-05-17
Northeast Truck & Trailer,20NTT <TAGS>,1.0,0.0,0.0,2021-05-17
Northeast Truck & Trailer,25ANR <TAGS>,1.0,0.0,0.0,2021-05-17
Northeast Truck & Trailer,25ART <TAGS>,1.0,0.0,0.0,2021-05-17
Northeast Truck & Trailer,25NTT <TAGS>,1.0,0.0,0.0,2021-05-17
Northeast Truck & Trailer,20FDNT ECO <TAGS>,1.0,0.0,0.0,2021-05-17
Northeast Truck & Trailer,25FDNT <TAGS>,1.0,0.0,0.0,2021-05-17
Northeast Truck & Trailer,25FDNT ECO <TAGS>,1.0,0.0,0.0,2021-05-17
Northeast Truck & Trailer,20BWS2X <TAGS>,1.0,0.0,0.0,2021-05-17
Northeast Truck & Trailer,25BWS3X <TAGS>,1.0,0.0,0.0,2021-05-17
Northeast Truck & Trailer,30ANR <TAGS>,1.0,0.0,0.0,2021-05-17
Northeast Truck & Trailer,30ART <TAGS>,1.0,0.0,0.0,2021-05-17
Northeast Truck & Trailer,53ET2XP <PAVING & RECOVERY>,1.0,0.0,0.0,2021-05-17
Northeast Truck & Trailer,53ET3XP <PAVING & RECOVERY>,1.0,0.0,0.0,2021-05-17
Northeast Truck & Trailer,53ET4XP <PAVING & RECOVERY>,1.0,0.0,0.0,2021-05-17
Northeast Truck & Trailer,48ET2XP <PAVING & RECOVERY>,1.0,0.0,0.0,2021-05-17
Northeast Truck & Trailer,48ET3XP <PAVING & RECOVERY>,1.0,0.0,0.0,2021-05-17
Northeast Truck & Trailer,60HDGSB <HYDRAULICS>,1.0,0.0,0.0,2021-05-17
Northeast Truck & Trailer,55FA <HYDRAULICS>,1.0,0.0,0.0,2021-05-17
Northeast Truck & Trailer,55HDG4X SB <HYDRAULICS>,1.0,0.0,0.0,2021-05-17
Northeast Truck & Trailer,40HDG4X SB P <HYDRAULICS>,1.0,0.0,0.0,2021-05-17
Northeast Truck & Trailer,55HDG3X BTHH <HYDRAULICS>,1.0,0.0,0.0,2021-05-17
Northeast Truck & Trailer,55HDG3X SBHH <HYDRAULICS>,1.0,0.0,0.0,2021-05-17
Northeast Truck & Trailer,60HDG4X SB <HYDRAULICS>,1.0,0.0,0.0,2021-05-17
Northeast Truck & Trailer,35HDG2X Mini <HYDRAULICS>,1.0,0.0,0.0,2021-05-17
Northeast Truck & Trailer,50HDG3X AG <HYDRAULICS>,1.0,0.0,0.0,2021-05-17
Northeast Truck & Trailer,55HDG3X E <HYDRAULICS>,1.0,0.0,0.0,2021-05-17
Northeast Truck & Trailer,50FA AGRI <HYDRAULICS>,1.0,0.0,0.0,2021-05-17
Northeast Truck & Trailer,55FA LH <HYDRAULICS>,1.0,0.0,0.0,2021-05-17
Northeast Truck & Trailer,51HDG3X SB <HYDRAULICS>,1.0,0.0,0.0,2021-05-17
Northeast Truck & Trailer,55HDG3X SB <HYDRAULICS>,1.0,0.0,0.0,2021-05-17
Northeast Truck & Trailer,35HDG2X53 AGC <HYDRAULICS>,1.0,0.0,0.0,2021-05-17
Northeast Truck & Trailer,35HDG2X53 AGNR <HYDRAULICS>,1.0,0.0,0.0,2021-05-17
Northeast Truck & Trailer,55HDG3X BTHH AG <HYDRAULICS>,1.0,0.0,0.0,2021-05-17
Northeast Truck & Trailer,55HDG3X SBHH AG <HYDRAULICS>,1.0,0.0,0.0,2021-05-17
Northeast Truck & Trailer,60HDG3X HB_temp1 <HYDRAULICS>,1.0,0.0,0.0,2021-05-17
Northeast Truck & Trailer,55HDG3X <HYDRAULICS>,1.0,0.0,0.0,2021-05-17
Northeast Truck & Trailer,55HDG3X H <HYDRAULICS>,1.0,0.0,0.0,2021-05-17
Northeast Truck & Trailer,55FA  B <HYDRAULICS>,1.0,0.0,0.0,2021-05-17
Northeast Truck & Trailer,55HDG3X Q1 <HYDRAULICS>,1.0,0.0,0.0,2021-05-17
Northeast Truck & Trailer,55HDG3X US <HYDRAULICS>,1.0,0.0,0.0,2021-05-17
Northeast Truck & Trailer,DECK - Bellemar <HYDRAULICS>,1.0,0.0,0.0,2021-05-17
Northeast Truck & Trailer,35HDG2X NR <HYDRAULICS>,1.0,0.0,0.0,2021-05-17
Northeast Truck & Trailer,40HDG3X AG <HYDRAULICS>,1.0,0.0,0.0,2021-05-17
Northeast Truck & Trailer,25HDG2X Mini <HYDRAULICS>,1.0,0.0,0.0,2021-05-17
Northeast Truck & Trailer,55HDG3X HS <HYDRAULICS>,1.0,0.0,0.0,2021-05-17
Northeast Truck & Trailer,GNK - Bellemare <HYDRAULICS>,1.0,0.0,0.0,2021-05-17
Northeast Truck & Trailer,40HDG3X53 AG <HYDRAULICS>,1.0,0.0,0.0,2021-05-17
Northeast Truck & Trailer,35HDG2X48 AGULP <HYDRAULICS>,1.0,0.0,0.0,2021-05-17
Northeast Truck & Trailer,70HDG4X SB <HYDRAULICS>,1.0,0.0,0.0,2021-05-17
Northeast Truck & Trailer,51LF3X3T SK <LOG WESTERN>,1.0,0.0,0.0,2021-05-17
Northeast Truck & Trailer,37LBT2X W <LOG WESTERN>,1.0,0.0,0.0,2021-05-17
Northeast Truck & Trailer,53LD3X3T BC <LOG WESTERN>,1.0,0.0,0.0,2021-05-17
Northeast Truck & Trailer,50LF4X3T HD <LOG WESTERN>,1.0,0.0,0.0,2021-05-17
Northeast Truck & Trailer,39LBT2X W <LOG WESTERN>,1.0,0.0,0.0,2021-05-17
Northeast Truck & Trailer,39LBT3X W <LOG WESTERN>,1.0,0.0,0.0,2021-05-17
Northeast Truck & Trailer,51LF3X3T AB V2016 <LOG WESTERN>,1.0,0.0,0.0,2021-05-17
Northeast Truck & Trailer,50LF3X3T HD <LOG WESTERN>,1.0,0.0,0.0,2021-05-17
Northeast Truck & Trailer,51LF4X3T AB V2015 <LOG WESTERN>,1.0,0.0,0.0,2021-05-17
Northeast Truck & Trailer,53LD3X3T BCHD <LOG WESTERN>,1.0,0.0,0.0,2021-05-17
Northeast Truck & Trailer,30LBT2X W <LOG WESTERN>,1.0,0.0,0.0,2021-05-17
Northeast Truck & Trailer,51LF3X3T PEAK <LOG WESTERN>,1.0,0.0,0.0,2021-05-17
Northeast Truck & Trailer,37LBT3X PEAK <LOG WESTERN>,1.0,0.0,0.0,2021-05-17
Northeast Truck & Trailer,37LBT3X W <LOG WESTERN>,1.0,0.0,0.0,2021-05-17
Northeast Truck & Trailer,27LBT2X W <LOG WESTERN>,1.0,0.0,0.0,2021-05-17
Northeast Truck & Trailer,51LF3X3T SK V2016 <LOG WESTERN>,1.0,0.0,0.0,2021-05-17
Northeast Truck & Trailer,40LD3X <LOG WESTERN>,1.0,0.0,0.0,2021-05-17
Northeast Truck & Trailer,27LD2X <LOG WESTERN>,1.0,0.0,0.0,2021-05-17
Northeast Truck & Trailer,28LBT2X PEAK <LOG WESTERN>,1.0,0.0,0.0,2021-05-17
Northeast Truck & Trailer,50LF3X3T AB <LOG WESTERN>,1.0,0.0,0.0,2021-05-17
Northeast Truck & Trailer,50LF3X3T SK <LOG WESTERN>,1.0,0.0,0.0,2021-05-17
Northeast Truck & Trailer,46LD3X2T BC <LOG WESTERN>,1.0,0.0,0.0,2021-05-17
Northeast Truck & Trailer,51HD3X CON <HIGHWAY>,1.0,0.0,0.0,2021-05-17
Northeast Truck & Trailer,32HBT3X <HIGHWAY>,1.0,0.0,0.0,2021-05-17
Northeast Truck & Trailer,48HDD2X Custom V1 <HIGHWAY>,1.0,0.0,0.0,2021-05-17
Northeast Truck & Trailer,28HBT2XHD <HIGHWAY>,1.0,0.0,0.0,2021-05-17
Northeast Truck & Trailer,32HBT3XHD <HIGHWAY>,1.0,0.0,0.0,2021-05-17
Northeast Truck & Trailer,53HD3X <HIGHWAY>,1.0,0.0,0.0,2021-05-17
Northeast Truck & Trailer,53HF3X <HIGHWAY>,1.0,0.0,0.0,2021-05-17
Northeast Truck & Trailer,48HD3X <HIGHWAY>,1.0,0.0,0.0,2021-05-17
Northeast Truck & Trailer,53HDD2X <HIGHWAY>,1.0,0.0,0.0,2021-05-17
Northeast Truck & Trailer,53OHD3X <HIGHWAY>,1.0,0.0,0.0,2021-05-17
Northeast Truck & Trailer,53HF4X <HIGHWAY>,1.0,0.0,0.0,2021-05-17
Northeast Truck & Trailer,53HF4X - Super Single <HIGHWAY>,1.0,0.0,0.0,2021-05-17
Northeast Truck & Trailer,48HD2X <HIGHWAY>,1.0,0.0,0.0,2021-05-17
Northeast Truck & Trailer,53HF3XEXT <HIGHWAY>,1.0,0.0,0.0,2021-05-17
Northeast Truck & Trailer,29HD3X Rail <HIGHWAY>,1.0,0.0,0.0,2021-05-17
Northeast Truck & Trailer,42HD2X HD <HIGHWAY>,1.0,0.0,0.0,2021-05-17
Northeast Truck & Trailer,48HD2X PEAT <HIGHWAY>,1.0,0.0,0.0,2021-05-17
Northeast Truck & Trailer,39BT2X SCRAP <HIGHWAY>,1.0,0.0,0.0,2021-05-17
Northeast Truck & Trailer,20BT3X SCRAP <HIGHWAY>,1.0,0.0,0.0,2021-05-17
Northeast Truck & Trailer,53HD4X <HIGHWAY>,1.0,0.0,0.0,2021-05-17
Northeast Truck & Trailer,32HBT3X 2018 <HIGHWAY>,1.0,0.0,0.0,2021-05-17
Northeast Truck & Trailer,53HD3X 2018 <HIGHWAY>,1.0,0.0,0.0,2021-05-17
Northeast Truck & Trailer,48HF4X <HIGHWAY>,1.0,0.0,0.0,2021-05-17
Northeast Truck & Trailer,50HF5X <HIGHWAY>,1.0,0.0,0.0,2021-05-17
Northeast Truck & Trailer,53HD2X EXT_temp1 <HIGHWAY>,1.0,0.0,0.0,2021-05-17
Northeast Truck & Trailer,40HD3XB <HIGHWAY>,1.0,0.0,0.0,2021-05-17
Northeast Truck & Trailer,45HD2X <HIGHWAY>,1.0,0.0,0.0,2021-05-17
Northeast Truck & Trailer,48HDD2X EXT <HIGHWAY>,1.0,0.0,0.0,2021-05-17
Northeast Truck & Trailer,FA <HIGHWAY>,1.0,0.0,0.0,2021-05-17
Northeast Truck & Trailer,48HDD2X <HIGHWAY>,1.0,0.0,0.0,2021-05-17
Northeast Truck & Trailer,53HD2X Crane <HIGHWAY>,1.0,0.0,0.0,2021-05-17
Northeast Truck & Trailer,48HDD2X Custom <HIGHWAY>,1.0,0.0,0.0,2021-05-17
Northeast Truck & Trailer,48HF2X <HIGHWAY>,1.0,0.0,0.0,2021-05-17
Northeast Truck & Trailer,48HF3X <HIGHWAY>,1.0,0.0,0.0,2021-05-17
Northeast Truck & Trailer,48HD2X SPECIAL <HIGHWAY>,1.0,0.0,0.0,2021-05-17
Northeast Truck & Trailer,42HF2X <HIGHWAY>,1.0,0.0,0.0,2021-05-17
Northeast Truck & Trailer,53HDD3X <HIGHWAY>,1.0,0.0,0.0,2021-05-17
Northeast Truck & Trailer,28HBT2X 2018 <HIGHWAY>,1.0,0.0,0.0,2021-05-17
Northeast Truck & Trailer,46HDD2X Custom <HIGHWAY>,1.0,0.0,0.0,2021-05-17
Northeast Truck & Trailer,42HF3X HD <HIGHWAY>,1.0,0.0,0.0,2021-05-17
Northeast Truck & Trailer,35HD2X <HIGHWAY>,1.0,0.0,0.0,2021-05-17
Northeast Truck & Trailer,42HD3X 2018 <HIGHWAY>,1.0,0.0,0.0,2021-05-17
Northeast Truck & Trailer,53HD2X <HIGHWAY>,1.0,0.0,0.0,2021-05-17
Northeast Truck & Trailer,48HD5X <HIGHWAY>,1.0,0.0,0.0,2021-05-17
Northeast Truck & Trailer,53HD3X 2018 LDECK <HIGHWAY>,1.0,0.0,0.0,2021-05-17
Northeast Truck & Trailer,53HF3X 2018 <HIGHWAY>,1.0,0.0,0.0,2021-05-17
Northeast Truck & Trailer,53HD2X EXT <HIGHWAY>,1.0,0.0,0.0,2021-05-17
Northeast Truck & Trailer,48HDD3X <HIGHWAY>,1.0,0.0,0.0,2021-05-17
Northeast Truck & Trailer,53HD2X EXT H <HIGHWAY>,1.0,0.0,0.0,2021-05-17
Northeast Truck & Trailer,40HD2X Penske CUSTOM <HIGHWAY>,1.0,0.0,0.0,2021-05-17
Northeast Truck & Trailer,53HD3X EXT <HIGHWAY>,1.0,0.0,0.0,2021-05-17
Northeast Truck & Trailer,42HD3X HD <HIGHWAY>,1.0,0.0,0.0,2021-05-17
Northeast Truck & Trailer,28HBT2X <HIGHWAY>,1.0,0.0,0.0,2021-05-17
Northeast Truck & Trailer,37DT3X <DUMP>,1.0,0.0,0.0,2021-05-17
Northeast Truck & Trailer,27DT2X <DUMP>,1.0,0.0,0.0,2021-05-17
Northeast Truck & Trailer,27PD2X <DUMP>,1.0,0.0,0.0,2021-05-17
Northeast Truck & Trailer,28DPT3X <DUMP>,1.0,0.0,0.0,2021-05-17
Northeast Truck & Trailer,SPECIAL <DUMP>,1.0,0.0,0.0,2021-05-17
Northeast Truck & Trailer,26DT2X <DUMP>,1.0,0.0,0.0,2021-05-17
Northeast Truck & Trailer,32DT3X <DUMP>,1.0,0.0,0.0,2021-05-17
Northeast Truck & Trailer,28DPT2X <DUMP>,1.0,0.0,0.0,2021-05-17
Northeast Truck & Trailer,38ALB3XS <DUMP>,1.0,0.0,0.0,2021-05-17
Northeast Truck & Trailer,36ALB2X <DUMP>,1.0,0.0,0.0,2021-05-17
Northeast Truck & Trailer,32DT3X V2018 <DUMP>,1.0,0.0,0.0,2021-05-17
Northeast Truck & Trailer,41ALB3X <DUMP>,1.0,0.0,0.0,2021-05-17
Northeast Truck & Trailer,27DT2X V2018 <DUMP>,1.0,0.0,0.0,2021-05-17
Northeast Truck & Trailer,53EWF4X <DUMP>,1.0,0.0,0.0,2021-05-17
Northeast Truck & Trailer,SFUB2X <DUMP>,1.0,0.0,0.0,2021-05-17
Northeast Truck & Trailer,37DT2X <DUMP>,1.0,0.0,0.0,2021-05-17
Northeast Truck & Trailer,27DT2XU <DUMP>,1.0,0.0,0.0,2021-05-17
Northeast Truck & Trailer,37DT4X FF <DUMP>,1.0,0.0,0.0,2021-05-17
Northeast Truck & Trailer,48ALB4X <DUMP>,1.0,0.0,0.0,2021-05-17
Northeast Truck & Trailer,39ALB3X <DUMP>,1.0,0.0,0.0,2021-05-17
Northeast Truck & Trailer,37DT2X HV <DUMP>,1.0,0.0,0.0,2021-05-17
Northeast Truck & Trailer,27DT2X HV <DUMP>,1.0,0.0,0.0,2021-05-17
Northeast Truck & Trailer,40JD2X WL <JEEP DOLLY>,1.0,0.0,0.0,2021-05-17
Northeast Truck & Trailer,40JD2X OF <JEEP DOLLY>,1.0,0.0,0.0,2021-05-17
Northeast Truck & Trailer,20JD1X HP <JEEP DOLLY>,1.0,0.0,0.0,2021-05-17
Northeast Truck & Trailer,20JD1X LP <JEEP DOLLY>,1.0,0.0,0.0,2021-05-17
Northeast Truck & Trailer,40JD2X HG <JEEP DOLLY>,1.0,0.0,0.0,2021-05-17
Northeast Truck & Trailer,60JD3X HG <JEEP DOLLY>,1.0,0.0,0.0,2021-05-17
Northeast Truck & Trailer,JD2+1X <JEEP DOLLY>,1.0,0.0,0.0,2021-05-17
Northeast Truck & Trailer,JD2X <JEEP DOLLY>,1.0,0.0,0.0,2021-05-17
Northeast Truck & Trailer,25VT2V DCI <CONTAINER CHASSIS>,1.0,0.0,0.0,2021-05-17
Northeast Truck & Trailer,40VT2V Mexico <CONTAINER CHASSIS>,1.0,0.0,0.0,2021-05-17
Northeast Truck & Trailer,51VT4V DCI <CONTAINER CHASSIS>,1.0,0.0,0.0,2021-05-17
Northeast Truck & Trailer,53VT2V DCI <CONTAINER CHASSIS>,1.0,0.0,0.0,2021-05-17
Northeast Truck & Trailer,53VT2V Penske <CONTAINER CHASSIS>,1.0,0.0,0.0,2021-05-17
Northeast Truck & Trailer,53VT3V DCI <CONTAINER CHASSIS>,1.0,0.0,0.0,2021-05-17
Northeast Truck & Trailer,38GT1X <CONTAINER CHASSIS>,1.0,0.0,0.0,2021-05-17
Northeast Truck & Trailer,48GT2X <CONTAINER CHASSIS>,1.0,0.0,0.0,2021-05-17
Northeast Truck & Trailer,51VT2V DCI <CONTAINER CHASSIS>,1.0,0.0,0.0,2021-05-17
Northeast Truck & Trailer,12GT1X <CONTAINER CHASSIS>,1.0,0.0,0.0,2021-05-17
Northeast Truck & Trailer,26VT1V Mexico <CONTAINER CHASSIS>,1.0,0.0,0.0,2021-05-17
Northeast Truck & Trailer,42VT2V Mexico <CONTAINER CHASSIS>,1.0,0.0,0.0,2021-05-17
Northeast Truck & Trailer,30DT3X-CHASSIS <CONTAINER CHASSIS>,1.0,0.0,0.0,2021-05-17
Northeast Truck & Trailer,53VT2V FL CA <CONTAINER CHASSIS>,1.0,0.0,0.0,2021-05-17
Northeast Truck & Trailer,53VT2V FL CA-97 <CONTAINER CHASSIS>,1.0,0.0,0.0,2021-05-17
Northeast Truck & Trailer,53VT2V FL US-97 <CONTAINER CHASSIS>,1.0,0.0,0.0,2021-05-17
Northeast Truck & Trailer,53VT2V JB HUNT <CONTAINER CHASSIS>,1.0,0.0,0.0,2021-05-17
Northeast Truck & Trailer,33VT2V DCI Tag <CONTAINER CHASSIS>,1.0,0.0,0.0,2021-05-17
Northeast Truck & Trailer,40CC2X <CONTAINER CHASSIS>,1.0,0.0,0.0,2021-05-17
Northeast Truck & Trailer,53VT3X DCI V2021 <CONTAINER CHASSIS>,1.0,0.0,0.0,2021-05-17
Northeast Truck & Trailer,53VT3V PENSKE <CONTAINER CHASSIS>,1.0,0.0,0.0,2021-05-17
Northeast Truck & Trailer,53VT2V Frito Lay <CONTAINER CHASSIS>,1.0,0.0,0.0,2021-05-17
Northeast Truck & Trailer,53VT2V FL US <CONTAINER CHASSIS>,1.0,0.0,0.0,2021-05-17
Northeast Truck & Trailer,40GT1X <CONTAINER CHASSIS>,1.0,0.0,0.0,2021-05-17
Northeast Truck & Trailer,20VT1V Mexico <CONTAINER CHASSIS>,1.0,0.0,0.0,2021-05-17
Northeast Truck & Trailer,53VT2V CAL <CONTAINER CHASSIS>,1.0,0.0,0.0,2021-05-17
Northeast Truck & Trailer,38GT2X <CONTAINER CHASSIS>,1.0,0.0,0.0,2021-05-17
Northeast Truck & Trailer,51GT2X <CONTAINER CHASSIS>,1.0,0.0,0.0,2021-05-17
Northeast Truck & Trailer,47GT2X <CONTAINER CHASSIS>,1.0,0.0,0.0,2021-05-17
Northeast Truck & Trailer,10GT1X <CONTAINER CHASSIS>,1.0,0.0,0.0,2021-05-17
Northeast Truck & Trailer,34VT1V Hostler <CONTAINER CHASSIS>,1.0,0.0,0.0,2021-05-17
Northeast Truck & Trailer,53VT2V DCI LD <CONTAINER CHASSIS>,1.0,0.0,0.0,2021-05-17
Northeast Truck & Trailer,53VT2V FL CA-53 <CONTAINER CHASSIS>,1.0,0.0,0.0,2021-05-17
Northeast Truck & Trailer,10GT2X <CONTAINER CHASSIS>,1.0,0.0,0.0,2021-05-17
Northeast Truck & Trailer,12GT2X <CONTAINER CHASSIS>,1.0,0.0,0.0,2021-05-17
Northeast Truck & Trailer,42DD3X <NUCLEAR>,1.0,0.0,0.0,2021-05-17
Northeast Truck & Trailer,42DD3X WCS <NUCLEAR>,1.0,0.0,0.0,2021-05-17
Northeast Truck & Trailer,42DD2X <NUCLEAR>,1.0,0.0,0.0,2021-05-17
Northeast Truck & Trailer,46DD4X WCS <NUCLEAR>,1.0,0.0,0.0,2021-05-17
Northeast Truck & Trailer,40NS2 US <NUCLEAR>,1.0,0.0,0.0,2021-05-17
Northeast Truck & Trailer,44DD2X <NUCLEAR>,1.0,0.0,0.0,2021-05-17
Northeast Truck & Trailer,49DD3X HD <NUCLEAR>,1.0,0.0,0.0,2021-05-17
Northeast Truck & Trailer,50DD4X <NUCLEAR>,1.0,0.0,0.0,2021-05-17
Northeast Truck & Trailer,51DD3X HD <NUCLEAR>,1.0,0.0,0.0,2021-05-17
Northeast Truck & Trailer,50DD3X <NUCLEAR>,1.0,0.0,0.0,2021-05-17
Northeast Truck & Trailer,53DD4X <NUCLEAR>,1.0,0.0,0.0,2021-05-17
Northeast Truck & Trailer,47DD3X <NUCLEAR>,1.0,0.0,0.0,2021-05-17
Northeast Truck & Trailer,45DD3X <NUCLEAR>,1.0,0.0,0.0,2021-05-17
Northeast Truck & Trailer,53ET3X MR WEST <EQUIPMENT>,1.0,0.0,0.0,2021-05-17
Northeast Truck & Trailer,48ET3X MR <EQUIPMENT>,1.0,0.0,0.0,2021-05-17
Northeast Truck & Trailer,42ET2X <EQUIPMENT>,1.0,0.0,0.0,2021-05-17
Northeast Truck & Trailer,48ET2X <EQUIPMENT>,1.0,0.0,0.0,2021-05-17
Northeast Truck & Trailer,53ET2X <EQUIPMENT>,1.0,0.0,0.0,2021-05-17
Northeast Truck & Trailer,53ET4X MR <EQUIPMENT>,1.0,0.0,0.0,2021-05-17
Northeast Truck & Trailer,53ET3X MR EAST <EQUIPMENT>,1.0,0.0,0.0,2021-05-17
Northeast Truck & Trailer,53ET4X <EQUIPMENT>,1.0,0.0,0.0,2021-05-17
Northeast Truck & Trailer,42ET3X <EQUIPMENT>,1.0,0.0,0.0,2021-05-17
Northeast Truck & Trailer,48ET3X <EQUIPMENT>,1.0,0.0,0.0,2021-05-17
Northeast Truck & Trailer,53ET3X <EQUIPMENT>,1.0,0.0,0.0,2021-05-17
Northeast Truck & Trailer,360 <SCREENER>,1.0,0.0,0.0,2021-05-17
Northeast Truck & Trailer,14CR1X <CABLE REEL>,1.0,0.0,0.0,2021-05-17
Northeast Truck & Trailer,11CD1X <CONVERTERS/BOOSTERS>,1.0,0.0,0.0,2021-05-17
Northeast Truck & Trailer,11SB1X SB <CONVERTERS/BOOSTERS>,1.0,0.0,0.0,2021-05-17
Northeast Truck & Trailer,11SB1X <CONVERTERS/BOOSTERS>,1.0,0.0,0.0,2021-05-17
Northeast Truck & Trailer,22CD2X <CONVERTERS/BOOSTERS>,1.0,0.0,0.0,2021-05-17
Northeast Truck & Trailer,11SB2X SB <CONVERTERS/BOOSTERS>,1.0,0.0,0.0,2021-05-17
Northeast Truck & Trailer,LP14 <AGRICULTURE>,1.0,0.0,0.0,2021-05-17
Northeast Truck & Trailer,LP18 <AGRICULTURE>,1.0,0.0,0.0,2021-05-17
Northeast Truck & Trailer,20PC2X <CHASSIS>,1.0,0.0,0.0,2021-05-17
Northeast Truck & Trailer,40CC3X <CHASSIS>,1.0,0.0,0.0,2021-05-17
Northeast Truck & Trailer,40CC3X53EXT <CHASSIS>,1.0,0.0,0.0,2021-05-17
Northeast Truck & Trailer,30CC2X <CHASSIS>,1.0,0.0,0.0,2021-05-17
Northeast Truck & Trailer,12CC2X <CHASSIS>,1.0,0.0,0.0,2021-05-17
Northeast Truck & Trailer,22CC2X <CHASSIS>,1.0,0.0,0.0,2021-05-17
Northeast Truck & Trailer,42CC3X <CHASSIS>,1.0,0.0,0.0,2021-05-17
Northeast Truck & Trailer,20CC2X <CHASSIS>,1.0,0.0,0.0,2021-05-17
Northeast Truck & Trailer,20CC3X <CHASSIS>,1.0,0.0,0.0,2021-05-17
Northeast Truck & Trailer,Pony 3X17 <CHASSIS>,1.0,0.0,0.0,2021-05-17
Northeast Truck & Trailer,44CC3X <CHASSIS>,1.0,0.0,0.0,2021-05-17
Northeast Truck & Trailer,27BC2X <CHASSIS>,1.0,0.0,0.0,2021-05-17
Northeast Truck & Trailer,45BC3X <CHASSIS>,1.0,0.0,0.0,2021-05-17
Northeast Truck & Trailer,30PC3X <CHASSIS>,1.0,0.0,0.0,2021-05-17
Northeast Truck & Trailer,PY-FR454-WR3X <STARGATE>,1.0,0.0,0.0,2021-05-17
Northeast Truck & Trailer,48LB4X A <STARGATE>,1.0,0.0,0.0,2021-05-17
Northeast Truck & Trailer,TB48 <STARGATE>,1.0,0.0,0.0,2021-05-17
Northeast Truck & Trailer,Dump SF3X <STARGATE>,1.0,0.0,0.0,2021-05-17
Northeast Truck & Trailer,30SB <STARGATE>,1.0,0.0,0.0,2021-05-17
Northeast Truck & Trailer,B-Train Pull Dump_temp1 <STARGATE>,1.0,0.0,0.0,2021-05-17
Northeast Truck & Trailer,CD2X <STARGATE>,1.0,0.0,0.0,2021-05-17
Northeast Truck & Trailer,24SB <STARGATE>,1.0,0.0,0.0,2021-05-17
Northeast Truck & Trailer,UBF2X <STARGATE>,1.0,0.0,0.0,2021-05-17
Northeast Truck & Trailer,38LB3X A <STARGATE>,1.0,0.0,0.0,2021-05-17
Northeast Truck & Trailer,28LB2X A <STARGATE>,1.0,0.0,0.0,2021-05-17
Northeast Truck & Trailer,CD1X <STARGATE>,1.0,0.0,0.0,2021-05-17
Northeast Truck & Trailer,Dump SF2X <STARGATE>,1.0,0.0,0.0,2021-05-17
Northeast Truck & Trailer,Steel End Dump 2X <STARGATE>,1.0,0.0,0.0,2021-05-17
Northeast Truck & Trailer,17PDB <STARGATE>,1.0,0.0,0.0,2021-05-17
Northeast Truck & Trailer,Dump SF4X <STARGATE>,1.0,0.0,0.0,2021-05-17
Northeast Truck & Trailer,Dump 36SF3X <STARGATE>,1.0,0.0,0.0,2021-05-17
Northeast Truck & Trailer,Pony Dump 3X17 <STARGATE>,1.0,0.0,0.0,2021-05-17
Northeast Truck & Trailer,19SB <STARGATE>,1.0,0.0,0.0,2021-05-17
Northeast Truck & Trailer,End Dump - temp1 <STARGATE>,1.0,0.0,0.0,2021-05-17
Northeast Truck & Trailer,B-Train Dump_temp1 <STARGATE>,1.0,0.0,0.0,2021-05-17
Northeast Truck & Trailer,Pony Chassis <STARGATE>,1.0,0.0,0.0,2021-05-17
Northeast Truck & Trailer,End Dump 4X <END DUMPS>,1.0,0.0,0.0,2021-05-17
Northeast Truck & Trailer,Frameless Alum. U Body 2X <END DUMPS>,1.0,0.0,0.0,2021-05-17
Northeast Truck & Trailer,Frameless Alum. U Body 3X <END DUMPS>,1.0,0.0,0.0,2021-05-17
Transit Trailer,46LF3X4T NS <LOG EASTERN>,2.0,0.0,0.0,2021-05-17
Transit Trailer,46LF3X4T NL <LOG EASTERN>,2.0,0.0,0.0,2021-05-17
Transit Trailer,46LD4X4T NS <LOG EASTERN>,2.0,0.0,0.0,2021-05-17
Transit Trailer,39LBT3X NS <LOG EASTERN>,2.0,0.0,0.0,2021-05-17
Transit Trailer,28LBT2X NS <LOG EASTERN>,2.0,0.0,0.0,2021-05-17
Transit Trailer,42LD3X NL <LOG EASTERN>,2.0,0.0,0.0,2021-05-17
Transit Trailer,27LBT2X NL <LOG EASTERN>,2.0,0.0,0.0,2021-05-17
Transit Trailer,37LBT3X NL <LOG EASTERN>,2.0,0.0,0.0,2021-05-17
Transit Trailer,46LD3X4TLW NS <LOG EASTERN>,2.0,0.0,0.0,2021-05-17
Transit Trailer,18LPT3X <LOG EASTERN>,2.0,0.0,0.0,2021-05-17
Transit Trailer,48LF4X NL <LOG EASTERN>,2.0,0.0,0.0,2021-05-17
Transit Trailer,51LD5X5T ON <LOG EASTERN>,2.0,0.0,0.0,2021-05-17
Transit Trailer,25LPT3X JDI <LOG EASTERN>,2.0,0.0,0.0,2021-05-17
Transit Trailer,53LD3X5T JDIHD <LOG EASTERN>,2.0,0.0,0.0,2021-05-17
Transit Trailer,48LD4X4T V2018 <LOG EASTERN>,2.0,0.0,0.0,2021-05-17
Transit Trailer,46LF3X4T NS V2017 <LOG EASTERN>,2.0,0.0,0.0,2021-05-17
Transit Trailer,48LF3X5T NB V2016 <LOG EASTERN>,2.0,0.0,0.0,2021-05-17
Transit Trailer,51LF3X5T NB V2016 <LOG EASTERN>,2.0,0.0,0.0,2021-05-17
Transit Trailer,48LF3X NL <LOG EASTERN>,2.0,0.0,0.0,2021-05-17
Transit Trailer,39LBT3X ON <LOG EASTERN>,2.0,0.0,0.0,2021-05-17
Transit Trailer,51LF4X5T NB TRI V2016 <LOG EASTERN>,2.0,0.0,0.0,2021-05-17
Transit Trailer,51LF4X5T V2018 <LOG EASTERN>,2.0,0.0,0.0,2021-05-17
Transit Trailer,48LF4X5T V2018 <LOG EASTERN>,2.0,0.0,0.0,2021-05-17
Transit Trailer,48LF3X5T V2018 <LOG EASTERN>,2.0,0.0,0.0,2021-05-17
Transit Trailer,48LD3X5T V2018 <LOG EASTERN>,2.0,0.0,0.0,2021-05-17
Transit Trailer,46LF4X NL <LOG EASTERN>,2.0,0.0,0.0,2021-05-17
Transit Trailer,52LD4X5T <LOG EASTERN>,2.0,0.0,0.0,2021-05-17
Transit Trailer,48LF3X5T NB V2018 <LOG EASTERN>,2.0,0.0,0.0,2021-05-17
Transit Trailer,51LD4X5T V2018 <LOG EASTERN>,2.0,0.0,0.0,2021-05-17
Transit Trailer,51LD4X5T ON <LOG EASTERN>,2.0,0.0,0.0,2021-05-17
Transit Trailer,25LPT2X <LOG EASTERN>,2.0,0.0,0.0,2021-05-17
Transit Trailer,46LF3X4T V2018 <LOG EASTERN>,2.0,0.0,0.0,2021-05-17
Transit Trailer,25LPT3X <LOG EASTERN>,2.0,0.0,0.0,2021-05-17
Transit Trailer,46LD3X4T V2018 <LOG EASTERN>,2.0,0.0,0.0,2021-05-17
Transit Trailer,46LD4X NL <LOG EASTERN>,2.0,0.0,0.0,2021-05-17
Transit Trailer,52LF4X5T <LOG EASTERN>,2.0,0.0,0.0,2021-05-17
Transit Trailer,48LD4X4T NB V2017 <LOG EASTERN>,2.0,0.0,0.0,2021-05-17
Transit Trailer,48LD4X5T ON <LOG EASTERN>,2.0,0.0,0.0,2021-05-17
Transit Trailer,48LD4X5T V2018 <LOG EASTERN>,2.0,0.0,0.0,2021-05-17
Transit Trailer,30LBT2X ON <LOG EASTERN>,2.0,0.0,0.0,2021-05-17
Transit Trailer,51LD5X5T ON V2017 <LOG EASTERN>,2.0,0.0,0.0,2021-05-17
Transit Trailer,46LD3X4T US <LOG US>,2.0,0.0,0.0,2021-05-17
Transit Trailer,48LD3X5T US <LOG US>,2.0,0.0,0.0,2021-05-17
Transit Trailer,46LD2X4T US <LOG US>,2.0,0.0,0.0,2021-05-17
Transit Trailer,46LD3X4T USAE <LOG US>,2.0,0.0,0.0,2021-05-17
Transit Trailer,46LD3X2T US <LOG US>,2.0,0.0,0.0,2021-05-17
Transit Trailer,46LF3X MN <LOG US>,2.0,0.0,0.0,2021-05-17
Transit Trailer,48LD3X5T USAE <LOG US>,2.0,0.0,0.0,2021-05-17
Transit Trailer,51LF4X3T US <LOG US>,2.0,0.0,0.0,2021-05-17
Transit Trailer,46LF3X4T USAE <LOG US>,2.0,0.0,0.0,2021-05-17
Transit Trailer,48LF3X5T USAE <LOG US>,2.0,0.0,0.0,2021-05-17
Transit Trailer,42LD3X4T USAE <LOG US>,2.0,0.0,0.0,2021-05-17
Transit Trailer,46LD3X5T HALE <LOG US>,2.0,0.0,0.0,2021-05-17
Transit Trailer,35ADG2X AGNR <MACHINERY>,2.0,0.0,0.0,2021-05-17
Transit Trailer,35ADG2X AGR <MACHINERY>,2.0,0.0,0.0,2021-05-17
Transit Trailer,35ADG2X NR <MACHINERY>,2.0,0.0,0.0,2021-05-17
Transit Trailer,35ADG2X R <MACHINERY>,2.0,0.0,0.0,2021-05-17
Transit Trailer,35FA <MACHINERY>,2.0,0.0,0.0,2021-05-17
Transit Trailer,40ADG2X NR <MACHINERY>,2.0,0.0,0.0,2021-05-17
Transit Trailer,40ADG3X AGR <MACHINERY>,2.0,0.0,0.0,2021-05-17
Transit Trailer,40ADG3X R <MACHINERY>,2.0,0.0,0.0,2021-05-17
Transit Trailer,35MD2X53 EXT <MACHINERY>,2.0,0.0,0.0,2021-05-17
Transit Trailer,35ADG2X53 AGNR <MACHINERY>,2.0,0.0,0.0,2021-05-17
Transit Trailer,50ADG3X53 NR <MACHINERY>,2.0,0.0,0.0,2021-05-17
Transit Trailer,30ADG2X51 AGLP <MACHINERY>,2.0,0.0,0.0,2021-05-17
Transit Trailer,40ADG3X53 NR <MACHINERY>,2.0,0.0,0.0,2021-05-17
Transit Trailer,40ADG3X53 AGNR <MACHINERY>,2.0,0.0,0.0,2021-05-17
Transit Trailer,35ADG3X53 AGNR <MACHINERY>,2.0,0.0,0.0,2021-05-17
Transit Trailer,35ADG2X37 AGNR <MACHINERY>,2.0,0.0,0.0,2021-05-17
Transit Trailer,35MD2X EXT <MACHINERY>,2.0,0.0,0.0,2021-05-17
Transit Trailer,30ADG2X51 LP <MACHINERY>,2.0,0.0,0.0,2021-05-17
Transit Trailer,35ADG2X53 AGC <MACHINERY>,2.0,0.0,0.0,2021-05-17
Transit Trailer,20PAG2X <MACHINERY>,2.0,0.0,0.0,2021-05-17
Transit Trailer,35ADG2X51 AGC <MACHINERY>,2.0,0.0,0.0,2021-05-17
Transit Trailer,35ADG2X53 AGCO <MACHINERY>,2.0,0.0,0.0,2021-05-17
Transit Trailer,35ADG2X48 AGULP <MACHINERY>,2.0,0.0,0.0,2021-05-17
Transit Trailer,35MD2X48 <MACHINERY>,2.0,0.0,0.0,2021-05-17
Transit Trailer,35MD2X53 <MACHINERY>,2.0,0.0,0.0,2021-05-17
Transit Trailer,35MD2X BT <MACHINERY>,2.0,0.0,0.0,2021-05-17
Transit Trailer,35DD2X BT <MACHINERY>,2.0,0.0,0.0,2021-05-17
Transit Trailer,35MD2X48 P <MACHINERY>,2.0,0.0,0.0,2021-05-17
Transit Trailer,45MD3X EXT <MACHINERY>,2.0,0.0,0.0,2021-05-17
Transit Trailer,35HDG2X53 <MACHINERY>,2.0,0.0,0.0,2021-05-17
Transit Trailer,35ADG2X51 AGLP <MACHINERY>,2.0,0.0,0.0,2021-05-17
Transit Trailer,35ADG2X51 AGNR <MACHINERY>,2.0,0.0,0.0,2021-05-17
Transit Trailer,35ADG2X53 AGS <MACHINERY>,2.0,0.0,0.0,2021-05-17
Transit Trailer,30ADG2X53 AGLP <MACHINERY>,2.0,0.0,0.0,2021-05-17
Transit Trailer,40ADG3X53 AGLP <MACHINERY>,2.0,0.0,0.0,2021-05-17
Transit Trailer,35ADG2X51 LP <MACHINERY>,2.0,0.0,0.0,2021-05-17
Transit Trailer,35MD2X48 AGULP <MACHINERY>,2.0,0.0,0.0,2021-05-17
Transit Trailer,40SN3X <OILFIELD>,2.0,0.0,0.0,2021-05-17
Transit Trailer,40SN3X SB <OILFIELD>,2.0,0.0,0.0,2021-05-17
Transit Trailer,55LB3X LND <OILFIELD>,2.0,0.0,0.0,2021-05-17
Transit Trailer,40SN3X M <OILFIELD>,2.0,0.0,0.0,2021-05-17
Transit Trailer,60SN3X <OILFIELD>,2.0,0.0,0.0,2021-05-17
Transit Trailer,50SN3X 2018 <OILFIELD>,2.0,0.0,0.0,2021-05-17
Transit Trailer,50SN3X <OILFIELD>,2.0,0.0,0.0,2021-05-17
Transit Trailer,55LB3X SND <OILFIELD>,2.0,0.0,0.0,2021-05-17
Transit Trailer,55LB3X LNF <OILFIELD>,2.0,0.0,0.0,2021-05-17
Transit Trailer,51OF3X <OILFIELD>,2.0,0.0,0.0,2021-05-17
Transit Trailer,2510 <SNOW & ICE CONTROL>,2.0,0.0,0.0,2021-05-17
Transit Trailer,2513 <SNOW & ICE CONTROL>,2.0,0.0,0.0,2021-05-17
Transit Trailer,2514 <SNOW & ICE CONTROL>,2.0,0.0,0.0,2021-05-17
Transit Trailer,2311NB <SNOW & ICE CONTROL>,2.0,0.0,0.0,2021-05-17
Transit Trailer,1155 <SNOW & ICE CONTROL>,2.0,0.0,0.0,2021-05-17
Transit Trailer,2514 DC <SNOW & ICE CONTROL>,2.0,0.0,0.0,2021-05-17
Transit Trailer,TC1X <SNOW & ICE CONTROL>,2.0,0.0,0.0,2021-05-17
Transit Trailer,1040G <SNOW & ICE CONTROL>,2.0,0.0,0.0,2021-05-17
Transit Trailer,3434 PMB <SNOW & ICE CONTROL>,2.0,0.0,0.0,2021-05-17
Transit Trailer,2311 <SNOW & ICE CONTROL>,2.0,0.0,0.0,2021-05-17
Transit Trailer,2313 <SNOW & ICE CONTROL>,2.0,0.0,0.0,2021-05-17
Transit Trailer,SICD2X NT <SNOW & ICE CONTROL>,2.0,0.0,0.0,2021-05-17
Transit Trailer,SICP1X NT <SNOW & ICE CONTROL>,2.0,0.0,0.0,2021-05-17
Transit Trailer,1030G <SNOW & ICE CONTROL>,2.0,0.0,0.0,2021-05-17
Transit Trailer,1050G <SNOW & ICE CONTROL>,2.0,0.0,0.0,2021-05-17
Transit Trailer,2049 <SNOW & ICE CONTROL>,2.0,0.0,0.0,2021-05-17
Transit Trailer,SICP2X NT <SNOW & ICE CONTROL>,2.0,0.0,0.0,2021-05-17
Transit Trailer,2514 SNC <SNOW & ICE CONTROL>,2.0,0.0,0.0,2021-05-17
Transit Trailer,2047 <SNOW & ICE CONTROL>,2.0,0.0,0.0,2021-05-17
Transit Trailer,SPUD KIT 4300 <SNOW & ICE CONTROL>,2.0,0.0,0.0,2021-05-17
Transit Trailer,2513 DC <SNOW & ICE CONTROL>,2.0,0.0,0.0,2021-05-17
Transit Trailer,2313NB <SNOW & ICE CONTROL>,2.0,0.0,0.0,2021-05-17
Transit Trailer,2314NB <SNOW & ICE CONTROL>,2.0,0.0,0.0,2021-05-17
Transit Trailer,TC2X <SNOW & ICE CONTROL>,2.0,0.0,0.0,2021-05-17
Transit Trailer,3920-94 PMP <SNOW & ICE CONTROL>,2.0,0.0,0.0,2021-05-17
Transit Trailer,Installation <SNOW & ICE CONTROL>,2.0,0.0,0.0,2021-05-17
Transit Trailer,2310NB <SNOW & ICE CONTROL>,2.0,0.0,0.0,2021-05-17
Transit Trailer,TEMP <SNOW & ICE CONTROL>,2.0,0.0,0.0,2021-05-17
Transit Trailer,2020 <SNOW & ICE CONTROL>,2.0,0.0,0.0,2021-05-17
Transit Trailer,20ANR <TAGS>,2.0,0.0,0.0,2021-05-17
Transit Trailer,15BWS2X <TAGS>,2.0,0.0,0.0,2021-05-17
Transit Trailer,20BWS3X <TAGS>,2.0,0.0,0.0,2021-05-17
Transit Trailer,20FDNT <TAGS>,2.0,0.0,0.0,2021-05-17
Transit Trailer,20PLS2X <TAGS>,2.0,0.0,0.0,2021-05-17
Transit Trailer,30NTT <TAGS>,2.0,0.0,0.0,2021-05-17
Transit Trailer,30FDNT <TAGS>,2.0,0.0,0.0,2021-05-17
Transit Trailer,15BWS2X G <TAGS>,2.0,0.0,0.0,2021-05-17
Transit Trailer,20NTTS <TAGS>,2.0,0.0,0.0,2021-05-17
Transit Trailer,40EPT1X <TAGS>,2.0,0.0,0.0,2021-05-17
Transit Trailer,30 ANR MINE <TAGS>,2.0,0.0,0.0,2021-05-17
Transit Trailer,20PT2X <TAGS>,2.0,0.0,0.0,2021-05-17
Transit Trailer,WTT2X <TAGS>,2.0,0.0,0.0,2021-05-17
Transit Trailer,25PT3X <TAGS>,2.0,0.0,0.0,2021-05-17
Transit Trailer,20ART <TAGS>,2.0,0.0,0.0,2021-05-17
Transit Trailer,20MTT <TAGS>,2.0,0.0,0.0,2021-05-17
Transit Trailer,20NTT <TAGS>,2.0,0.0,0.0,2021-05-17
Transit Trailer,25ANR <TAGS>,2.0,0.0,0.0,2021-05-17
Transit Trailer,25ART <TAGS>,2.0,0.0,0.0,2021-05-17
Transit Trailer,25NTT <TAGS>,2.0,0.0,0.0,2021-05-17
Transit Trailer,20FDNT ECO <TAGS>,2.0,0.0,0.0,2021-05-17
Transit Trailer,25FDNT <TAGS>,2.0,0.0,0.0,2021-05-17
Transit Trailer,25FDNT ECO <TAGS>,2.0,0.0,0.0,2021-05-17
Transit Trailer,20BWS2X <TAGS>,2.0,0.0,0.0,2021-05-17
Transit Trailer,25BWS3X <TAGS>,2.0,0.0,0.0,2021-05-17
Transit Trailer,30ANR <TAGS>,2.0,0.0,0.0,2021-05-17
Transit Trailer,30ART <TAGS>,2.0,0.0,0.0,2021-05-17
Transit Trailer,53ET2XP <PAVING & RECOVERY>,2.0,0.0,0.0,2021-05-17
Transit Trailer,53ET3XP <PAVING & RECOVERY>,2.0,0.0,0.0,2021-05-17
Transit Trailer,53ET4XP <PAVING & RECOVERY>,2.0,0.0,0.0,2021-05-17
Transit Trailer,48ET2XP <PAVING & RECOVERY>,2.0,0.0,0.0,2021-05-17
Transit Trailer,48ET3XP <PAVING & RECOVERY>,2.0,0.0,0.0,2021-05-17
Transit Trailer,60HDGSB <HYDRAULICS>,2.0,0.0,0.0,2021-05-17
Transit Trailer,55FA <HYDRAULICS>,2.0,0.0,0.0,2021-05-17
Transit Trailer,55HDG4X SB <HYDRAULICS>,2.0,0.0,0.0,2021-05-17
Transit Trailer,40HDG4X SB P <HYDRAULICS>,2.0,0.0,0.0,2021-05-17
Transit Trailer,55HDG3X BTHH <HYDRAULICS>,2.0,0.0,0.0,2021-05-17
Transit Trailer,55HDG3X SBHH <HYDRAULICS>,2.0,0.0,0.0,2021-05-17
Transit Trailer,60HDG4X SB <HYDRAULICS>,2.0,0.0,0.0,2021-05-17
Transit Trailer,35HDG2X Mini <HYDRAULICS>,2.0,0.0,0.0,2021-05-17
Transit Trailer,50HDG3X AG <HYDRAULICS>,2.0,0.0,0.0,2021-05-17
Transit Trailer,55HDG3X E <HYDRAULICS>,2.0,0.0,0.0,2021-05-17
Transit Trailer,50FA AGRI <HYDRAULICS>,2.0,0.0,0.0,2021-05-17
Transit Trailer,55FA LH <HYDRAULICS>,2.0,0.0,0.0,2021-05-17
Transit Trailer,51HDG3X SB <HYDRAULICS>,2.0,0.0,0.0,2021-05-17
Transit Trailer,55HDG3X SB <HYDRAULICS>,2.0,0.0,0.0,2021-05-17
Transit Trailer,35HDG2X53 AGC <HYDRAULICS>,2.0,0.0,0.0,2021-05-17
Transit Trailer,35HDG2X53 AGNR <HYDRAULICS>,2.0,0.0,0.0,2021-05-17
Transit Trailer,55HDG3X BTHH AG <HYDRAULICS>,2.0,0.0,0.0,2021-05-17
Transit Trailer,55HDG3X SBHH AG <HYDRAULICS>,2.0,0.0,0.0,2021-05-17
Transit Trailer,60HDG3X HB_temp1 <HYDRAULICS>,2.0,0.0,0.0,2021-05-17
Transit Trailer,55HDG3X <HYDRAULICS>,2.0,0.0,0.0,2021-05-17
Transit Trailer,55HDG3X H <HYDRAULICS>,2.0,0.0,0.0,2021-05-17
Transit Trailer,55FA  B <HYDRAULICS>,2.0,0.0,0.0,2021-05-17
Transit Trailer,55HDG3X Q1 <HYDRAULICS>,2.0,0.0,0.0,2021-05-17
Transit Trailer,55HDG3X US <HYDRAULICS>,2.0,0.0,0.0,2021-05-17
Transit Trailer,DECK - Bellemar <HYDRAULICS>,2.0,0.0,0.0,2021-05-17
Transit Trailer,35HDG2X NR <HYDRAULICS>,2.0,0.0,0.0,2021-05-17
Transit Trailer,40HDG3X AG <HYDRAULICS>,2.0,0.0,0.0,2021-05-17
Transit Trailer,25HDG2X Mini <HYDRAULICS>,2.0,0.0,0.0,2021-05-17
Transit Trailer,55HDG3X HS <HYDRAULICS>,2.0,0.0,0.0,2021-05-17
Transit Trailer,GNK - Bellemare <HYDRAULICS>,2.0,0.0,0.0,2021-05-17
Transit Trailer,40HDG3X53 AG <HYDRAULICS>,2.0,0.0,0.0,2021-05-17
Transit Trailer,35HDG2X48 AGULP <HYDRAULICS>,2.0,0.0,0.0,2021-05-17
Transit Trailer,70HDG4X SB <HYDRAULICS>,2.0,0.0,0.0,2021-05-17
Transit Trailer,51LF3X3T SK <LOG WESTERN>,2.0,0.0,0.0,2021-05-17
Transit Trailer,37LBT2X W <LOG WESTERN>,2.0,0.0,0.0,2021-05-17
Transit Trailer,53LD3X3T BC <LOG WESTERN>,2.0,0.0,0.0,2021-05-17
Transit Trailer,50LF4X3T HD <LOG WESTERN>,2.0,0.0,0.0,2021-05-17
Transit Trailer,39LBT2X W <LOG WESTERN>,2.0,0.0,0.0,2021-05-17
Transit Trailer,39LBT3X W <LOG WESTERN>,2.0,0.0,0.0,2021-05-17
Transit Trailer,51LF3X3T AB V2016 <LOG WESTERN>,2.0,0.0,0.0,2021-05-17
Transit Trailer,50LF3X3T HD <LOG WESTERN>,2.0,0.0,0.0,2021-05-17
Transit Trailer,51LF4X3T AB V2015 <LOG WESTERN>,2.0,0.0,0.0,2021-05-17
Transit Trailer,53LD3X3T BCHD <LOG WESTERN>,2.0,0.0,0.0,2021-05-17
Transit Trailer,30LBT2X W <LOG WESTERN>,2.0,0.0,0.0,2021-05-17
Transit Trailer,51LF3X3T PEAK <LOG WESTERN>,2.0,0.0,0.0,2021-05-17
Transit Trailer,37LBT3X PEAK <LOG WESTERN>,2.0,0.0,0.0,2021-05-17
Transit Trailer,37LBT3X W <LOG WESTERN>,2.0,0.0,0.0,2021-05-17
Transit Trailer,27LBT2X W <LOG WESTERN>,2.0,0.0,0.0,2021-05-17
Transit Trailer,51LF3X3T SK V2016 <LOG WESTERN>,2.0,0.0,0.0,2021-05-17
Transit Trailer,40LD3X <LOG WESTERN>,2.0,0.0,0.0,2021-05-17
Transit Trailer,27LD2X <LOG WESTERN>,2.0,0.0,0.0,2021-05-17
Transit Trailer,28LBT2X PEAK <LOG WESTERN>,2.0,0.0,0.0,2021-05-17
Transit Trailer,50LF3X3T AB <LOG WESTERN>,2.0,0.0,0.0,2021-05-17
Transit Trailer,50LF3X3T SK <LOG WESTERN>,2.0,0.0,0.0,2021-05-17
Transit Trailer,46LD3X2T BC <LOG WESTERN>,2.0,0.0,0.0,2021-05-17
Transit Trailer,51HD3X CON <HIGHWAY>,2.0,0.0,0.0,2021-05-17
Transit Trailer,32HBT3X <HIGHWAY>,2.0,0.0,0.0,2021-05-17
Transit Trailer,48HDD2X Custom V1 <HIGHWAY>,2.0,0.0,0.0,2021-05-17
Transit Trailer,28HBT2XHD <HIGHWAY>,2.0,0.0,0.0,2021-05-17
Transit Trailer,32HBT3XHD <HIGHWAY>,2.0,0.0,0.0,2021-05-17
Transit Trailer,53HD3X <HIGHWAY>,2.0,0.0,0.0,2021-05-17
Transit Trailer,53HF3X <HIGHWAY>,2.0,0.0,0.0,2021-05-17
Transit Trailer,48HD3X <HIGHWAY>,2.0,0.0,0.0,2021-05-17
Transit Trailer,53HDD2X <HIGHWAY>,2.0,0.0,0.0,2021-05-17
Transit Trailer,53OHD3X <HIGHWAY>,2.0,0.0,0.0,2021-05-17
Transit Trailer,53HF4X <HIGHWAY>,2.0,0.0,0.0,2021-05-17
Transit Trailer,53HF4X - Super Single <HIGHWAY>,2.0,0.0,0.0,2021-05-17
Transit Trailer,48HD2X <HIGHWAY>,2.0,0.0,0.0,2021-05-17
Transit Trailer,53HF3XEXT <HIGHWAY>,2.0,0.0,0.0,2021-05-17
Transit Trailer,29HD3X Rail <HIGHWAY>,2.0,0.0,0.0,2021-05-17
Transit Trailer,42HD2X HD <HIGHWAY>,2.0,0.0,0.0,2021-05-17
Transit Trailer,48HD2X PEAT <HIGHWAY>,2.0,0.0,0.0,2021-05-17
Transit Trailer,39BT2X SCRAP <HIGHWAY>,2.0,0.0,0.0,2021-05-17
Transit Trailer,20BT3X SCRAP <HIGHWAY>,2.0,0.0,0.0,2021-05-17
Transit Trailer,53HD4X <HIGHWAY>,2.0,0.0,0.0,2021-05-17
Transit Trailer,32HBT3X 2018 <HIGHWAY>,2.0,0.0,0.0,2021-05-17
Transit Trailer,53HD3X 2018 <HIGHWAY>,2.0,0.0,0.0,2021-05-17
Transit Trailer,48HF4X <HIGHWAY>,2.0,0.0,0.0,2021-05-17
Transit Trailer,53HD2X EXT_temp1 <HIGHWAY>,2.0,0.0,0.0,2021-05-17
Transit Trailer,40HD3XB <HIGHWAY>,2.0,0.0,0.0,2021-05-17
Transit Trailer,45HD2X <HIGHWAY>,2.0,0.0,0.0,2021-05-17
Transit Trailer,48HDD2X EXT <HIGHWAY>,2.0,0.0,0.0,2021-05-17
Transit Trailer,FA <HIGHWAY>,2.0,0.0,0.0,2021-05-17
Transit Trailer,48HDD2X <HIGHWAY>,2.0,0.0,0.0,2021-05-17
Transit Trailer,53HD2X Crane <HIGHWAY>,2.0,0.0,0.0,2021-05-17
Transit Trailer,48HDD2X Custom <HIGHWAY>,2.0,0.0,0.0,2021-05-17
Transit Trailer,48HF2X <HIGHWAY>,2.0,0.0,0.0,2021-05-17
Transit Trailer,48HF3X <HIGHWAY>,2.0,0.0,0.0,2021-05-17
Transit Trailer,48HD2X SPECIAL <HIGHWAY>,2.0,0.0,0.0,2021-05-17
Transit Trailer,42HF2X <HIGHWAY>,2.0,0.0,0.0,2021-05-17
Transit Trailer,53HDD3X <HIGHWAY>,2.0,0.0,0.0,2021-05-17
Transit Trailer,28HBT2X 2018 <HIGHWAY>,2.0,0.0,0.0,2021-05-17
Transit Trailer,46HDD2X Custom <HIGHWAY>,2.0,0.0,0.0,2021-05-17
Transit Trailer,42HF3X HD <HIGHWAY>,2.0,0.0,0.0,2021-05-17
Transit Trailer,35HD2X <HIGHWAY>,2.0,0.0,0.0,2021-05-17
Transit Trailer,42HD3X 2018 <HIGHWAY>,2.0,0.0,0.0,2021-05-17
Transit Trailer,53HD2X <HIGHWAY>,2.0,0.0,0.0,2021-05-17
Transit Trailer,48HD5X <HIGHWAY>,2.0,0.0,0.0,2021-05-17
Transit Trailer,53HD3X 2018 LDECK <HIGHWAY>,2.0,0.0,0.0,2021-05-17
Transit Trailer,53HF3X 2018 <HIGHWAY>,2.0,0.0,0.0,2021-05-17
Transit Trailer,53HD2X EXT <HIGHWAY>,2.0,0.0,0.0,2021-05-17
Transit Trailer,48HDD3X <HIGHWAY>,2.0,0.0,0.0,2021-05-17
Transit Trailer,53HD2X EXT H <HIGHWAY>,2.0,0.0,0.0,2021-05-17
Transit Trailer,40HD2X Penske CUSTOM <HIGHWAY>,2.0,0.0,0.0,2021-05-17
Transit Trailer,53HD3X EXT <HIGHWAY>,2.0,0.0,0.0,2021-05-17
Transit Trailer,42HD3X HD <HIGHWAY>,2.0,0.0,0.0,2021-05-17
Transit Trailer,28HBT2X <HIGHWAY>,2.0,0.0,0.0,2021-05-17
Transit Trailer,37DT3X <DUMP>,2.0,0.0,0.0,2021-05-17
Transit Trailer,27DT2X <DUMP>,2.0,0.0,0.0,2021-05-17
Transit Trailer,27PD2X <DUMP>,2.0,0.0,0.0,2021-05-17
Transit Trailer,28DPT3X <DUMP>,2.0,0.0,0.0,2021-05-17
Transit Trailer,SPECIAL <DUMP>,2.0,0.0,0.0,2021-05-17
Transit Trailer,26DT2X <DUMP>,2.0,0.0,0.0,2021-05-17
Transit Trailer,32DT3X <DUMP>,2.0,0.0,0.0,2021-05-17
Transit Trailer,28DPT2X <DUMP>,2.0,0.0,0.0,2021-05-17
Transit Trailer,38ALB3XS <DUMP>,2.0,0.0,0.0,2021-05-17
Transit Trailer,36ALB2X <DUMP>,2.0,0.0,0.0,2021-05-17
Transit Trailer,32DT3X V2018 <DUMP>,2.0,0.0,0.0,2021-05-17
Transit Trailer,41ALB3X <DUMP>,2.0,0.0,0.0,2021-05-17
Transit Trailer,27DT2X V2018 <DUMP>,2.0,0.0,0.0,2021-05-17
Transit Trailer,53EWF4X <DUMP>,2.0,0.0,0.0,2021-05-17
Transit Trailer,SFUB2X <DUMP>,2.0,0.0,0.0,2021-05-17
Transit Trailer,37DT2X <DUMP>,2.0,0.0,0.0,2021-05-17
Transit Trailer,27DT2XU <DUMP>,2.0,0.0,0.0,2021-05-17
Transit Trailer,37DT4X FF <DUMP>,2.0,0.0,0.0,2021-05-17
Transit Trailer,48ALB4X <DUMP>,2.0,0.0,0.0,2021-05-17
Transit Trailer,39ALB3X <DUMP>,2.0,0.0,0.0,2021-05-17
Transit Trailer,37DT2X HV <DUMP>,2.0,0.0,0.0,2021-05-17
Transit Trailer,27DT2X HV <DUMP>,2.0,0.0,0.0,2021-05-17
Transit Trailer,40JD2X WL <JEEP DOLLY>,2.0,0.0,0.0,2021-05-17
Transit Trailer,40JD2X OF <JEEP DOLLY>,2.0,0.0,0.0,2021-05-17
Transit Trailer,20JD1X HP <JEEP DOLLY>,2.0,0.0,0.0,2021-05-17
Transit Trailer,20JD1X LP <JEEP DOLLY>,2.0,0.0,0.0,2021-05-17
Transit Trailer,40JD2X HG <JEEP DOLLY>,2.0,0.0,0.0,2021-05-17
Transit Trailer,60JD3X HG <JEEP DOLLY>,2.0,0.0,0.0,2021-05-17
Transit Trailer,JD2+1X <JEEP DOLLY>,2.0,0.0,0.0,2021-05-17
Transit Trailer,JD2X <JEEP DOLLY>,2.0,0.0,0.0,2021-05-17
Transit Trailer,25VT2V DCI <CONTAINER CHASSIS>,2.0,0.0,0.0,2021-05-17
Transit Trailer,40VT2V Mexico <CONTAINER CHASSIS>,2.0,0.0,0.0,2021-05-17
Transit Trailer,51VT4V DCI <CONTAINER CHASSIS>,2.0,0.0,0.0,2021-05-17
Transit Trailer,53VT2V DCI <CONTAINER CHASSIS>,2.0,0.0,0.0,2021-05-17
Transit Trailer,53VT2V Penske <CONTAINER CHASSIS>,2.0,0.0,0.0,2021-05-17
Transit Trailer,53VT3V DCI <CONTAINER CHASSIS>,2.0,0.0,0.0,2021-05-17
Transit Trailer,38GT1X <CONTAINER CHASSIS>,2.0,0.0,0.0,2021-05-17
Transit Trailer,48GT2X <CONTAINER CHASSIS>,2.0,0.0,0.0,2021-05-17
Transit Trailer,51VT2V DCI <CONTAINER CHASSIS>,2.0,0.0,0.0,2021-05-17
Transit Trailer,12GT1X <CONTAINER CHASSIS>,2.0,0.0,0.0,2021-05-17
Transit Trailer,26VT1V Mexico <CONTAINER CHASSIS>,2.0,0.0,0.0,2021-05-17
Transit Trailer,42VT2V Mexico <CONTAINER CHASSIS>,2.0,0.0,0.0,2021-05-17
Transit Trailer,30DT3X-CHASSIS <CONTAINER CHASSIS>,2.0,0.0,0.0,2021-05-17
Transit Trailer,53VT2V FL CA <CONTAINER CHASSIS>,2.0,0.0,0.0,2021-05-17
Transit Trailer,53VT2V FL CA-97 <CONTAINER CHASSIS>,2.0,0.0,0.0,2021-05-17
Transit Trailer,53VT2V FL US-97 <CONTAINER CHASSIS>,2.0,0.0,0.0,2021-05-17
Transit Trailer,53VT2V JB HUNT <CONTAINER CHASSIS>,2.0,0.0,0.0,2021-05-17
Transit Trailer,33VT2V DCI Tag <CONTAINER CHASSIS>,2.0,0.0,0.0,2021-05-17
Transit Trailer,40CC2X <CONTAINER CHASSIS>,2.0,0.0,0.0,2021-05-17
Transit Trailer,53VT3X DCI V2021 <CONTAINER CHASSIS>,2.0,0.0,0.0,2021-05-17
Transit Trailer,53VT3V PENSKE <CONTAINER CHASSIS>,2.0,0.0,0.0,2021-05-17
Transit Trailer,53VT2V Frito Lay <CONTAINER CHASSIS>,2.0,0.0,0.0,2021-05-17
Transit Trailer,53VT2V FL US <CONTAINER CHASSIS>,2.0,0.0,0.0,2021-05-17
Transit Trailer,40GT1X <CONTAINER CHASSIS>,2.0,0.0,0.0,2021-05-17
Transit Trailer,20VT1V Mexico <CONTAINER CHASSIS>,2.0,0.0,0.0,2021-05-17
Transit Trailer,53VT2V CAL <CONTAINER CHASSIS>,2.0,0.0,0.0,2021-05-17
Transit Trailer,38GT2X <CONTAINER CHASSIS>,2.0,0.0,0.0,2021-05-17
Transit Trailer,51GT2X <CONTAINER CHASSIS>,2.0,0.0,0.0,2021-05-17
Transit Trailer,47GT2X <CONTAINER CHASSIS>,2.0,0.0,0.0,2021-05-17
Transit Trailer,10GT1X <CONTAINER CHASSIS>,2.0,0.0,0.0,2021-05-17
Transit Trailer,34VT1V Hostler <CONTAINER CHASSIS>,2.0,0.0,0.0,2021-05-17
Transit Trailer,53VT2V DCI LD <CONTAINER CHASSIS>,2.0,0.0,0.0,2021-05-17
Transit Trailer,53VT2V FL CA-53 <CONTAINER CHASSIS>,2.0,0.0,0.0,2021-05-17
Transit Trailer,10GT2X <CONTAINER CHASSIS>,2.0,0.0,0.0,2021-05-17
Transit Trailer,12GT2X <CONTAINER CHASSIS>,2.0,0.0,0.0,2021-05-17
Transit Trailer,42DD3X <NUCLEAR>,2.0,0.0,0.0,2021-05-17
Transit Trailer,42DD3X WCS <NUCLEAR>,2.0,0.0,0.0,2021-05-17
Transit Trailer,42DD2X <NUCLEAR>,2.0,0.0,0.0,2021-05-17
Transit Trailer,46DD4X WCS <NUCLEAR>,2.0,0.0,0.0,2021-05-17
Transit Trailer,40NS2 US <NUCLEAR>,2.0,0.0,0.0,2021-05-17
Transit Trailer,44DD2X <NUCLEAR>,2.0,0.0,0.0,2021-05-17
Transit Trailer,49DD3X HD <NUCLEAR>,2.0,0.0,0.0,2021-05-17
Transit Trailer,50DD4X <NUCLEAR>,2.0,0.0,0.0,2021-05-17
Transit Trailer,51DD3X HD <NUCLEAR>,2.0,0.0,0.0,2021-05-17
Transit Trailer,50DD3X <NUCLEAR>,2.0,0.0,0.0,2021-05-17
Transit Trailer,53DD4X <NUCLEAR>,2.0,0.0,0.0,2021-05-17
Transit Trailer,47DD3X <NUCLEAR>,2.0,0.0,0.0,2021-05-17
Transit Trailer,45DD3X <NUCLEAR>,2.0,0.0,0.0,2021-05-17
Transit Trailer,53ET3X MR WEST <EQUIPMENT>,2.0,0.0,0.0,2021-05-17
Transit Trailer,48ET3X MR <EQUIPMENT>,2.0,0.0,0.0,2021-05-17
Transit Trailer,42ET2X <EQUIPMENT>,2.0,0.0,0.0,2021-05-17
Transit Trailer,48ET2X <EQUIPMENT>,2.0,0.0,0.0,2021-05-17
Transit Trailer,53ET2X <EQUIPMENT>,2.0,0.0,0.0,2021-05-17
Transit Trailer,53ET4X MR <EQUIPMENT>,2.0,0.0,0.0,2021-05-17
Transit Trailer,53ET3X MR EAST <EQUIPMENT>,2.0,0.0,0.0,2021-05-17
Transit Trailer,53ET4X <EQUIPMENT>,2.0,0.0,0.0,2021-05-17
Transit Trailer,42ET3X <EQUIPMENT>,2.0,0.0,0.0,2021-05-17
Transit Trailer,48ET3X <EQUIPMENT>,2.0,0.0,0.0,2021-05-17
Transit Trailer,53ET3X <EQUIPMENT>,2.0,0.0,0.0,2021-05-17
Transit Trailer,360 <SCREENER>,2.0,0.0,0.0,2021-05-17
Transit Trailer,14CR1X <CABLE REEL>,2.0,0.0,0.0,2021-05-17
Transit Trailer,11CD1X <CONVERTERS/BOOSTERS>,2.0,0.0,0.0,2021-05-17
Transit Trailer,11SB1X SB <CONVERTERS/BOOSTERS>,2.0,0.0,0.0,2021-05-17
Transit Trailer,11SB1X <CONVERTERS/BOOSTERS>,2.0,0.0,0.0,2021-05-17
Transit Trailer,22CD2X <CONVERTERS/BOOSTERS>,2.0,0.0,0.0,2021-05-17
Transit Trailer,11SB2X SB <CONVERTERS/BOOSTERS>,2.0,0.0,0.0,2021-05-17
Transit Trailer,LP14 <AGRICULTURE>,2.0,0.0,0.0,2021-05-17
Transit Trailer,LP18 <AGRICULTURE>,2.0,0.0,0.0,2021-05-17
Transit Trailer,20PC2X <CHASSIS>,2.0,0.0,0.0,2021-05-17
Transit Trailer,40CC3X <CHASSIS>,2.0,0.0,0.0,2021-05-17
Transit Trailer,40CC3X53EXT <CHASSIS>,2.0,0.0,0.0,2021-05-17
Transit Trailer,30CC2X <CHASSIS>,2.0,0.0,0.0,2021-05-17
Transit Trailer,12CC2X <CHASSIS>,2.0,0.0,0.0,2021-05-17
Transit Trailer,22CC2X <CHASSIS>,2.0,0.0,0.0,2021-05-17
Transit Trailer,42CC3X <CHASSIS>,2.0,0.0,0.0,2021-05-17
Transit Trailer,20CC2X <CHASSIS>,2.0,0.0,0.0,2021-05-17
Transit Trailer,20CC3X <CHASSIS>,2.0,0.0,0.0,2021-05-17
Transit Trailer,Pony 3X17 <CHASSIS>,2.0,0.0,0.0,2021-05-17
Transit Trailer,44CC3X <CHASSIS>,2.0,0.0,0.0,2021-05-17
Transit Trailer,27BC2X <CHASSIS>,2.0,0.0,0.0,2021-05-17
Transit Trailer,45BC3X <CHASSIS>,2.0,0.0,0.0,2021-05-17
Transit Trailer,30PC3X <CHASSIS>,2.0,0.0,0.0,2021-05-17
Transit Trailer,PY-FR454-WR3X <STARGATE>,2.0,0.0,0.0,2021-05-17
Transit Trailer,48LB4X A <STARGATE>,2.0,0.0,0.0,2021-05-17
Transit Trailer,TB48 <STARGATE>,2.0,0.0,0.0,2021-05-17
Transit Trailer,Dump SF3X <STARGATE>,2.0,0.0,0.0,2021-05-17
Transit Trailer,30SB <STARGATE>,2.0,0.0,0.0,2021-05-17
Transit Trailer,B-Train Pull Dump_temp1 <STARGATE>,2.0,0.0,0.0,2021-05-17
Transit Trailer,CD2X <STARGATE>,2.0,0.0,0.0,2021-05-17
Transit Trailer,24SB <STARGATE>,2.0,0.0,0.0,2021-05-17
Transit Trailer,UBF2X <STARGATE>,2.0,0.0,0.0,2021-05-17
Transit Trailer,38LB3X A <STARGATE>,2.0,0.0,0.0,2021-05-17
Transit Trailer,28LB2X A <STARGATE>,2.0,0.0,0.0,2021-05-17
Transit Trailer,CD1X <STARGATE>,2.0,0.0,0.0,2021-05-17
Transit Trailer,Dump SF2X <STARGATE>,2.0,0.0,0.0,2021-05-17
Transit Trailer,Steel End Dump 2X <STARGATE>,2.0,0.0,0.0,2021-05-17
Transit Trailer,17PDB <STARGATE>,2.0,0.0,0.0,2021-05-17
Transit Trailer,Dump SF4X <STARGATE>,2.0,0.0,0.0,2021-05-17
Transit Trailer,Dump 36SF3X <STARGATE>,2.0,0.0,0.0,2021-05-17
Transit Trailer,Pony Dump 3X17 <STARGATE>,2.0,0.0,0.0,2021-05-17
Transit Trailer,19SB <STARGATE>,2.0,0.0,0.0,2021-05-17
Transit Trailer,End Dump - temp1 <STARGATE>,2.0,0.0,0.0,2021-05-17
Transit Trailer,B-Train Dump_temp1 <STARGATE>,2.0,0.0,0.0,2021-05-17
Transit Trailer,Pony Chassis <STARGATE>,2.0,0.0,0.0,2021-05-17
Transit Trailer,End Dump 4X <END DUMPS>,2.0,0.0,0.0,2021-05-17
Transit Trailer,Frameless Alum. U Body 2X <END DUMPS>,2.0,0.0,0.0,2021-05-17
Transit Trailer,Frameless Alum. U Body 3X <END DUMPS>,2.0,0.0,0.0,2021-05-17
Transit Trailer,50HF5X <HIGHWAY>,2.0,3.5000000000000004,0.0,2021-05-17
Hale Trailer,53ET3X MR WEST <EQUIPMENT>,1.0,6.0,400.0,2021-05-17
Hale Trailer,48ET3X MR <EQUIPMENT>,1.0,6.0,400.0,2021-05-17
Hale Trailer,42ET2X <EQUIPMENT>,1.0,6.0,400.0,2021-05-17
Hale Trailer,48ET2X <EQUIPMENT>,1.0,6.0,400.0,2021-05-17
Hale Trailer,53ET2X <EQUIPMENT>,1.0,6.0,400.0,2021-05-17
Hale Trailer,53ET4X MR <EQUIPMENT>,1.0,6.0,400.0,2021-05-17
Hale Trailer,53ET3X MR EAST <EQUIPMENT>,1.0,6.0,400.0,2021-05-17
Hale Trailer,53ET4X <EQUIPMENT>,1.0,6.0,400.0,2021-05-17
Hale Trailer,42ET3X <EQUIPMENT>,1.0,6.0,400.0,2021-05-17
Hale Trailer,48ET3X <EQUIPMENT>,1.0,6.0,400.0,2021-05-17
Hale Trailer,53ET3X <EQUIPMENT>,1.0,6.0,400.0,2021-05-17
Hale Trailer,53ET2XP <PAVING & RECOVERY>,1.0,6.0,400.0,2021-05-17
Hale Trailer,53ET3XP <PAVING & RECOVERY>,1.0,6.0,400.0,2021-05-17
Hale Trailer,53ET4XP <PAVING & RECOVERY>,1.0,6.0,400.0,2021-05-17
Hale Trailer,48ET2XP <PAVING & RECOVERY>,1.0,6.0,400.0,2021-05-17
Hale Trailer,48ET3XP <PAVING & RECOVERY>,1.0,6.0,400.0,2021-05-17
Hale Trailer,35ADG2X AGNR <MACHINERY>,1.0,3.0,400.0,2021-05-17
Hale Trailer,35ADG2X AGR <MACHINERY>,1.0,3.0,400.0,2021-05-17
Hale Trailer,35ADG2X NR <MACHINERY>,1.0,3.0,400.0,2021-05-17
Hale Trailer,35ADG2X R <MACHINERY>,1.0,3.0,400.0,2021-05-17
Hale Trailer,40ADG2X NR <MACHINERY>,1.0,3.0,400.0,2021-05-17
Hale Trailer,40ADG3X AGR <MACHINERY>,1.0,3.0,400.0,2021-05-17
Hale Trailer,40ADG3X R <MACHINERY>,1.0,3.0,400.0,2021-05-17
Hale Trailer,35ADG2X53 AGNR <MACHINERY>,1.0,3.0,400.0,2021-05-17
Hale Trailer,50ADG3X53 NR <MACHINERY>,1.0,3.0,400.0,2021-05-17
Hale Trailer,30ADG2X51 AGLP <MACHINERY>,1.0,3.0,400.0,2021-05-17
Hale Trailer,40ADG3X53 NR <MACHINERY>,1.0,3.0,400.0,2021-05-17
Hale Trailer,40ADG3X53 AGNR <MACHINERY>,1.0,3.0,400.0,2021-05-17
Hale Trailer,35ADG3X53 AGNR <MACHINERY>,1.0,3.0,400.0,2021-05-17
Hale Trailer,35ADG2X37 AGNR <MACHINERY>,1.0,3.0,400.0,2021-05-17
Hale Trailer,30ADG2X51 LP <MACHINERY>,1.0,3.0,400.0,2021-05-17
Hale Trailer,35ADG2X53 AGC <MACHINERY>,1.0,3.0,400.0,2021-05-17
Hale Trailer,35ADG2X51 AGC <MACHINERY>,1.0,3.0,400.0,2021-05-17
Hale Trailer,35ADG2X53 AGCO <MACHINERY>,1.0,3.0,400.0,2021-05-17
Hale Trailer,35ADG2X48 AGULP <MACHINERY>,1.0,3.0,400.0,2021-05-17
Hale Trailer,35ADG2X51 AGNR <MACHINERY>,1.0,3.0,400.0,2021-05-17
Hale Trailer,35ADG2X53 AGS <MACHINERY>,1.0,3.0,400.0,2021-05-17
Hale Trailer,30ADG2X53 AGLP <MACHINERY>,1.0,3.0,400.0,2021-05-17
Hale Trailer,40ADG3X53 AGLP <MACHINERY>,1.0,3.0,400.0,2021-05-17
Hale Trailer,35ADG2X51 LP <MACHINERY>,1.0,3.0,400.0,2021-05-17
Hale Trailer,20NTT <TAGS>,1.0,11.5,400.0,2021-05-17
Hale Trailer,25NTT <TAGS>,1.0,13.0,400.0,2021-05-17
Hale Trailer,30NTT <TAGS>,1.0,13.0,400.0,2021-05-17
Hale Trailer,20ART <TAGS>,1.0,6.0,400.0,2021-05-17
Hale Trailer,25ART <TAGS>,1.0,9.0,400.0,2021-05-17
Hale Trailer,30ART <TAGS>,1.0,9.0,400.0,2021-05-17
Hale Trailer,20ANR <TAGS>,1.0,8.0,400.0,2021-05-17
Hale Trailer,25ANR <TAGS>,1.0,11.0,400.0,2021-05-17
Hale Trailer,30ANR <TAGS>,1.0,11.0,400.0,2021-05-17
S & S,46LF3X4T NS <LOG EASTERN>,0.0,0.0,0.0,2021-05-17
S & S,46LF3X4T NL <LOG EASTERN>,0.0,0.0,0.0,2021-05-17
S & S,46LD4X4T NS <LOG EASTERN>,0.0,0.0,0.0,2021-05-17
S & S,39LBT3X NS <LOG EASTERN>,0.0,0.0,0.0,2021-05-17
S & S,28LBT2X NS <LOG EASTERN>,0.0,0.0,0.0,2021-05-17
S & S,42LD3X NL <LOG EASTERN>,0.0,0.0,0.0,2021-05-17
S & S,27LBT2X NL <LOG EASTERN>,0.0,0.0,0.0,2021-05-17
S & S,37LBT3X NL <LOG EASTERN>,0.0,0.0,0.0,2021-05-17
S & S,46LD3X4TLW NS <LOG EASTERN>,0.0,0.0,0.0,2021-05-17
S & S,18LPT3X <LOG EASTERN>,0.0,0.0,0.0,2021-05-17
S & S,48LF4X NL <LOG EASTERN>,0.0,0.0,0.0,2021-05-17
S & S,51LD5X5T ON <LOG EASTERN>,0.0,0.0,0.0,2021-05-17
S & S,25LPT3X JDI <LOG EASTERN>,0.0,0.0,0.0,2021-05-17
S & S,53LD3X5T JDIHD <LOG EASTERN>,0.0,0.0,0.0,2021-05-17
S & S,48LD4X4T V2018 <LOG EASTERN>,0.0,0.0,0.0,2021-05-17
S & S,46LF3X4T NS V2017 <LOG EASTERN>,0.0,0.0,0.0,2021-05-17
S & S,48LF3X5T NB V2016 <LOG EASTERN>,0.0,0.0,0.0,2021-05-17
S & S,51LF3X5T NB V2016 <LOG EASTERN>,0.0,0.0,0.0,2021-05-17
S & S,48LF3X NL <LOG EASTERN>,0.0,0.0,0.0,2021-05-17
S & S,39LBT3X ON <LOG EASTERN>,0.0,0.0,0.0,2021-05-17
S & S,51LF4X5T NB TRI V2016 <LOG EASTERN>,0.0,0.0,0.0,2021-05-17
S & S,51LF4X5T V2018 <LOG EASTERN>,0.0,0.0,0.0,2021-05-17
S & S,48LF4X5T V2018 <LOG EASTERN>,0.0,0.0,0.0,2021-05-17
S & S,48LF3X5T V2018 <LOG EASTERN>,0.0,0.0,0.0,2021-05-17
S & S,48LD3X5T V2018 <LOG EASTERN>,0.0,0.0,0.0,2021-05-17
S & S,46LF4X NL <LOG EASTERN>,0.0,0.0,0.0,2021-05-17
S & S,52LD4X5T <LOG EASTERN>,0.0,0.0,0.0,2021-05-17
S & S,48LF3X5T NB V2018 <LOG EASTERN>,0.0,0.0,0.0,2021-05-17
S & S,51LD4X5T V2018 <LOG EASTERN>,0.0,0.0,0.0,2021-05-17
S & S,51LD4X5T ON <LOG EASTERN>,0.0,0.0,0.0,2021-05-17
S & S,25LPT2X <LOG EASTERN>,0.0,0.0,0.0,2021-05-17
S & S,46LF3X4T V2018 <LOG EASTERN>,0.0,0.0,0.0,2021-05-17
S & S,25LPT3X <LOG EASTERN>,0.0,0.0,0.0,2021-05-17
S & S,46LD3X4T V2018 <LOG EASTERN>,0.0,0.0,0.0,2021-05-17
S & S,46LD4X NL <LOG EASTERN>,0.0,0.0,0.0,2021-05-17
S & S,52LF4X5T <LOG EASTERN>,0.0,0.0,0.0,2021-05-17
S & S,48LD4X4T NB V2017 <LOG EASTERN>,0.0,0.0,0.0,2021-05-17
S & S,48LD4X5T ON <LOG EASTERN>,0.0,0.0,0.0,2021-05-17
S & S,48LD4X5T V2018 <LOG EASTERN>,0.0,0.0,0.0,2021-05-17
S & S,30LBT2X ON <LOG EASTERN>,0.0,0.0,0.0,2021-05-17
S & S,51LD5X5T ON V2017 <LOG EASTERN>,0.0,0.0,0.0,2021-05-17
S & S,46LD3X4T US <LOG US>,0.0,0.0,0.0,2021-05-17
S & S,48LD3X5T US <LOG US>,0.0,0.0,0.0,2021-05-17
S & S,46LD2X4T US <LOG US>,0.0,0.0,0.0,2021-05-17
S & S,46LD3X4T USAE <LOG US>,0.0,0.0,0.0,2021-05-17
S & S,46LD3X2T US <LOG US>,0.0,0.0,0.0,2021-05-17
S & S,46LF3X MN <LOG US>,0.0,0.0,0.0,2021-05-17
S & S,48LD3X5T USAE <LOG US>,0.0,0.0,0.0,2021-05-17
S & S,51LF4X3T US <LOG US>,0.0,0.0,0.0,2021-05-17
S & S,46LF3X4T USAE <LOG US>,0.0,0.0,0.0,2021-05-17
S & S,48LF3X5T USAE <LOG US>,0.0,0.0,0.0,2021-05-17
S & S,42LD3X4T USAE <LOG US>,0.0,0.0,0.0,2021-05-17
S & S,46LD3X5T HALE <LOG US>,0.0,0.0,0.0,2021-05-17
S & S,35ADG2X AGNR <MACHINERY>,0.0,0.0,0.0,2021-05-17
S & S,35ADG2X AGR <MACHINERY>,0.0,0.0,0.0,2021-05-17
S & S,35ADG2X NR <MACHINERY>,0.0,0.0,0.0,2021-05-17
S & S,35ADG2X R <MACHINERY>,0.0,0.0,0.0,2021-05-17
S & S,35FA <MACHINERY>,0.0,0.0,0.0,2021-05-17
S & S,40ADG2X NR <MACHINERY>,0.0,0.0,0.0,2021-05-17
S & S,40ADG3X AGR <MACHINERY>,0.0,0.0,0.0,2021-05-17
S & S,40ADG3X R <MACHINERY>,0.0,0.0,0.0,2021-05-17
S & S,35MD2X53 EXT <MACHINERY>,0.0,0.0,0.0,2021-05-17
S & S,35ADG2X53 AGNR <MACHINERY>,0.0,0.0,0.0,2021-05-17
S & S,50ADG3X53 NR <MACHINERY>,0.0,0.0,0.0,2021-05-17
S & S,30ADG2X51 AGLP <MACHINERY>,0.0,0.0,0.0,2021-05-17
S & S,40ADG3X53 NR <MACHINERY>,0.0,0.0,0.0,2021-05-17
S & S,40ADG3X53 AGNR <MACHINERY>,0.0,0.0,0.0,2021-05-17
S & S,35ADG3X53 AGNR <MACHINERY>,0.0,0.0,0.0,2021-05-17
S & S,35ADG2X37 AGNR <MACHINERY>,0.0,0.0,0.0,2021-05-17
S & S,35MD2X EXT <MACHINERY>,0.0,0.0,0.0,2021-05-17
S & S,30ADG2X51 LP <MACHINERY>,0.0,0.0,0.0,2021-05-17
S & S,35ADG2X53 AGC <MACHINERY>,0.0,0.0,0.0,2021-05-17
S & S,20PAG2X <MACHINERY>,0.0,0.0,0.0,2021-05-17
S & S,35ADG2X51 AGC <MACHINERY>,0.0,0.0,0.0,2021-05-17
S & S,35ADG2X53 AGCO <MACHINERY>,0.0,0.0,0.0,2021-05-17
S & S,35ADG2X48 AGULP <MACHINERY>,0.0,0.0,0.0,2021-05-17
S & S,35MD2X48 <MACHINERY>,0.0,0.0,0.0,2021-05-17
S & S,35MD2X53 <MACHINERY>,0.0,0.0,0.0,2021-05-17
S & S,35MD2X BT <MACHINERY>,0.0,0.0,0.0,2021-05-17
S & S,35DD2X BT <MACHINERY>,0.0,0.0,0.0,2021-05-17
S & S,35MD2X48 P <MACHINERY>,0.0,0.0,0.0,2021-05-17
S & S,45MD3X EXT <MACHINERY>,0.0,0.0,0.0,2021-05-17
S & S,35HDG2X53 <MACHINERY>,0.0,0.0,0.0,2021-05-17
S & S,35ADG2X51 AGLP <MACHINERY>,0.0,0.0,0.0,2021-05-17
S & S,35ADG2X51 AGNR <MACHINERY>,0.0,0.0,0.0,2021-05-17
S & S,35ADG2X53 AGS <MACHINERY>,0.0,0.0,0.0,2021-05-17
S & S,30ADG2X53 AGLP <MACHINERY>,0.0,0.0,0.0,2021-05-17
S & S,40ADG3X53 AGLP <MACHINERY>,0.0,0.0,0.0,2021-05-17
S & S,35ADG2X51 LP <MACHINERY>,0.0,0.0,0.0,2021-05-17
S & S,35MD2X48 AGULP <MACHINERY>,0.0,0.0,0.0,2021-05-17
S & S,40SN3X <OILFIELD>,0.0,0.0,0.0,2021-05-17
S & S,40SN3X SB <OILFIELD>,0.0,0.0,0.0,2021-05-17
S & S,55LB3X LND <OILFIELD>,0.0,0.0,0.0,2021-05-17
S & S,40SN3X M <OILFIELD>,0.0,0.0,0.0,2021-05-17
S & S,60SN3X <OILFIELD>,0.0,0.0,0.0,2021-05-17
S & S,50SN3X 2018 <OILFIELD>,0.0,0.0,0.0,2021-05-17
S & S,50SN3X <OILFIELD>,0.0,0.0,0.0,2021-05-17
S & S,55LB3X SND <OILFIELD>,0.0,0.0,0.0,2021-05-17
S & S,55LB3X LNF <OILFIELD>,0.0,0.0,0.0,2021-05-17
S & S,51OF3X <OILFIELD>,0.0,0.0,0.0,2021-05-17
S & S,2510 <SNOW & ICE CONTROL>,0.0,0.0,0.0,2021-05-17
S & S,2513 <SNOW & ICE CONTROL>,0.0,0.0,0.0,2021-05-17
S & S,2514 <SNOW & ICE CONTROL>,0.0,0.0,0.0,2021-05-17
S & S,2311NB <SNOW & ICE CONTROL>,0.0,0.0,0.0,2021-05-17
S & S,1155 <SNOW & ICE CONTROL>,0.0,0.0,0.0,2021-05-17
S & S,2514 DC <SNOW & ICE CONTROL>,0.0,0.0,0.0,2021-05-17
S & S,TC1X <SNOW & ICE CONTROL>,0.0,0.0,0.0,2021-05-17
S & S,1040G <SNOW & ICE CONTROL>,0.0,0.0,0.0,2021-05-17
S & S,3434 PMB <SNOW & ICE CONTROL>,0.0,0.0,0.0,2021-05-17
S & S,2311 <SNOW & ICE CONTROL>,0.0,0.0,0.0,2021-05-17
S & S,2313 <SNOW & ICE CONTROL>,0.0,0.0,0.0,2021-05-17
S & S,SICD2X NT <SNOW & ICE CONTROL>,0.0,0.0,0.0,2021-05-17
S & S,SICP1X NT <SNOW & ICE CONTROL>,0.0,0.0,0.0,2021-05-17
S & S,1030G <SNOW & ICE CONTROL>,0.0,0.0,0.0,2021-05-17
S & S,1050G <SNOW & ICE CONTROL>,0.0,0.0,0.0,2021-05-17
S & S,2049 <SNOW & ICE CONTROL>,0.0,0.0,0.0,2021-05-17
S & S,SICP2X NT <SNOW & ICE CONTROL>,0.0,0.0,0.0,2021-05-17
S & S,2514 SNC <SNOW & ICE CONTROL>,0.0,0.0,0.0,2021-05-17
S & S,2047 <SNOW & ICE CONTROL>,0.0,0.0,0.0,2021-05-17
S & S,SPUD KIT 4300 <SNOW & ICE CONTROL>,0.0,0.0,0.0,2021-05-17
S & S,2513 DC <SNOW & ICE CONTROL>,0.0,0.0,0.0,2021-05-17
S & S,2313NB <SNOW & ICE CONTROL>,0.0,0.0,0.0,2021-05-17
S & S,2314NB <SNOW & ICE CONTROL>,0.0,0.0,0.0,2021-05-17
S & S,TC2X <SNOW & ICE CONTROL>,0.0,0.0,0.0,2021-05-17
S & S,3920-94 PMP <SNOW & ICE CONTROL>,0.0,0.0,0.0,2021-05-17
S & S,Installation <SNOW & ICE CONTROL>,0.0,0.0,0.0,2021-05-17
S & S,2310NB <SNOW & ICE CONTROL>,0.0,0.0,0.0,2021-05-17
S & S,TEMP <SNOW & ICE CONTROL>,0.0,0.0,0.0,2021-05-17
S & S,2020 <SNOW & ICE CONTROL>,0.0,0.0,0.0,2021-05-17
S & S,20ANR <TAGS>,0.0,0.0,0.0,2021-05-17
S & S,15BWS2X <TAGS>,0.0,0.0,0.0,2021-05-17
S & S,20BWS3X <TAGS>,0.0,0.0,0.0,2021-05-17
S & S,20FDNT <TAGS>,0.0,0.0,0.0,2021-05-17
S & S,20PLS2X <TAGS>,0.0,0.0,0.0,2021-05-17
S & S,30NTT <TAGS>,0.0,0.0,0.0,2021-05-17
S & S,30FDNT <TAGS>,0.0,0.0,0.0,2021-05-17
S & S,15BWS2X G <TAGS>,0.0,0.0,0.0,2021-05-17
S & S,20NTTS <TAGS>,0.0,0.0,0.0,2021-05-17
S & S,40EPT1X <TAGS>,0.0,0.0,0.0,2021-05-17
S & S,30 ANR MINE <TAGS>,0.0,0.0,0.0,2021-05-17
S & S,20PT2X <TAGS>,0.0,0.0,0.0,2021-05-17
S & S,WTT2X <TAGS>,0.0,0.0,0.0,2021-05-17
S & S,25PT3X <TAGS>,0.0,0.0,0.0,2021-05-17
S & S,20ART <TAGS>,0.0,0.0,0.0,2021-05-17
S & S,20MTT <TAGS>,0.0,0.0,0.0,2021-05-17
S & S,20NTT <TAGS>,0.0,0.0,0.0,2021-05-17
S & S,25ANR <TAGS>,0.0,0.0,0.0,2021-05-17
S & S,25ART <TAGS>,0.0,0.0,0.0,2021-05-17
S & S,25NTT <TAGS>,0.0,0.0,0.0,2021-05-17
S & S,20FDNT ECO <TAGS>,0.0,0.0,0.0,2021-05-17
S & S,25FDNT <TAGS>,0.0,0.0,0.0,2021-05-17
S & S,25FDNT ECO <TAGS>,0.0,0.0,0.0,2021-05-17
S & S,20BWS2X <TAGS>,0.0,0.0,0.0,2021-05-17
S & S,25BWS3X <TAGS>,0.0,0.0,0.0,2021-05-17
S & S,30ANR <TAGS>,0.0,0.0,0.0,2021-05-17
S & S,30ART <TAGS>,0.0,0.0,0.0,2021-05-17
S & S,53ET2XP <PAVING & RECOVERY>,0.0,0.0,0.0,2021-05-17
S & S,53ET3XP <PAVING & RECOVERY>,0.0,0.0,0.0,2021-05-17
S & S,53ET4XP <PAVING & RECOVERY>,0.0,0.0,0.0,2021-05-17
S & S,48ET2XP <PAVING & RECOVERY>,0.0,0.0,0.0,2021-05-17
S & S,48ET3XP <PAVING & RECOVERY>,0.0,0.0,0.0,2021-05-17
S & S,60HDGSB <HYDRAULICS>,0.0,0.0,0.0,2021-05-17
S & S,55FA <HYDRAULICS>,0.0,0.0,0.0,2021-05-17
S & S,55HDG4X SB <HYDRAULICS>,0.0,0.0,0.0,2021-05-17
S & S,40HDG4X SB P <HYDRAULICS>,0.0,0.0,0.0,2021-05-17
S & S,55HDG3X BTHH <HYDRAULICS>,0.0,0.0,0.0,2021-05-17
S & S,55HDG3X SBHH <HYDRAULICS>,0.0,0.0,0.0,2021-05-17
S & S,60HDG4X SB <HYDRAULICS>,0.0,0.0,0.0,2021-05-17
S & S,35HDG2X Mini <HYDRAULICS>,0.0,0.0,0.0,2021-05-17
S & S,50HDG3X AG <HYDRAULICS>,0.0,0.0,0.0,2021-05-17
S & S,55HDG3X E <HYDRAULICS>,0.0,0.0,0.0,2021-05-17
S & S,50FA AGRI <HYDRAULICS>,0.0,0.0,0.0,2021-05-17
S & S,55FA LH <HYDRAULICS>,0.0,0.0,0.0,2021-05-17
S & S,51HDG3X SB <HYDRAULICS>,0.0,0.0,0.0,2021-05-17
S & S,55HDG3X SB <HYDRAULICS>,0.0,0.0,0.0,2021-05-17
S & S,35HDG2X53 AGC <HYDRAULICS>,0.0,0.0,0.0,2021-05-17
S & S,35HDG2X53 AGNR <HYDRAULICS>,0.0,0.0,0.0,2021-05-17
S & S,55HDG3X BTHH AG <HYDRAULICS>,0.0,0.0,0.0,2021-05-17
S & S,55HDG3X SBHH AG <HYDRAULICS>,0.0,0.0,0.0,2021-05-17
S & S,60HDG3X HB_temp1 <HYDRAULICS>,0.0,0.0,0.0,2021-05-17
S & S,55HDG3X <HYDRAULICS>,0.0,0.0,0.0,2021-05-17
S & S,55HDG3X H <HYDRAULICS>,0.0,0.0,0.0,2021-05-17
S & S,55FA  B <HYDRAULICS>,0.0,0.0,0.0,2021-05-17
S & S,55HDG3X Q1 <HYDRAULICS>,0.0,0.0,0.0,2021-05-17
S & S,55HDG3X US <HYDRAULICS>,0.0,0.0,0.0,2021-05-17
S & S,DECK - Bellemar <HYDRAULICS>,0.0,0.0,0.0,2021-05-17
S & S,35HDG2X NR <HYDRAULICS>,0.0,0.0,0.0,2021-05-17
S & S,40HDG3X AG <HYDRAULICS>,0.0,0.0,0.0,2021-05-17
S & S,25HDG2X Mini <HYDRAULICS>,0.0,0.0,0.0,2021-05-17
S & S,55HDG3X HS <HYDRAULICS>,0.0,0.0,0.0,2021-05-17
S & S,GNK - Bellemare <HYDRAULICS>,0.0,0.0,0.0,2021-05-17
S & S,40HDG3X53 AG <HYDRAULICS>,0.0,0.0,0.0,2021-05-17
S & S,35HDG2X48 AGULP <HYDRAULICS>,0.0,0.0,0.0,2021-05-17
S & S,70HDG4X SB <HYDRAULICS>,0.0,0.0,0.0,2021-05-17
S & S,51LF3X3T SK <LOG WESTERN>,0.0,0.0,0.0,2021-05-17
S & S,37LBT2X W <LOG WESTERN>,0.0,0.0,0.0,2021-05-17
S & S,53LD3X3T BC <LOG WESTERN>,0.0,0.0,0.0,2021-05-17
S & S,50LF4X3T HD <LOG WESTERN>,0.0,0.0,0.0,2021-05-17
S & S,39LBT2X W <LOG WESTERN>,0.0,0.0,0.0,2021-05-17
S & S,39LBT3X W <LOG WESTERN>,0.0,0.0,0.0,2021-05-17
S & S,51LF3X3T AB V2016 <LOG WESTERN>,0.0,0.0,0.0,2021-05-17
S & S,50LF3X3T HD <LOG WESTERN>,0.0,0.0,0.0,2021-05-17
S & S,51LF4X3T AB V2015 <LOG WESTERN>,0.0,0.0,0.0,2021-05-17
S & S,53LD3X3T BCHD <LOG WESTERN>,0.0,0.0,0.0,2021-05-17
S & S,30LBT2X W <LOG WESTERN>,0.0,0.0,0.0,2021-05-17
S & S,51LF3X3T PEAK <LOG WESTERN>,0.0,0.0,0.0,2021-05-17
S & S,37LBT3X PEAK <LOG WESTERN>,0.0,0.0,0.0,2021-05-17
S & S,37LBT3X W <LOG WESTERN>,0.0,0.0,0.0,2021-05-17
S & S,27LBT2X W <LOG WESTERN>,0.0,0.0,0.0,2021-05-17
S & S,51LF3X3T SK V2016 <LOG WESTERN>,0.0,0.0,0.0,2021-05-17
S & S,40LD3X <LOG WESTERN>,0.0,0.0,0.0,2021-05-17
S & S,27LD2X <LOG WESTERN>,0.0,0.0,0.0,2021-05-17
S & S,28LBT2X PEAK <LOG WESTERN>,0.0,0.0,0.0,2021-05-17
S & S,50LF3X3T AB <LOG WESTERN>,0.0,0.0,0.0,2021-05-17
S & S,50LF3X3T SK <LOG WESTERN>,0.0,0.0,0.0,2021-05-17
S & S,46LD3X2T BC <LOG WESTERN>,0.0,0.0,0.0,2021-05-17
S & S,51HD3X CON <HIGHWAY>,0.0,0.0,0.0,2021-05-17
S & S,32HBT3X <HIGHWAY>,0.0,0.0,0.0,2021-05-17
S & S,48HDD2X Custom V1 <HIGHWAY>,0.0,0.0,0.0,2021-05-17
S & S,28HBT2XHD <HIGHWAY>,0.0,0.0,0.0,2021-05-17
S & S,32HBT3XHD <HIGHWAY>,0.0,0.0,0.0,2021-05-17
S & S,53HD3X <HIGHWAY>,0.0,0.0,0.0,2021-05-17
S & S,53HF3X <HIGHWAY>,0.0,0.0,0.0,2021-05-17
S & S,48HD3X <HIGHWAY>,0.0,0.0,0.0,2021-05-17
S & S,53HDD2X <HIGHWAY>,0.0,0.0,0.0,2021-05-17
S & S,53OHD3X <HIGHWAY>,0.0,0.0,0.0,2021-05-17
S & S,53HF4X <HIGHWAY>,0.0,0.0,0.0,2021-05-17
S & S,53HF4X - Super Single <HIGHWAY>,0.0,0.0,0.0,2021-05-17
S & S,48HD2X <HIGHWAY>,0.0,0.0,0.0,2021-05-17
S & S,53HF3XEXT <HIGHWAY>,0.0,0.0,0.0,2021-05-17
S & S,29HD3X Rail <HIGHWAY>,0.0,0.0,0.0,2021-05-17
S & S,42HD2X HD <HIGHWAY>,0.0,0.0,0.0,2021-05-17
S & S,48HD2X PEAT <HIGHWAY>,0.0,0.0,0.0,2021-05-17
S & S,39BT2X SCRAP <HIGHWAY>,0.0,0.0,0.0,2021-05-17
S & S,20BT3X SCRAP <HIGHWAY>,0.0,0.0,0.0,2021-05-17
S & S,53HD4X <HIGHWAY>,0.0,0.0,0.0,2021-05-17
S & S,32HBT3X 2018 <HIGHWAY>,0.0,0.0,0.0,2021-05-17
S & S,53HD3X 2018 <HIGHWAY>,0.0,0.0,0.0,2021-05-17
S & S,48HF4X <HIGHWAY>,0.0,0.0,0.0,2021-05-17
S & S,50HF5X <HIGHWAY>,0.0,0.0,0.0,2021-05-17
S & S,53HD2X EXT_temp1 <HIGHWAY>,0.0,0.0,0.0,2021-05-17
S & S,40HD3XB <HIGHWAY>,0.0,0.0,0.0,2021-05-17
S & S,45HD2X <HIGHWAY>,0.0,0.0,0.0,2021-05-17
S & S,48HDD2X EXT <HIGHWAY>,0.0,0.0,0.0,2021-05-17
S & S,FA <HIGHWAY>,0.0,0.0,0.0,2021-05-17
S & S,48HDD2X <HIGHWAY>,0.0,0.0,0.0,2021-05-17
S & S,53HD2X Crane <HIGHWAY>,0.0,0.0,0.0,2021-05-17
S & S,48HDD2X Custom <HIGHWAY>,0.0,0.0,0.0,2021-05-17
S & S,48HF2X <HIGHWAY>,0.0,0.0,0.0,2021-05-17
S & S,48HF3X <HIGHWAY>,0.0,0.0,0.0,2021-05-17
S & S,48HD2X SPECIAL <HIGHWAY>,0.0,0.0,0.0,2021-05-17
S & S,42HF2X <HIGHWAY>,0.0,0.0,0.0,2021-05-17
S & S,53HDD3X <HIGHWAY>,0.0,0.0,0.0,2021-05-17
S & S,28HBT2X 2018 <HIGHWAY>,0.0,0.0,0.0,2021-05-17
S & S,46HDD2X Custom <HIGHWAY>,0.0,0.0,0.0,2021-05-17
S & S,42HF3X HD <HIGHWAY>,0.0,0.0,0.0,2021-05-17
S & S,35HD2X <HIGHWAY>,0.0,0.0,0.0,2021-05-17
S & S,42HD3X 2018 <HIGHWAY>,0.0,0.0,0.0,2021-05-17
S & S,53HD2X <HIGHWAY>,0.0,0.0,0.0,2021-05-17
S & S,48HD5X <HIGHWAY>,0.0,0.0,0.0,2021-05-17
S & S,53HD3X 2018 LDECK <HIGHWAY>,0.0,0.0,0.0,2021-05-17
S & S,53HF3X 2018 <HIGHWAY>,0.0,0.0,0.0,2021-05-17
S & S,53HD2X EXT <HIGHWAY>,0.0,0.0,0.0,2021-05-17
S & S,48HDD3X <HIGHWAY>,0.0,0.0,0.0,2021-05-17
S & S,53HD2X EXT H <HIGHWAY>,0.0,0.0,0.0,2021-05-17
S & S,40HD2X Penske CUSTOM <HIGHWAY>,0.0,0.0,0.0,2021-05-17
S & S,53HD3X EXT <HIGHWAY>,0.0,0.0,0.0,2021-05-17
S & S,42HD3X HD <HIGHWAY>,0.0,0.0,0.0,2021-05-17
S & S,28HBT2X <HIGHWAY>,0.0,0.0,0.0,2021-05-17
S & S,37DT3X <DUMP>,0.0,0.0,0.0,2021-05-17
S & S,27DT2X <DUMP>,0.0,0.0,0.0,2021-05-17
S & S,27PD2X <DUMP>,0.0,0.0,0.0,2021-05-17
S & S,28DPT3X <DUMP>,0.0,0.0,0.0,2021-05-17
S & S,SPECIAL <DUMP>,0.0,0.0,0.0,2021-05-17
S & S,26DT2X <DUMP>,0.0,0.0,0.0,2021-05-17
S & S,32DT3X <DUMP>,0.0,0.0,0.0,2021-05-17
S & S,28DPT2X <DUMP>,0.0,0.0,0.0,2021-05-17
S & S,38ALB3XS <DUMP>,0.0,0.0,0.0,2021-05-17
S & S,36ALB2X <DUMP>,0.0,0.0,0.0,2021-05-17
S & S,32DT3X V2018 <DUMP>,0.0,0.0,0.0,2021-05-17
S & S,41ALB3X <DUMP>,0.0,0.0,0.0,2021-05-17
S & S,27DT2X V2018 <DUMP>,0.0,0.0,0.0,2021-05-17
S & S,53EWF4X <DUMP>,0.0,0.0,0.0,2021-05-17
S & S,SFUB2X <DUMP>,0.0,0.0,0.0,2021-05-17
S & S,37DT2X <DUMP>,0.0,0.0,0.0,2021-05-17
S & S,27DT2XU <DUMP>,0.0,0.0,0.0,2021-05-17
S & S,37DT4X FF <DUMP>,0.0,0.0,0.0,2021-05-17
S & S,48ALB4X <DUMP>,0.0,0.0,0.0,2021-05-17
S & S,39ALB3X <DUMP>,0.0,0.0,0.0,2021-05-17
S & S,37DT2X HV <DUMP>,0.0,0.0,0.0,2021-05-17
S & S,27DT2X HV <DUMP>,0.0,0.0,0.0,2021-05-17
S & S,40JD2X WL <JEEP DOLLY>,0.0,0.0,0.0,2021-05-17
S & S,40JD2X OF <JEEP DOLLY>,0.0,0.0,0.0,2021-05-17
S & S,20JD1X HP <JEEP DOLLY>,0.0,0.0,0.0,2021-05-17
S & S,20JD1X LP <JEEP DOLLY>,0.0,0.0,0.0,2021-05-17
S & S,40JD2X HG <JEEP DOLLY>,0.0,0.0,0.0,2021-05-17
S & S,60JD3X HG <JEEP DOLLY>,0.0,0.0,0.0,2021-05-17
S & S,JD2+1X <JEEP DOLLY>,0.0,0.0,0.0,2021-05-17
S & S,JD2X <JEEP DOLLY>,0.0,0.0,0.0,2021-05-17
S & S,25VT2V DCI <CONTAINER CHASSIS>,0.0,0.0,0.0,2021-05-17
S & S,40VT2V Mexico <CONTAINER CHASSIS>,0.0,0.0,0.0,2021-05-17
S & S,51VT4V DCI <CONTAINER CHASSIS>,0.0,0.0,0.0,2021-05-17
S & S,53VT2V DCI <CONTAINER CHASSIS>,0.0,0.0,0.0,2021-05-17
S & S,53VT2V Penske <CONTAINER CHASSIS>,0.0,0.0,0.0,2021-05-17
S & S,53VT3V DCI <CONTAINER CHASSIS>,0.0,0.0,0.0,2021-05-17
S & S,38GT1X <CONTAINER CHASSIS>,0.0,0.0,0.0,2021-05-17
S & S,48GT2X <CONTAINER CHASSIS>,0.0,0.0,0.0,2021-05-17
S & S,51VT2V DCI <CONTAINER CHASSIS>,0.0,0.0,0.0,2021-05-17
S & S,12GT1X <CONTAINER CHASSIS>,0.0,0.0,0.0,2021-05-17
S & S,26VT1V Mexico <CONTAINER CHASSIS>,0.0,0.0,0.0,2021-05-17
S & S,42VT2V Mexico <CONTAINER CHASSIS>,0.0,0.0,0.0,2021-05-17
S & S,30DT3X-CHASSIS <CONTAINER CHASSIS>,0.0,0.0,0.0,2021-05-17
S & S,53VT2V FL CA <CONTAINER CHASSIS>,0.0,0.0,0.0,2021-05-17
S & S,53VT2V FL CA-97 <CONTAINER CHASSIS>,0.0,0.0,0.0,2021-05-17
S & S,53VT2V FL US-97 <CONTAINER CHASSIS>,0.0,0.0,0.0,2021-05-17
S & S,53VT2V JB HUNT <CONTAINER CHASSIS>,0.0,0.0,0.0,2021-05-17
S & S,33VT2V DCI Tag <CONTAINER CHASSIS>,0.0,0.0,0.0,2021-05-17
S & S,40CC2X <CONTAINER CHASSIS>,0.0,0.0,0.0,2021-05-17
S & S,53VT3X DCI V2021 <CONTAINER CHASSIS>,0.0,0.0,0.0,2021-05-17
S & S,53VT3V PENSKE <CONTAINER CHASSIS>,0.0,0.0,0.0,2021-05-17
S & S,53VT2V Frito Lay <CONTAINER CHASSIS>,0.0,0.0,0.0,2021-05-17
S & S,53VT2V FL US <CONTAINER CHASSIS>,0.0,0.0,0.0,2021-05-17
S & S,40GT1X <CONTAINER CHASSIS>,0.0,0.0,0.0,2021-05-17
S & S,20VT1V Mexico <CONTAINER CHASSIS>,0.0,0.0,0.0,2021-05-17
S & S,53VT2V CAL <CONTAINER CHASSIS>,0.0,0.0,0.0,2021-05-17
S & S,38GT2X <CONTAINER CHASSIS>,0.0,0.0,0.0,2021-05-17
S & S,51GT2X <CONTAINER CHASSIS>,0.0,0.0,0.0,2021-05-17
S & S,47GT2X <CONTAINER CHASSIS>,0.0,0.0,0.0,2021-05-17
S & S,10GT1X <CONTAINER CHASSIS>,0.0,0.0,0.0,2021-05-17
S & S,34VT1V Hostler <CONTAINER CHASSIS>,0.0,0.0,0.0,2021-05-17
S & S,53VT2V DCI LD <CONTAINER CHASSIS>,0.0,0.0,0.0,2021-05-17
S & S,53VT2V FL CA-53 <CONTAINER CHASSIS>,0.0,0.0,0.0,2021-05-17
S & S,10GT2X <CONTAINER CHASSIS>,0.0,0.0,0.0,2021-05-17
S & S,12GT2X <CONTAINER CHASSIS>,0.0,0.0,0.0,2021-05-17
S & S,42DD3X <NUCLEAR>,0.0,0.0,0.0,2021-05-17
S & S,42DD3X WCS <NUCLEAR>,0.0,0.0,0.0,2021-05-17
S & S,42DD2X <NUCLEAR>,0.0,0.0,0.0,2021-05-17
S & S,46DD4X WCS <NUCLEAR>,0.0,0.0,0.0,2021-05-17
S & S,40NS2 US <NUCLEAR>,0.0,0.0,0.0,2021-05-17
S & S,44DD2X <NUCLEAR>,0.0,0.0,0.0,2021-05-17
S & S,49DD3X HD <NUCLEAR>,0.0,0.0,0.0,2021-05-17
S & S,50DD4X <NUCLEAR>,0.0,0.0,0.0,2021-05-17
S & S,51DD3X HD <NUCLEAR>,0.0,0.0,0.0,2021-05-17
S & S,50DD3X <NUCLEAR>,0.0,0.0,0.0,2021-05-17
S & S,53DD4X <NUCLEAR>,0.0,0.0,0.0,2021-05-17
S & S,47DD3X <NUCLEAR>,0.0,0.0,0.0,2021-05-17
S & S,45DD3X <NUCLEAR>,0.0,0.0,0.0,2021-05-17
S & S,53ET3X MR WEST <EQUIPMENT>,0.0,0.0,0.0,2021-05-17
S & S,48ET3X MR <EQUIPMENT>,0.0,0.0,0.0,2021-05-17
S & S,42ET2X <EQUIPMENT>,0.0,0.0,0.0,2021-05-17
S & S,48ET2X <EQUIPMENT>,0.0,0.0,0.0,2021-05-17
S & S,53ET2X <EQUIPMENT>,0.0,0.0,0.0,2021-05-17
S & S,53ET4X MR <EQUIPMENT>,0.0,0.0,0.0,2021-05-17
S & S,53ET3X MR EAST <EQUIPMENT>,0.0,0.0,0.0,2021-05-17
S & S,53ET4X <EQUIPMENT>,0.0,0.0,0.0,2021-05-17
S & S,42ET3X <EQUIPMENT>,0.0,0.0,0.0,2021-05-17
S & S,48ET3X <EQUIPMENT>,0.0,0.0,0.0,2021-05-17
S & S,53ET3X <EQUIPMENT>,0.0,0.0,0.0,2021-05-17
S & S,360 <SCREENER>,0.0,0.0,0.0,2021-05-17
S & S,14CR1X <CABLE REEL>,0.0,0.0,0.0,2021-05-17
S & S,11CD1X <CONVERTERS/BOOSTERS>,0.0,0.0,0.0,2021-05-17
S & S,11SB1X SB <CONVERTERS/BOOSTERS>,0.0,0.0,0.0,2021-05-17
S & S,11SB1X <CONVERTERS/BOOSTERS>,0.0,0.0,0.0,2021-05-17
S & S,22CD2X <CONVERTERS/BOOSTERS>,0.0,0.0,0.0,2021-05-17
S & S,11SB2X SB <CONVERTERS/BOOSTERS>,0.0,0.0,0.0,2021-05-17
S & S,LP14 <AGRICULTURE>,0.0,0.0,0.0,2021-05-17
S & S,LP18 <AGRICULTURE>,0.0,0.0,0.0,2021-05-17
S & S,20PC2X <CHASSIS>,0.0,0.0,0.0,2021-05-17
S & S,40CC3X <CHASSIS>,0.0,0.0,0.0,2021-05-17
S & S,40CC3X53EXT <CHASSIS>,0.0,0.0,0.0,2021-05-17
S & S,30CC2X <CHASSIS>,0.0,0.0,0.0,2021-05-17
S & S,12CC2X <CHASSIS>,0.0,0.0,0.0,2021-05-17
S & S,22CC2X <CHASSIS>,0.0,0.0,0.0,2021-05-17
S & S,42CC3X <CHASSIS>,0.0,0.0,0.0,2021-05-17
S & S,20CC2X <CHASSIS>,0.0,0.0,0.0,2021-05-17
S & S,20CC3X <CHASSIS>,0.0,0.0,0.0,2021-05-17
S & S,Pony 3X17 <CHASSIS>,0.0,0.0,0.0,2021-05-17
S & S,44CC3X <CHASSIS>,0.0,0.0,0.0,2021-05-17
S & S,27BC2X <CHASSIS>,0.0,0.0,0.0,2021-05-17
S & S,45BC3X <CHASSIS>,0.0,0.0,0.0,2021-05-17
S & S,30PC3X <CHASSIS>,0.0,0.0,0.0,2021-05-17
S & S,PY-FR454-WR3X <STARGATE>,0.0,0.0,0.0,2021-05-17
S & S,48LB4X A <STARGATE>,0.0,0.0,0.0,2021-05-17
S & S,TB48 <STARGATE>,0.0,0.0,0.0,2021-05-17
S & S,Dump SF3X <STARGATE>,0.0,0.0,0.0,2021-05-17
S & S,30SB <STARGATE>,0.0,0.0,0.0,2021-05-17
S & S,B-Train Pull Dump_temp1 <STARGATE>,0.0,0.0,0.0,2021-05-17
S & S,CD2X <STARGATE>,0.0,0.0,0.0,2021-05-17
S & S,24SB <STARGATE>,0.0,0.0,0.0,2021-05-17
S & S,UBF2X <STARGATE>,0.0,0.0,0.0,2021-05-17
S & S,38LB3X A <STARGATE>,0.0,0.0,0.0,2021-05-17
S & S,28LB2X A <STARGATE>,0.0,0.0,0.0,2021-05-17
S & S,CD1X <STARGATE>,0.0,0.0,0.0,2021-05-17
S & S,Dump SF2X <STARGATE>,0.0,0.0,0.0,2021-05-17
S & S,Steel End Dump 2X <STARGATE>,0.0,0.0,0.0,2021-05-17
S & S,17PDB <STARGATE>,0.0,0.0,0.0,2021-05-17
S & S,Dump SF4X <STARGATE>,0.0,0.0,0.0,2021-05-17
S & S,Dump 36SF3X <STARGATE>,0.0,0.0,0.0,2021-05-17
S & S,Pony Dump 3X17 <STARGATE>,0.0,0.0,0.0,2021-05-17
S & S,19SB <STARGATE>,0.0,0.0,0.0,2021-05-17
S & S,End Dump - temp1 <STARGATE>,0.0,0.0,0.0,2021-05-17
S & S,B-Train Dump_temp1 <STARGATE>,0.0,0.0,0.0,2021-05-17
S & S,Pony Chassis <STARGATE>,0.0,0.0,0.0,2021-05-17
S & S,End Dump 4X <END DUMPS>,0.0,0.0,0.0,2021-05-17
S & S,Frameless Alum. U Body 2X <END DUMPS>,0.0,0.0,0.0,2021-05-17
S & S,Frameless Alum. U Body 3X <END DUMPS>,0.0,0.0,0.0,2021-05-17
Willrett,46LF3X4T NS <LOG EASTERN>,0.0,0.0,0.0,2021-05-17
Willrett,46LF3X4T NL <LOG EASTERN>,0.0,0.0,0.0,2021-05-17
Willrett,46LD4X4T NS <LOG EASTERN>,0.0,0.0,0.0,2021-05-17
Willrett,39LBT3X NS <LOG EASTERN>,0.0,0.0,0.0,2021-05-17
Willrett,28LBT2X NS <LOG EASTERN>,0.0,0.0,0.0,2021-05-17
Willrett,42LD3X NL <LOG EASTERN>,0.0,0.0,0.0,2021-05-17
Willrett,27LBT2X NL <LOG EASTERN>,0.0,0.0,0.0,2021-05-17
Willrett,37LBT3X NL <LOG EASTERN>,0.0,0.0,0.0,2021-05-17
Willrett,46LD3X4TLW NS <LOG EASTERN>,0.0,0.0,0.0,2021-05-17
Willrett,18LPT3X <LOG EASTERN>,0.0,0.0,0.0,2021-05-17
Willrett,48LF4X NL <LOG EASTERN>,0.0,0.0,0.0,2021-05-17
Willrett,51LD5X5T ON <LOG EASTERN>,0.0,0.0,0.0,2021-05-17
Willrett,25LPT3X JDI <LOG EASTERN>,0.0,0.0,0.0,2021-05-17
Willrett,53LD3X5T JDIHD <LOG EASTERN>,0.0,0.0,0.0,2021-05-17
Willrett,48LD4X4T V2018 <LOG EASTERN>,0.0,0.0,0.0,2021-05-17
Willrett,46LF3X4T NS V2017 <LOG EASTERN>,0.0,0.0,0.0,2021-05-17
Willrett,48LF3X5T NB V2016 <LOG EASTERN>,0.0,0.0,0.0,2021-05-17
Willrett,51LF3X5T NB V2016 <LOG EASTERN>,0.0,0.0,0.0,2021-05-17
Willrett,48LF3X NL <LOG EASTERN>,0.0,0.0,0.0,2021-05-17
Willrett,39LBT3X ON <LOG EASTERN>,0.0,0.0,0.0,2021-05-17
Willrett,51LF4X5T NB TRI V2016 <LOG EASTERN>,0.0,0.0,0.0,2021-05-17
Willrett,51LF4X5T V2018 <LOG EASTERN>,0.0,0.0,0.0,2021-05-17
Willrett,48LF4X5T V2018 <LOG EASTERN>,0.0,0.0,0.0,2021-05-17
Willrett,48LF3X5T V2018 <LOG EASTERN>,0.0,0.0,0.0,2021-05-17
Willrett,48LD3X5T V2018 <LOG EASTERN>,0.0,0.0,0.0,2021-05-17
Willrett,46LF4X NL <LOG EASTERN>,0.0,0.0,0.0,2021-05-17
Willrett,52LD4X5T <LOG EASTERN>,0.0,0.0,0.0,2021-05-17
Willrett,48LF3X5T NB V2018 <LOG EASTERN>,0.0,0.0,0.0,2021-05-17
Willrett,51LD4X5T V2018 <LOG EASTERN>,0.0,0.0,0.0,2021-05-17
Willrett,51LD4X5T ON <LOG EASTERN>,0.0,0.0,0.0,2021-05-17
Willrett,25LPT2X <LOG EASTERN>,0.0,0.0,0.0,2021-05-17
Willrett,46LF3X4T V2018 <LOG EASTERN>,0.0,0.0,0.0,2021-05-17
Willrett,25LPT3X <LOG EASTERN>,0.0,0.0,0.0,2021-05-17
Willrett,46LD3X4T V2018 <LOG EASTERN>,0.0,0.0,0.0,2021-05-17
Willrett,46LD4X NL <LOG EASTERN>,0.0,0.0,0.0,2021-05-17
Willrett,52LF4X5T <LOG EASTERN>,0.0,0.0,0.0,2021-05-17
Willrett,48LD4X4T NB V2017 <LOG EASTERN>,0.0,0.0,0.0,2021-05-17
Willrett,48LD4X5T ON <LOG EASTERN>,0.0,0.0,0.0,2021-05-17
Willrett,48LD4X5T V2018 <LOG EASTERN>,0.0,0.0,0.0,2021-05-17
Willrett,30LBT2X ON <LOG EASTERN>,0.0,0.0,0.0,2021-05-17
Willrett,51LD5X5T ON V2017 <LOG EASTERN>,0.0,0.0,0.0,2021-05-17
Willrett,46LD3X4T US <LOG US>,0.0,0.0,0.0,2021-05-17
Willrett,48LD3X5T US <LOG US>,0.0,0.0,0.0,2021-05-17
Willrett,46LD2X4T US <LOG US>,0.0,0.0,0.0,2021-05-17
Willrett,46LD3X4T USAE <LOG US>,0.0,0.0,0.0,2021-05-17
Willrett,46LD3X2T US <LOG US>,0.0,0.0,0.0,2021-05-17
Willrett,46LF3X MN <LOG US>,0.0,0.0,0.0,2021-05-17
Willrett,48LD3X5T USAE <LOG US>,0.0,0.0,0.0,2021-05-17
Willrett,51LF4X3T US <LOG US>,0.0,0.0,0.0,2021-05-17
Willrett,46LF3X4T USAE <LOG US>,0.0,0.0,0.0,2021-05-17
Willrett,48LF3X5T USAE <LOG US>,0.0,0.0,0.0,2021-05-17
Willrett,42LD3X4T USAE <LOG US>,0.0,0.0,0.0,2021-05-17
Willrett,46LD3X5T HALE <LOG US>,0.0,0.0,0.0,2021-05-17
Willrett,35ADG2X AGNR <MACHINERY>,0.0,0.0,0.0,2021-05-17
Willrett,35ADG2X AGR <MACHINERY>,0.0,0.0,0.0,2021-05-17
Willrett,35ADG2X NR <MACHINERY>,0.0,0.0,0.0,2021-05-17
Willrett,35ADG2X R <MACHINERY>,0.0,0.0,0.0,2021-05-17
Willrett,35FA <MACHINERY>,0.0,0.0,0.0,2021-05-17
Willrett,40ADG2X NR <MACHINERY>,0.0,0.0,0.0,2021-05-17
Willrett,40ADG3X AGR <MACHINERY>,0.0,0.0,0.0,2021-05-17
Willrett,40ADG3X R <MACHINERY>,0.0,0.0,0.0,2021-05-17
Willrett,35MD2X53 EXT <MACHINERY>,0.0,0.0,0.0,2021-05-17
Willrett,35ADG2X53 AGNR <MACHINERY>,0.0,0.0,0.0,2021-05-17
Willrett,50ADG3X53 NR <MACHINERY>,0.0,0.0,0.0,2021-05-17
Willrett,30ADG2X51 AGLP <MACHINERY>,0.0,0.0,0.0,2021-05-17
Willrett,40ADG3X53 NR <MACHINERY>,0.0,0.0,0.0,2021-05-17
Willrett,40ADG3X53 AGNR <MACHINERY>,0.0,0.0,0.0,2021-05-17
Willrett,35ADG3X53 AGNR <MACHINERY>,0.0,0.0,0.0,2021-05-17
Willrett,35ADG2X37 AGNR <MACHINERY>,0.0,0.0,0.0,2021-05-17
Willrett,35MD2X EXT <MACHINERY>,0.0,0.0,0.0,2021-05-17
Willrett,30ADG2X51 LP <MACHINERY>,0.0,0.0,0.0,2021-05-17
Willrett,35ADG2X53 AGC <MACHINERY>,0.0,0.0,0.0,2021-05-17
Willrett,20PAG2X <MACHINERY>,0.0,0.0,0.0,2021-05-17
Willrett,35ADG2X51 AGC <MACHINERY>,0.0,0.0,0.0,2021-05-17
Willrett,35ADG2X53 AGCO <MACHINERY>,0.0,0.0,0.0,2021-05-17
Willrett,35ADG2X48 AGULP <MACHINERY>,0.0,0.0,0.0,2021-05-17
Willrett,35MD2X48 <MACHINERY>,0.0,0.0,0.0,2021-05-17
Willrett,35MD2X53 <MACHINERY>,0.0,0.0,0.0,2021-05-17
Willrett,35MD2X BT <MACHINERY>,0.0,0.0,0.0,2021-05-17
Willrett,35DD2X BT <MACHINERY>,0.0,0.0,0.0,2021-05-17
Willrett,35MD2X48 P <MACHINERY>,0.0,0.0,0.0,2021-05-17
Willrett,45MD3X EXT <MACHINERY>,0.0,0.0,0.0,2021-05-17
Willrett,35HDG2X53 <MACHINERY>,0.0,0.0,0.0,2021-05-17
Willrett,35ADG2X51 AGLP <MACHINERY>,0.0,0.0,0.0,2021-05-17
Willrett,35ADG2X51 AGNR <MACHINERY>,0.0,0.0,0.0,2021-05-17
Willrett,35ADG2X53 AGS <MACHINERY>,0.0,0.0,0.0,2021-05-17
Willrett,30ADG2X53 AGLP <MACHINERY>,0.0,0.0,0.0,2021-05-17
Willrett,40ADG3X53 AGLP <MACHINERY>,0.0,0.0,0.0,2021-05-17
Willrett,35ADG2X51 LP <MACHINERY>,0.0,0.0,0.0,2021-05-17
Willrett,35MD2X48 AGULP <MACHINERY>,0.0,0.0,0.0,2021-05-17
Willrett,40SN3X <OILFIELD>,0.0,0.0,0.0,2021-05-17
Willrett,40SN3X SB <OILFIELD>,0.0,0.0,0.0,2021-05-17
Willrett,55LB3X LND <OILFIELD>,0.0,0.0,0.0,2021-05-17
Willrett,40SN3X M <OILFIELD>,0.0,0.0,0.0,2021-05-17
Willrett,60SN3X <OILFIELD>,0.0,0.0,0.0,2021-05-17
Willrett,50SN3X 2018 <OILFIELD>,0.0,0.0,0.0,2021-05-17
Willrett,50SN3X <OILFIELD>,0.0,0.0,0.0,2021-05-17
Willrett,55LB3X SND <OILFIELD>,0.0,0.0,0.0,2021-05-17
Willrett,55LB3X LNF <OILFIELD>,0.0,0.0,0.0,2021-05-17
Willrett,51OF3X <OILFIELD>,0.0,0.0,0.0,2021-05-17
Willrett,2510 <SNOW & ICE CONTROL>,0.0,0.0,0.0,2021-05-17
Willrett,2513 <SNOW & ICE CONTROL>,0.0,0.0,0.0,2021-05-17
Willrett,2514 <SNOW & ICE CONTROL>,0.0,0.0,0.0,2021-05-17
Willrett,2311NB <SNOW & ICE CONTROL>,0.0,0.0,0.0,2021-05-17
Willrett,1155 <SNOW & ICE CONTROL>,0.0,0.0,0.0,2021-05-17
Willrett,2514 DC <SNOW & ICE CONTROL>,0.0,0.0,0.0,2021-05-17
Willrett,TC1X <SNOW & ICE CONTROL>,0.0,0.0,0.0,2021-05-17
Willrett,1040G <SNOW & ICE CONTROL>,0.0,0.0,0.0,2021-05-17
Willrett,3434 PMB <SNOW & ICE CONTROL>,0.0,0.0,0.0,2021-05-17
Willrett,2311 <SNOW & ICE CONTROL>,0.0,0.0,0.0,2021-05-17
Willrett,2313 <SNOW & ICE CONTROL>,0.0,0.0,0.0,2021-05-17
Willrett,SICD2X NT <SNOW & ICE CONTROL>,0.0,0.0,0.0,2021-05-17
Willrett,SICP1X NT <SNOW & ICE CONTROL>,0.0,0.0,0.0,2021-05-17
Willrett,1030G <SNOW & ICE CONTROL>,0.0,0.0,0.0,2021-05-17
Willrett,1050G <SNOW & ICE CONTROL>,0.0,0.0,0.0,2021-05-17
Willrett,2049 <SNOW & ICE CONTROL>,0.0,0.0,0.0,2021-05-17
Willrett,SICP2X NT <SNOW & ICE CONTROL>,0.0,0.0,0.0,2021-05-17
Willrett,2514 SNC <SNOW & ICE CONTROL>,0.0,0.0,0.0,2021-05-17
Willrett,2047 <SNOW & ICE CONTROL>,0.0,0.0,0.0,2021-05-17
Willrett,SPUD KIT 4300 <SNOW & ICE CONTROL>,0.0,0.0,0.0,2021-05-17
Willrett,2513 DC <SNOW & ICE CONTROL>,0.0,0.0,0.0,2021-05-17
Willrett,2313NB <SNOW & ICE CONTROL>,0.0,0.0,0.0,2021-05-17
Willrett,2314NB <SNOW & ICE CONTROL>,0.0,0.0,0.0,2021-05-17
Willrett,TC2X <SNOW & ICE CONTROL>,0.0,0.0,0.0,2021-05-17
Willrett,3920-94 PMP <SNOW & ICE CONTROL>,0.0,0.0,0.0,2021-05-17
Willrett,Installation <SNOW & ICE CONTROL>,0.0,0.0,0.0,2021-05-17
Willrett,2310NB <SNOW & ICE CONTROL>,0.0,0.0,0.0,2021-05-17
Willrett,TEMP <SNOW & ICE CONTROL>,0.0,0.0,0.0,2021-05-17
Willrett,2020 <SNOW & ICE CONTROL>,0.0,0.0,0.0,2021-05-17
Willrett,20ANR <TAGS>,0.0,0.0,0.0,2021-05-17
Willrett,15BWS2X <TAGS>,0.0,0.0,0.0,2021-05-17
Willrett,20BWS3X <TAGS>,0.0,0.0,0.0,2021-05-17
Willrett,20FDNT <TAGS>,0.0,0.0,0.0,2021-05-17
Willrett,20PLS2X <TAGS>,0.0,0.0,0.0,2021-05-17
Willrett,30NTT <TAGS>,0.0,0.0,0.0,2021-05-17
Willrett,30FDNT <TAGS>,0.0,0.0,0.0,2021-05-17
Willrett,15BWS2X G <TAGS>,0.0,0.0,0.0,2021-05-17
Willrett,20NTTS <TAGS>,0.0,0.0,0.0,2021-05-17
Willrett,40EPT1X <TAGS>,0.0,0.0,0.0,2021-05-17
Willrett,30 ANR MINE <TAGS>,0.0,0.0,0.0,2021-05-17
Willrett,20PT2X <TAGS>,0.0,0.0,0.0,2021-05-17
Willrett,WTT2X <TAGS>,0.0,0.0,0.0,2021-05-17
Willrett,25PT3X <TAGS>,0.0,0.0,0.0,2021-05-17
Willrett,20ART <TAGS>,0.0,0.0,0.0,2021-05-17
Willrett,20MTT <TAGS>,0.0,0.0,0.0,2021-05-17
Willrett,20NTT <TAGS>,0.0,0.0,0.0,2021-05-17
Willrett,25ANR <TAGS>,0.0,0.0,0.0,2021-05-17
Willrett,25ART <TAGS>,0.0,0.0,0.0,2021-05-17
Willrett,25NTT <TAGS>,0.0,0.0,0.0,2021-05-17
Willrett,20FDNT ECO <TAGS>,0.0,0.0,0.0,2021-05-17
Willrett,25FDNT <TAGS>,0.0,0.0,0.0,2021-05-17
Willrett,25FDNT ECO <TAGS>,0.0,0.0,0.0,2021-05-17
Willrett,20BWS2X <TAGS>,0.0,0.0,0.0,2021-05-17
Willrett,25BWS3X <TAGS>,0.0,0.0,0.0,2021-05-17
Willrett,30ANR <TAGS>,0.0,0.0,0.0,2021-05-17
Willrett,30ART <TAGS>,0.0,0.0,0.0,2021-05-17
Willrett,53ET2XP <PAVING & RECOVERY>,0.0,0.0,0.0,2021-05-17
Willrett,53ET3XP <PAVING & RECOVERY>,0.0,0.0,0.0,2021-05-17
Willrett,53ET4XP <PAVING & RECOVERY>,0.0,0.0,0.0,2021-05-17
Willrett,48ET2XP <PAVING & RECOVERY>,0.0,0.0,0.0,2021-05-17
Willrett,48ET3XP <PAVING & RECOVERY>,0.0,0.0,0.0,2021-05-17
Willrett,60HDGSB <HYDRAULICS>,0.0,0.0,0.0,2021-05-17
Willrett,55FA <HYDRAULICS>,0.0,0.0,0.0,2021-05-17
Willrett,55HDG4X SB <HYDRAULICS>,0.0,0.0,0.0,2021-05-17
Willrett,40HDG4X SB P <HYDRAULICS>,0.0,0.0,0.0,2021-05-17
Willrett,55HDG3X BTHH <HYDRAULICS>,0.0,0.0,0.0,2021-05-17
Willrett,55HDG3X SBHH <HYDRAULICS>,0.0,0.0,0.0,2021-05-17
Willrett,60HDG4X SB <HYDRAULICS>,0.0,0.0,0.0,2021-05-17
Willrett,35HDG2X Mini <HYDRAULICS>,0.0,0.0,0.0,2021-05-17
Willrett,50HDG3X AG <HYDRAULICS>,0.0,0.0,0.0,2021-05-17
Willrett,55HDG3X E <HYDRAULICS>,0.0,0.0,0.0,2021-05-17
Willrett,50FA AGRI <HYDRAULICS>,0.0,0.0,0.0,2021-05-17
Willrett,55FA LH <HYDRAULICS>,0.0,0.0,0.0,2021-05-17
Willrett,51HDG3X SB <HYDRAULICS>,0.0,0.0,0.0,2021-05-17
Willrett,55HDG3X SB <HYDRAULICS>,0.0,0.0,0.0,2021-05-17
Willrett,35HDG2X53 AGC <HYDRAULICS>,0.0,0.0,0.0,2021-05-17
Willrett,35HDG2X53 AGNR <HYDRAULICS>,0.0,0.0,0.0,2021-05-17
Willrett,55HDG3X BTHH AG <HYDRAULICS>,0.0,0.0,0.0,2021-05-17
Willrett,55HDG3X SBHH AG <HYDRAULICS>,0.0,0.0,0.0,2021-05-17
Willrett,60HDG3X HB_temp1 <HYDRAULICS>,0.0,0.0,0.0,2021-05-17
Willrett,55HDG3X <HYDRAULICS>,0.0,0.0,0.0,2021-05-17
Willrett,55HDG3X H <HYDRAULICS>,0.0,0.0,0.0,2021-05-17
Willrett,55FA  B <HYDRAULICS>,0.0,0.0,0.0,2021-05-17
Willrett,55HDG3X Q1 <HYDRAULICS>,0.0,0.0,0.0,2021-05-17
Willrett,55HDG3X US <HYDRAULICS>,0.0,0.0,0.0,2021-05-17
Willrett,DECK - Bellemar <HYDRAULICS>,0.0,0.0,0.0,2021-05-17
Willrett,35HDG2X NR <HYDRAULICS>,0.0,0.0,0.0,2021-05-17
Willrett,40HDG3X AG <HYDRAULICS>,0.0,0.0,0.0,2021-05-17
Willrett,25HDG2X Mini <HYDRAULICS>,0.0,0.0,0.0,2021-05-17
Willrett,55HDG3X HS <HYDRAULICS>,0.0,0.0,0.0,2021-05-17
Willrett,GNK - Bellemare <HYDRAULICS>,0.0,0.0,0.0,2021-05-17
Willrett,40HDG3X53 AG <HYDRAULICS>,0.0,0.0,0.0,2021-05-17
Willrett,35HDG2X48 AGULP <HYDRAULICS>,0.0,0.0,0.0,2021-05-17
Willrett,70HDG4X SB <HYDRAULICS>,0.0,0.0,0.0,2021-05-17
Willrett,51LF3X3T SK <LOG WESTERN>,0.0,0.0,0.0,2021-05-17
Willrett,37LBT2X W <LOG WESTERN>,0.0,0.0,0.0,2021-05-17
Willrett,53LD3X3T BC <LOG WESTERN>,0.0,0.0,0.0,2021-05-17
Willrett,50LF4X3T HD <LOG WESTERN>,0.0,0.0,0.0,2021-05-17
Willrett,39LBT2X W <LOG WESTERN>,0.0,0.0,0.0,2021-05-17
Willrett,39LBT3X W <LOG WESTERN>,0.0,0.0,0.0,2021-05-17
Willrett,51LF3X3T AB V2016 <LOG WESTERN>,0.0,0.0,0.0,2021-05-17
Willrett,50LF3X3T HD <LOG WESTERN>,0.0,0.0,0.0,2021-05-17
Willrett,51LF4X3T AB V2015 <LOG WESTERN>,0.0,0.0,0.0,2021-05-17
Willrett,53LD3X3T BCHD <LOG WESTERN>,0.0,0.0,0.0,2021-05-17
Willrett,30LBT2X W <LOG WESTERN>,0.0,0.0,0.0,2021-05-17
Willrett,51LF3X3T PEAK <LOG WESTERN>,0.0,0.0,0.0,2021-05-17
Willrett,37LBT3X PEAK <LOG WESTERN>,0.0,0.0,0.0,2021-05-17
Willrett,37LBT3X W <LOG WESTERN>,0.0,0.0,0.0,2021-05-17
Willrett,27LBT2X W <LOG WESTERN>,0.0,0.0,0.0,2021-05-17
Willrett,51LF3X3T SK V2016 <LOG WESTERN>,0.0,0.0,0.0,2021-05-17
Willrett,40LD3X <LOG WESTERN>,0.0,0.0,0.0,2021-05-17
Willrett,27LD2X <LOG WESTERN>,0.0,0.0,0.0,2021-05-17
Willrett,28LBT2X PEAK <LOG WESTERN>,0.0,0.0,0.0,2021-05-17
Willrett,50LF3X3T AB <LOG WESTERN>,0.0,0.0,0.0,2021-05-17
Willrett,50LF3X3T SK <LOG WESTERN>,0.0,0.0,0.0,2021-05-17
Willrett,46LD3X2T BC <LOG WESTERN>,0.0,0.0,0.0,2021-05-17
Willrett,51HD3X CON <HIGHWAY>,0.0,0.0,0.0,2021-05-17
Willrett,32HBT3X <HIGHWAY>,0.0,0.0,0.0,2021-05-17
Willrett,48HDD2X Custom V1 <HIGHWAY>,0.0,0.0,0.0,2021-05-17
Willrett,28HBT2XHD <HIGHWAY>,0.0,0.0,0.0,2021-05-17
Willrett,32HBT3XHD <HIGHWAY>,0.0,0.0,0.0,2021-05-17
Willrett,53HD3X <HIGHWAY>,0.0,0.0,0.0,2021-05-17
Willrett,53HF3X <HIGHWAY>,0.0,0.0,0.0,2021-05-17
Willrett,48HD3X <HIGHWAY>,0.0,0.0,0.0,2021-05-17
Willrett,53HDD2X <HIGHWAY>,0.0,0.0,0.0,2021-05-17
Willrett,53OHD3X <HIGHWAY>,0.0,0.0,0.0,2021-05-17
Willrett,53HF4X <HIGHWAY>,0.0,0.0,0.0,2021-05-17
Willrett,53HF4X - Super Single <HIGHWAY>,0.0,0.0,0.0,2021-05-17
Willrett,48HD2X <HIGHWAY>,0.0,0.0,0.0,2021-05-17
Willrett,53HF3XEXT <HIGHWAY>,0.0,0.0,0.0,2021-05-17
Willrett,29HD3X Rail <HIGHWAY>,0.0,0.0,0.0,2021-05-17
Willrett,42HD2X HD <HIGHWAY>,0.0,0.0,0.0,2021-05-17
Willrett,48HD2X PEAT <HIGHWAY>,0.0,0.0,0.0,2021-05-17
Willrett,39BT2X SCRAP <HIGHWAY>,0.0,0.0,0.0,2021-05-17
Willrett,20BT3X SCRAP <HIGHWAY>,0.0,0.0,0.0,2021-05-17
Willrett,53HD4X <HIGHWAY>,0.0,0.0,0.0,2021-05-17
Willrett,32HBT3X 2018 <HIGHWAY>,0.0,0.0,0.0,2021-05-17
Willrett,53HD3X 2018 <HIGHWAY>,0.0,0.0,0.0,2021-05-17
Willrett,48HF4X <HIGHWAY>,0.0,0.0,0.0,2021-05-17
Willrett,50HF5X <HIGHWAY>,0.0,0.0,0.0,2021-05-17
Willrett,53HD2X EXT_temp1 <HIGHWAY>,0.0,0.0,0.0,2021-05-17
Willrett,40HD3XB <HIGHWAY>,0.0,0.0,0.0,2021-05-17
Willrett,45HD2X <HIGHWAY>,0.0,0.0,0.0,2021-05-17
Willrett,48HDD2X EXT <HIGHWAY>,0.0,0.0,0.0,2021-05-17
Willrett,FA <HIGHWAY>,0.0,0.0,0.0,2021-05-17
Willrett,48HDD2X <HIGHWAY>,0.0,0.0,0.0,2021-05-17
Willrett,53HD2X Crane <HIGHWAY>,0.0,0.0,0.0,2021-05-17
Willrett,48HDD2X Custom <HIGHWAY>,0.0,0.0,0.0,2021-05-17
Willrett,48HF2X <HIGHWAY>,0.0,0.0,0.0,2021-05-17
Willrett,48HF3X <HIGHWAY>,0.0,0.0,0.0,2021-05-17
Willrett,48HD2X SPECIAL <HIGHWAY>,0.0,0.0,0.0,2021-05-17
Willrett,42HF2X <HIGHWAY>,0.0,0.0,0.0,2021-05-17
Willrett,53HDD3X <HIGHWAY>,0.0,0.0,0.0,2021-05-17
Willrett,28HBT2X 2018 <HIGHWAY>,0.0,0.0,0.0,2021-05-17
Willrett,46HDD2X Custom <HIGHWAY>,0.0,0.0,0.0,2021-05-17
Willrett,42HF3X HD <HIGHWAY>,0.0,0.0,0.0,2021-05-17
Willrett,35HD2X <HIGHWAY>,0.0,0.0,0.0,2021-05-17
Willrett,42HD3X 2018 <HIGHWAY>,0.0,0.0,0.0,2021-05-17
Willrett,53HD2X <HIGHWAY>,0.0,0.0,0.0,2021-05-17
Willrett,48HD5X <HIGHWAY>,0.0,0.0,0.0,2021-05-17
Willrett,53HD3X 2018 LDECK <HIGHWAY>,0.0,0.0,0.0,2021-05-17
Willrett,53HF3X 2018 <HIGHWAY>,0.0,0.0,0.0,2021-05-17
Willrett,53HD2X EXT <HIGHWAY>,0.0,0.0,0.0,2021-05-17
Willrett,48HDD3X <HIGHWAY>,0.0,0.0,0.0,2021-05-17
Willrett,53HD2X EXT H <HIGHWAY>,0.0,0.0,0.0,2021-05-17
Willrett,40HD2X Penske CUSTOM <HIGHWAY>,0.0,0.0,0.0,2021-05-17
Willrett,53HD3X EXT <HIGHWAY>,0.0,0.0,0.0,2021-05-17
Willrett,42HD3X HD <HIGHWAY>,0.0,0.0,0.0,2021-05-17
Willrett,28HBT2X <HIGHWAY>,0.0,0.0,0.0,2021-05-17
Willrett,37DT3X <DUMP>,0.0,0.0,0.0,2021-05-17
Willrett,27DT2X <DUMP>,0.0,0.0,0.0,2021-05-17
Willrett,27PD2X <DUMP>,0.0,0.0,0.0,2021-05-17
Willrett,28DPT3X <DUMP>,0.0,0.0,0.0,2021-05-17
Willrett,SPECIAL <DUMP>,0.0,0.0,0.0,2021-05-17
Willrett,26DT2X <DUMP>,0.0,0.0,0.0,2021-05-17
Willrett,32DT3X <DUMP>,0.0,0.0,0.0,2021-05-17
Willrett,28DPT2X <DUMP>,0.0,0.0,0.0,2021-05-17
Willrett,38ALB3XS <DUMP>,0.0,0.0,0.0,2021-05-17
Willrett,36ALB2X <DUMP>,0.0,0.0,0.0,2021-05-17
Willrett,32DT3X V2018 <DUMP>,0.0,0.0,0.0,2021-05-17
Willrett,41ALB3X <DUMP>,0.0,0.0,0.0,2021-05-17
Willrett,27DT2X V2018 <DUMP>,0.0,0.0,0.0,2021-05-17
Willrett,53EWF4X <DUMP>,0.0,0.0,0.0,2021-05-17
Willrett,SFUB2X <DUMP>,0.0,0.0,0.0,2021-05-17
Willrett,37DT2X <DUMP>,0.0,0.0,0.0,2021-05-17
Willrett,27DT2XU <DUMP>,0.0,0.0,0.0,2021-05-17
Willrett,37DT4X FF <DUMP>,0.0,0.0,0.0,2021-05-17
Willrett,48ALB4X <DUMP>,0.0,0.0,0.0,2021-05-17
Willrett,39ALB3X <DUMP>,0.0,0.0,0.0,2021-05-17
Willrett,37DT2X HV <DUMP>,0.0,0.0,0.0,2021-05-17
Willrett,27DT2X HV <DUMP>,0.0,0.0,0.0,2021-05-17
Willrett,40JD2X WL <JEEP DOLLY>,0.0,0.0,0.0,2021-05-17
Willrett,40JD2X OF <JEEP DOLLY>,0.0,0.0,0.0,2021-05-17
Willrett,20JD1X HP <JEEP DOLLY>,0.0,0.0,0.0,2021-05-17
Willrett,20JD1X LP <JEEP DOLLY>,0.0,0.0,0.0,2021-05-17
Willrett,40JD2X HG <JEEP DOLLY>,0.0,0.0,0.0,2021-05-17
Willrett,60JD3X HG <JEEP DOLLY>,0.0,0.0,0.0,2021-05-17
Willrett,JD2+1X <JEEP DOLLY>,0.0,0.0,0.0,2021-05-17
Willrett,JD2X <JEEP DOLLY>,0.0,0.0,0.0,2021-05-17
Willrett,25VT2V DCI <CONTAINER CHASSIS>,0.0,0.0,0.0,2021-05-17
Willrett,40VT2V Mexico <CONTAINER CHASSIS>,0.0,0.0,0.0,2021-05-17
Willrett,51VT4V DCI <CONTAINER CHASSIS>,0.0,0.0,0.0,2021-05-17
Willrett,53VT2V DCI <CONTAINER CHASSIS>,0.0,0.0,0.0,2021-05-17
Willrett,53VT2V Penske <CONTAINER CHASSIS>,0.0,0.0,0.0,2021-05-17
Willrett,53VT3V DCI <CONTAINER CHASSIS>,0.0,0.0,0.0,2021-05-17
Willrett,38GT1X <CONTAINER CHASSIS>,0.0,0.0,0.0,2021-05-17
Willrett,48GT2X <CONTAINER CHASSIS>,0.0,0.0,0.0,2021-05-17
Willrett,51VT2V DCI <CONTAINER CHASSIS>,0.0,0.0,0.0,2021-05-17
Willrett,12GT1X <CONTAINER CHASSIS>,0.0,0.0,0.0,2021-05-17
Willrett,26VT1V Mexico <CONTAINER CHASSIS>,0.0,0.0,0.0,2021-05-17
Willrett,42VT2V Mexico <CONTAINER CHASSIS>,0.0,0.0,0.0,2021-05-17
Willrett,30DT3X-CHASSIS <CONTAINER CHASSIS>,0.0,0.0,0.0,2021-05-17
Willrett,53VT2V FL CA <CONTAINER CHASSIS>,0.0,0.0,0.0,2021-05-17
Willrett,53VT2V FL CA-97 <CONTAINER CHASSIS>,0.0,0.0,0.0,2021-05-17
Willrett,53VT2V FL US-97 <CONTAINER CHASSIS>,0.0,0.0,0.0,2021-05-17
Willrett,53VT2V JB HUNT <CONTAINER CHASSIS>,0.0,0.0,0.0,2021-05-17
Willrett,33VT2V DCI Tag <CONTAINER CHASSIS>,0.0,0.0,0.0,2021-05-17
Willrett,40CC2X <CONTAINER CHASSIS>,0.0,0.0,0.0,2021-05-17
Willrett,53VT3X DCI V2021 <CONTAINER CHASSIS>,0.0,0.0,0.0,2021-05-17
Willrett,53VT3V PENSKE <CONTAINER CHASSIS>,0.0,0.0,0.0,2021-05-17
Willrett,53VT2V Frito Lay <CONTAINER CHASSIS>,0.0,0.0,0.0,2021-05-17
Willrett,53VT2V FL US <CONTAINER CHASSIS>,0.0,0.0,0.0,2021-05-17
Willrett,40GT1X <CONTAINER CHASSIS>,0.0,0.0,0.0,2021-05-17
Willrett,20VT1V Mexico <CONTAINER CHASSIS>,0.0,0.0,0.0,2021-05-17
Willrett,53VT2V CAL <CONTAINER CHASSIS>,0.0,0.0,0.0,2021-05-17
Willrett,38GT2X <CONTAINER CHASSIS>,0.0,0.0,0.0,2021-05-17
Willrett,51GT2X <CONTAINER CHASSIS>,0.0,0.0,0.0,2021-05-17
Willrett,47GT2X <CONTAINER CHASSIS>,0.0,0.0,0.0,2021-05-17
Willrett,10GT1X <CONTAINER CHASSIS>,0.0,0.0,0.0,2021-05-17
Willrett,34VT1V Hostler <CONTAINER CHASSIS>,0.0,0.0,0.0,2021-05-17
Willrett,53VT2V DCI LD <CONTAINER CHASSIS>,0.0,0.0,0.0,2021-05-17
Willrett,53VT2V FL CA-53 <CONTAINER CHASSIS>,0.0,0.0,0.0,2021-05-17
Willrett,10GT2X <CONTAINER CHASSIS>,0.0,0.0,0.0,2021-05-17
Willrett,12GT2X <CONTAINER CHASSIS>,0.0,0.0,0.0,2021-05-17
Willrett,42DD3X <NUCLEAR>,0.0,0.0,0.0,2021-05-17
Willrett,42DD3X WCS <NUCLEAR>,0.0,0.0,0.0,2021-05-17
Willrett,42DD2X <NUCLEAR>,0.0,0.0,0.0,2021-05-17
Willrett,46DD4X WCS <NUCLEAR>,0.0,0.0,0.0,2021-05-17
Willrett,40NS2 US <NUCLEAR>,0.0,0.0,0.0,2021-05-17
Willrett,44DD2X <NUCLEAR>,0.0,0.0,0.0,2021-05-17
Willrett,49DD3X HD <NUCLEAR>,0.0,0.0,0.0,2021-05-17
Willrett,50DD4X <NUCLEAR>,0.0,0.0,0.0,2021-05-17
Willrett,51DD3X HD <NUCLEAR>,0.0,0.0,0.0,2021-05-17
Willrett,50DD3X <NUCLEAR>,0.0,0.0,0.0,2021-05-17
Willrett,53DD4X <NUCLEAR>,0.0,0.0,0.0,2021-05-17
Willrett,47DD3X <NUCLEAR>,0.0,0.0,0.0,2021-05-17
Willrett,45DD3X <NUCLEAR>,0.0,0.0,0.0,2021-05-17
Willrett,53ET3X MR WEST <EQUIPMENT>,0.0,0.0,0.0,2021-05-17
Willrett,48ET3X MR <EQUIPMENT>,0.0,0.0,0.0,2021-05-17
Willrett,42ET2X <EQUIPMENT>,0.0,0.0,0.0,2021-05-17
Willrett,48ET2X <EQUIPMENT>,0.0,0.0,0.0,2021-05-17
Willrett,53ET2X <EQUIPMENT>,0.0,0.0,0.0,2021-05-17
Willrett,53ET4X MR <EQUIPMENT>,0.0,0.0,0.0,2021-05-17
Willrett,53ET3X MR EAST <EQUIPMENT>,0.0,0.0,0.0,2021-05-17
Willrett,53ET4X <EQUIPMENT>,0.0,0.0,0.0,2021-05-17
Willrett,42ET3X <EQUIPMENT>,0.0,0.0,0.0,2021-05-17
Willrett,48ET3X <EQUIPMENT>,0.0,0.0,0.0,2021-05-17
Willrett,53ET3X <EQUIPMENT>,0.0,0.0,0.0,2021-05-17
Willrett,360 <SCREENER>,0.0,0.0,0.0,2021-05-17
Willrett,14CR1X <CABLE REEL>,0.0,0.0,0.0,2021-05-17
Willrett,11CD1X <CONVERTERS/BOOSTERS>,0.0,0.0,0.0,2021-05-17
Willrett,11SB1X SB <CONVERTERS/BOOSTERS>,0.0,0.0,0.0,2021-05-17
Willrett,11SB1X <CONVERTERS/BOOSTERS>,0.0,0.0,0.0,2021-05-17
Willrett,22CD2X <CONVERTERS/BOOSTERS>,0.0,0.0,0.0,2021-05-17
Willrett,11SB2X SB <CONVERTERS/BOOSTERS>,0.0,0.0,0.0,2021-05-17
Willrett,LP14 <AGRICULTURE>,0.0,0.0,0.0,2021-05-17
Willrett,LP18 <AGRICULTURE>,0.0,0.0,0.0,2021-05-17
Willrett,20PC2X <CHASSIS>,0.0,0.0,0.0,2021-05-17
Willrett,40CC3X <CHASSIS>,0.0,0.0,0.0,2021-05-17
Willrett,40CC3X53EXT <CHASSIS>,0.0,0.0,0.0,2021-05-17
Willrett,30CC2X <CHASSIS>,0.0,0.0,0.0,2021-05-17
Willrett,12CC2X <CHASSIS>,0.0,0.0,0.0,2021-05-17
Willrett,22CC2X <CHASSIS>,0.0,0.0,0.0,2021-05-17
Willrett,42CC3X <CHASSIS>,0.0,0.0,0.0,2021-05-17
Willrett,20CC2X <CHASSIS>,0.0,0.0,0.0,2021-05-17
Willrett,20CC3X <CHASSIS>,0.0,0.0,0.0,2021-05-17
Willrett,Pony 3X17 <CHASSIS>,0.0,0.0,0.0,2021-05-17
Willrett,44CC3X <CHASSIS>,0.0,0.0,0.0,2021-05-17
Willrett,27BC2X <CHASSIS>,0.0,0.0,0.0,2021-05-17
Willrett,45BC3X <CHASSIS>,0.0,0.0,0.0,2021-05-17
Willrett,30PC3X <CHASSIS>,0.0,0.0,0.0,2021-05-17
Willrett,PY-FR454-WR3X <STARGATE>,0.0,0.0,0.0,2021-05-17
Willrett,48LB4X A <STARGATE>,0.0,0.0,0.0,2021-05-17
Willrett,TB48 <STARGATE>,0.0,0.0,0.0,2021-05-17
Willrett,Dump SF3X <STARGATE>,0.0,0.0,0.0,2021-05-17
Willrett,30SB <STARGATE>,0.0,0.0,0.0,2021-05-17
Willrett,B-Train Pull Dump_temp1 <STARGATE>,0.0,0.0,0.0,2021-05-17
Willrett,CD2X <STARGATE>,0.0,0.0,0.0,2021-05-17
Willrett,24SB <STARGATE>,0.0,0.0,0.0,2021-05-17
Willrett,UBF2X <STARGATE>,0.0,0.0,0.0,2021-05-17
Willrett,38LB3X A <STARGATE>,0.0,0.0,0.0,2021-05-17
Willrett,28LB2X A <STARGATE>,0.0,0.0,0.0,2021-05-17
Willrett,CD1X <STARGATE>,0.0,0.0,0.0,2021-05-17
Willrett,Dump SF2X <STARGATE>,0.0,0.0,0.0,2021-05-17
Willrett,Steel End Dump 2X <STARGATE>,0.0,0.0,0.0,2021-05-17
Willrett,17PDB <STARGATE>,0.0,0.0,0.0,2021-05-17
Willrett,Dump SF4X <STARGATE>,0.0,0.0,0.0,2021-05-17
Willrett,Dump 36SF3X <STARGATE>,0.0,0.0,0.0,2021-05-17
Willrett,Pony Dump 3X17 <STARGATE>,0.0,0.0,0.0,2021-05-17
Willrett,19SB <STARGATE>,0.0,0.0,0.0,2021-05-17
Willrett,End Dump - temp1 <STARGATE>,0.0,0.0,0.0,2021-05-17
Willrett,B-Train Dump_temp1 <STARGATE>,0.0,0.0,0.0,2021-05-17
Willrett,Pony Chassis <STARGATE>,0.0,0.0,0.0,2021-05-17
Willrett,End Dump 4X <END DUMPS>,0.0,0.0,0.0,2021-05-17
Willrett,Frameless Alum. U Body 2X <END DUMPS>,0.0,0.0,0.0,2021-05-17
Willrett,Frameless Alum. U Body 3X <END DUMPS>,0.0,0.0,0.0,2021-05-17
Nuss,46LF3X4T NS <LOG EASTERN>,0.0,0.0,0.0,2021-05-17
Nuss,46LF3X4T NL <LOG EASTERN>,0.0,0.0,0.0,2021-05-17
Nuss,46LD4X4T NS <LOG EASTERN>,0.0,0.0,0.0,2021-05-17
Nuss,39LBT3X NS <LOG EASTERN>,0.0,0.0,0.0,2021-05-17
Nuss,28LBT2X NS <LOG EASTERN>,0.0,0.0,0.0,2021-05-17
Nuss,42LD3X NL <LOG EASTERN>,0.0,0.0,0.0,2021-05-17
Nuss,27LBT2X NL <LOG EASTERN>,0.0,0.0,0.0,2021-05-17
Nuss,37LBT3X NL <LOG EASTERN>,0.0,0.0,0.0,2021-05-17
Nuss,46LD3X4TLW NS <LOG EASTERN>,0.0,0.0,0.0,2021-05-17
Nuss,18LPT3X <LOG EASTERN>,0.0,0.0,0.0,2021-05-17
Nuss,48LF4X NL <LOG EASTERN>,0.0,0.0,0.0,2021-05-17
Nuss,51LD5X5T ON <LOG EASTERN>,0.0,0.0,0.0,2021-05-17
Nuss,25LPT3X JDI <LOG EASTERN>,0.0,0.0,0.0,2021-05-17
Nuss,53LD3X5T JDIHD <LOG EASTERN>,0.0,0.0,0.0,2021-05-17
Nuss,48LD4X4T V2018 <LOG EASTERN>,0.0,0.0,0.0,2021-05-17
Nuss,46LF3X4T NS V2017 <LOG EASTERN>,0.0,0.0,0.0,2021-05-17
Nuss,48LF3X5T NB V2016 <LOG EASTERN>,0.0,0.0,0.0,2021-05-17
Nuss,51LF3X5T NB V2016 <LOG EASTERN>,0.0,0.0,0.0,2021-05-17
Nuss,48LF3X NL <LOG EASTERN>,0.0,0.0,0.0,2021-05-17
Nuss,39LBT3X ON <LOG EASTERN>,0.0,0.0,0.0,2021-05-17
Nuss,51LF4X5T NB TRI V2016 <LOG EASTERN>,0.0,0.0,0.0,2021-05-17
Nuss,51LF4X5T V2018 <LOG EASTERN>,0.0,0.0,0.0,2021-05-17
Nuss,48LF4X5T V2018 <LOG EASTERN>,0.0,0.0,0.0,2021-05-17
Nuss,48LF3X5T V2018 <LOG EASTERN>,0.0,0.0,0.0,2021-05-17
Nuss,48LD3X5T V2018 <LOG EASTERN>,0.0,0.0,0.0,2021-05-17
Nuss,46LF4X NL <LOG EASTERN>,0.0,0.0,0.0,2021-05-17
Nuss,52LD4X5T <LOG EASTERN>,0.0,0.0,0.0,2021-05-17
Nuss,48LF3X5T NB V2018 <LOG EASTERN>,0.0,0.0,0.0,2021-05-17
Nuss,51LD4X5T V2018 <LOG EASTERN>,0.0,0.0,0.0,2021-05-17
Nuss,51LD4X5T ON <LOG EASTERN>,0.0,0.0,0.0,2021-05-17
Nuss,25LPT2X <LOG EASTERN>,0.0,0.0,0.0,2021-05-17
Nuss,46LF3X4T V2018 <LOG EASTERN>,0.0,0.0,0.0,2021-05-17
Nuss,25LPT3X <LOG EASTERN>,0.0,0.0,0.0,2021-05-17
Nuss,46LD3X4T V2018 <LOG EASTERN>,0.0,0.0,0.0,2021-05-17
Nuss,46LD4X NL <LOG EASTERN>,0.0,0.0,0.0,2021-05-17
Nuss,52LF4X5T <LOG EASTERN>,0.0,0.0,0.0,2021-05-17
Nuss,48LD4X4T NB V2017 <LOG EASTERN>,0.0,0.0,0.0,2021-05-17
Nuss,48LD4X5T ON <LOG EASTERN>,0.0,0.0,0.0,2021-05-17
Nuss,48LD4X5T V2018 <LOG EASTERN>,0.0,0.0,0.0,2021-05-17
Nuss,30LBT2X ON <LOG EASTERN>,0.0,0.0,0.0,2021-05-17
Nuss,51LD5X5T ON V2017 <LOG EASTERN>,0.0,0.0,0.0,2021-05-17
Nuss,46LD3X4T US <LOG US>,0.0,0.0,0.0,2021-05-17
Nuss,48LD3X5T US <LOG US>,0.0,0.0,0.0,2021-05-17
Nuss,46LD2X4T US <LOG US>,0.0,0.0,0.0,2021-05-17
Nuss,46LD3X4T USAE <LOG US>,0.0,0.0,0.0,2021-05-17
Nuss,46LD3X2T US <LOG US>,0.0,0.0,0.0,2021-05-17
Nuss,46LF3X MN <LOG US>,0.0,0.0,0.0,2021-05-17
Nuss,48LD3X5T USAE <LOG US>,0.0,0.0,0.0,2021-05-17
Nuss,51LF4X3T US <LOG US>,0.0,0.0,0.0,2021-05-17
Nuss,46LF3X4T USAE <LOG US>,0.0,0.0,0.0,2021-05-17
Nuss,48LF3X5T USAE <LOG US>,0.0,0.0,0.0,2021-05-17
Nuss,42LD3X4T USAE <LOG US>,0.0,0.0,0.0,2021-05-17
Nuss,46LD3X5T HALE <LOG US>,0.0,0.0,0.0,2021-05-17
Nuss,35ADG2X AGNR <MACHINERY>,0.0,0.0,0.0,2021-05-17
Nuss,35ADG2X AGR <MACHINERY>,0.0,0.0,0.0,2021-05-17
Nuss,35ADG2X NR <MACHINERY>,0.0,0.0,0.0,2021-05-17
Nuss,35ADG2X R <MACHINERY>,0.0,0.0,0.0,2021-05-17
Nuss,35FA <MACHINERY>,0.0,0.0,0.0,2021-05-17
Nuss,40ADG2X NR <MACHINERY>,0.0,0.0,0.0,2021-05-17
Nuss,40ADG3X AGR <MACHINERY>,0.0,0.0,0.0,2021-05-17
Nuss,40ADG3X R <MACHINERY>,0.0,0.0,0.0,2021-05-17
Nuss,35MD2X53 EXT <MACHINERY>,0.0,0.0,0.0,2021-05-17
Nuss,35ADG2X53 AGNR <MACHINERY>,0.0,0.0,0.0,2021-05-17
Nuss,50ADG3X53 NR <MACHINERY>,0.0,0.0,0.0,2021-05-17
Nuss,30ADG2X51 AGLP <MACHINERY>,0.0,0.0,0.0,2021-05-17
Nuss,40ADG3X53 NR <MACHINERY>,0.0,0.0,0.0,2021-05-17
Nuss,40ADG3X53 AGNR <MACHINERY>,0.0,0.0,0.0,2021-05-17
Nuss,35ADG3X53 AGNR <MACHINERY>,0.0,0.0,0.0,2021-05-17
Nuss,35ADG2X37 AGNR <MACHINERY>,0.0,0.0,0.0,2021-05-17
Nuss,35MD2X EXT <MACHINERY>,0.0,0.0,0.0,2021-05-17
Nuss,30ADG2X51 LP <MACHINERY>,0.0,0.0,0.0,2021-05-17
Nuss,35ADG2X53 AGC <MACHINERY>,0.0,0.0,0.0,2021-05-17
Nuss,20PAG2X <MACHINERY>,0.0,0.0,0.0,2021-05-17
Nuss,35ADG2X51 AGC <MACHINERY>,0.0,0.0,0.0,2021-05-17
Nuss,35ADG2X53 AGCO <MACHINERY>,0.0,0.0,0.0,2021-05-17
Nuss,35ADG2X48 AGULP <MACHINERY>,0.0,0.0,0.0,2021-05-17
Nuss,35MD2X48 <MACHINERY>,0.0,0.0,0.0,2021-05-17
Nuss,35MD2X53 <MACHINERY>,0.0,0.0,0.0,2021-05-17
Nuss,35MD2X BT <MACHINERY>,0.0,0.0,0.0,2021-05-17
Nuss,35DD2X BT <MACHINERY>,0.0,0.0,0.0,2021-05-17
Nuss,35MD2X48 P <MACHINERY>,0.0,0.0,0.0,2021-05-17
Nuss,45MD3X EXT <MACHINERY>,0.0,0.0,0.0,2021-05-17
Nuss,35HDG2X53 <MACHINERY>,0.0,0.0,0.0,2021-05-17
Nuss,35ADG2X51 AGLP <MACHINERY>,0.0,0.0,0.0,2021-05-17
Nuss,35ADG2X51 AGNR <MACHINERY>,0.0,0.0,0.0,2021-05-17
Nuss,35ADG2X53 AGS <MACHINERY>,0.0,0.0,0.0,2021-05-17
Nuss,30ADG2X53 AGLP <MACHINERY>,0.0,0.0,0.0,2021-05-17
Nuss,40ADG3X53 AGLP <MACHINERY>,0.0,0.0,0.0,2021-05-17
Nuss,35ADG2X51 LP <MACHINERY>,0.0,0.0,0.0,2021-05-17
Nuss,35MD2X48 AGULP <MACHINERY>,0.0,0.0,0.0,2021-05-17
Nuss,40SN3X <OILFIELD>,0.0,0.0,0.0,2021-05-17
Nuss,40SN3X SB <OILFIELD>,0.0,0.0,0.0,2021-05-17
Nuss,55LB3X LND <OILFIELD>,0.0,0.0,0.0,2021-05-17
Nuss,40SN3X M <OILFIELD>,0.0,0.0,0.0,2021-05-17
Nuss,60SN3X <OILFIELD>,0.0,0.0,0.0,2021-05-17
Nuss,50SN3X 2018 <OILFIELD>,0.0,0.0,0.0,2021-05-17
Nuss,50SN3X <OILFIELD>,0.0,0.0,0.0,2021-05-17
Nuss,55LB3X SND <OILFIELD>,0.0,0.0,0.0,2021-05-17
Nuss,55LB3X LNF <OILFIELD>,0.0,0.0,0.0,2021-05-17
Nuss,51OF3X <OILFIELD>,0.0,0.0,0.0,2021-05-17
Nuss,2510 <SNOW & ICE CONTROL>,0.0,0.0,0.0,2021-05-17
Nuss,2513 <SNOW & ICE CONTROL>,0.0,0.0,0.0,2021-05-17
Nuss,2514 <SNOW & ICE CONTROL>,0.0,0.0,0.0,2021-05-17
Nuss,2311NB <SNOW & ICE CONTROL>,0.0,0.0,0.0,2021-05-17
Nuss,1155 <SNOW & ICE CONTROL>,0.0,0.0,0.0,2021-05-17
Nuss,2514 DC <SNOW & ICE CONTROL>,0.0,0.0,0.0,2021-05-17
Nuss,TC1X <SNOW & ICE CONTROL>,0.0,0.0,0.0,2021-05-17
Nuss,1040G <SNOW & ICE CONTROL>,0.0,0.0,0.0,2021-05-17
Nuss,3434 PMB <SNOW & ICE CONTROL>,0.0,0.0,0.0,2021-05-17
Nuss,2311 <SNOW & ICE CONTROL>,0.0,0.0,0.0,2021-05-17
Nuss,2313 <SNOW & ICE CONTROL>,0.0,0.0,0.0,2021-05-17
Nuss,SICD2X NT <SNOW & ICE CONTROL>,0.0,0.0,0.0,2021-05-17
Nuss,SICP1X NT <SNOW & ICE CONTROL>,0.0,0.0,0.0,2021-05-17
Nuss,1030G <SNOW & ICE CONTROL>,0.0,0.0,0.0,2021-05-17
Nuss,1050G <SNOW & ICE CONTROL>,0.0,0.0,0.0,2021-05-17
Nuss,2049 <SNOW & ICE CONTROL>,0.0,0.0,0.0,2021-05-17
Nuss,SICP2X NT <SNOW & ICE CONTROL>,0.0,0.0,0.0,2021-05-17
Nuss,2514 SNC <SNOW & ICE CONTROL>,0.0,0.0,0.0,2021-05-17
Nuss,2047 <SNOW & ICE CONTROL>,0.0,0.0,0.0,2021-05-17
Nuss,SPUD KIT 4300 <SNOW & ICE CONTROL>,0.0,0.0,0.0,2021-05-17
Nuss,2513 DC <SNOW & ICE CONTROL>,0.0,0.0,0.0,2021-05-17
Nuss,2313NB <SNOW & ICE CONTROL>,0.0,0.0,0.0,2021-05-17
Nuss,2314NB <SNOW & ICE CONTROL>,0.0,0.0,0.0,2021-05-17
Nuss,TC2X <SNOW & ICE CONTROL>,0.0,0.0,0.0,2021-05-17
Nuss,3920-94 PMP <SNOW & ICE CONTROL>,0.0,0.0,0.0,2021-05-17
Nuss,Installation <SNOW & ICE CONTROL>,0.0,0.0,0.0,2021-05-17
Nuss,2310NB <SNOW & ICE CONTROL>,0.0,0.0,0.0,2021-05-17
Nuss,TEMP <SNOW & ICE CONTROL>,0.0,0.0,0.0,2021-05-17
Nuss,2020 <SNOW & ICE CONTROL>,0.0,0.0,0.0,2021-05-17
Nuss,20ANR <TAGS>,0.0,0.0,0.0,2021-05-17
Nuss,15BWS2X <TAGS>,0.0,0.0,0.0,2021-05-17
Nuss,20BWS3X <TAGS>,0.0,0.0,0.0,2021-05-17
Nuss,20FDNT <TAGS>,0.0,0.0,0.0,2021-05-17
Nuss,20PLS2X <TAGS>,0.0,0.0,0.0,2021-05-17
Nuss,30NTT <TAGS>,0.0,0.0,0.0,2021-05-17
Nuss,30FDNT <TAGS>,0.0,0.0,0.0,2021-05-17
Nuss,15BWS2X G <TAGS>,0.0,0.0,0.0,2021-05-17
Nuss,20NTTS <TAGS>,0.0,0.0,0.0,2021-05-17
Nuss,40EPT1X <TAGS>,0.0,0.0,0.0,2021-05-17
Nuss,30 ANR MINE <TAGS>,0.0,0.0,0.0,2021-05-17
Nuss,20PT2X <TAGS>,0.0,0.0,0.0,2021-05-17
Nuss,WTT2X <TAGS>,0.0,0.0,0.0,2021-05-17
Nuss,25PT3X <TAGS>,0.0,0.0,0.0,2021-05-17
Nuss,20ART <TAGS>,0.0,0.0,0.0,2021-05-17
Nuss,20MTT <TAGS>,0.0,0.0,0.0,2021-05-17
Nuss,20NTT <TAGS>,0.0,0.0,0.0,2021-05-17
Nuss,25ANR <TAGS>,0.0,0.0,0.0,2021-05-17
Nuss,25ART <TAGS>,0.0,0.0,0.0,2021-05-17
Nuss,25NTT <TAGS>,0.0,0.0,0.0,2021-05-17
Nuss,20FDNT ECO <TAGS>,0.0,0.0,0.0,2021-05-17
Nuss,25FDNT <TAGS>,0.0,0.0,0.0,2021-05-17
Nuss,25FDNT ECO <TAGS>,0.0,0.0,0.0,2021-05-17
Nuss,20BWS2X <TAGS>,0.0,0.0,0.0,2021-05-17
Nuss,25BWS3X <TAGS>,0.0,0.0,0.0,2021-05-17
Nuss,30ANR <TAGS>,0.0,0.0,0.0,2021-05-17
Nuss,30ART <TAGS>,0.0,0.0,0.0,2021-05-17
Nuss,53ET2XP <PAVING & RECOVERY>,0.0,0.0,0.0,2021-05-17
Nuss,53ET3XP <PAVING & RECOVERY>,0.0,0.0,0.0,2021-05-17
Nuss,53ET4XP <PAVING & RECOVERY>,0.0,0.0,0.0,2021-05-17
Nuss,48ET2XP <PAVING & RECOVERY>,0.0,0.0,0.0,2021-05-17
Nuss,48ET3XP <PAVING & RECOVERY>,0.0,0.0,0.0,2021-05-17
Nuss,60HDGSB <HYDRAULICS>,0.0,0.0,0.0,2021-05-17
Nuss,55FA <HYDRAULICS>,0.0,0.0,0.0,2021-05-17
Nuss,55HDG4X SB <HYDRAULICS>,0.0,0.0,0.0,2021-05-17
Nuss,40HDG4X SB P <HYDRAULICS>,0.0,0.0,0.0,2021-05-17
Nuss,55HDG3X BTHH <HYDRAULICS>,0.0,0.0,0.0,2021-05-17
Nuss,55HDG3X SBHH <HYDRAULICS>,0.0,0.0,0.0,2021-05-17
Nuss,60HDG4X SB <HYDRAULICS>,0.0,0.0,0.0,2021-05-17
Nuss,35HDG2X Mini <HYDRAULICS>,0.0,0.0,0.0,2021-05-17
Nuss,50HDG3X AG <HYDRAULICS>,0.0,0.0,0.0,2021-05-17
Nuss,55HDG3X E <HYDRAULICS>,0.0,0.0,0.0,2021-05-17
Nuss,50FA AGRI <HYDRAULICS>,0.0,0.0,0.0,2021-05-17
Nuss,55FA LH <HYDRAULICS>,0.0,0.0,0.0,2021-05-17
Nuss,51HDG3X SB <HYDRAULICS>,0.0,0.0,0.0,2021-05-17
Nuss,55HDG3X SB <HYDRAULICS>,0.0,0.0,0.0,2021-05-17
Nuss,35HDG2X53 AGC <HYDRAULICS>,0.0,0.0,0.0,2021-05-17
Nuss,35HDG2X53 AGNR <HYDRAULICS>,0.0,0.0,0.0,2021-05-17
Nuss,55HDG3X BTHH AG <HYDRAULICS>,0.0,0.0,0.0,2021-05-17
Nuss,55HDG3X SBHH AG <HYDRAULICS>,0.0,0.0,0.0,2021-05-17
Nuss,60HDG3X HB_temp1 <HYDRAULICS>,0.0,0.0,0.0,2021-05-17
Nuss,55HDG3X <HYDRAULICS>,0.0,0.0,0.0,2021-05-17
Nuss,55HDG3X H <HYDRAULICS>,0.0,0.0,0.0,2021-05-17
Nuss,55FA  B <HYDRAULICS>,0.0,0.0,0.0,2021-05-17
Nuss,55HDG3X Q1 <HYDRAULICS>,0.0,0.0,0.0,2021-05-17
Nuss,55HDG3X US <HYDRAULICS>,0.0,0.0,0.0,2021-05-17
Nuss,DECK - Bellemar <HYDRAULICS>,0.0,0.0,0.0,2021-05-17
Nuss,35HDG2X NR <HYDRAULICS>,0.0,0.0,0.0,2021-05-17
Nuss,40HDG3X AG <HYDRAULICS>,0.0,0.0,0.0,2021-05-17
Nuss,25HDG2X Mini <HYDRAULICS>,0.0,0.0,0.0,2021-05-17
Nuss,55HDG3X HS <HYDRAULICS>,0.0,0.0,0.0,2021-05-17
Nuss,GNK - Bellemare <HYDRAULICS>,0.0,0.0,0.0,2021-05-17
Nuss,40HDG3X53 AG <HYDRAULICS>,0.0,0.0,0.0,2021-05-17
Nuss,35HDG2X48 AGULP <HYDRAULICS>,0.0,0.0,0.0,2021-05-17
Nuss,70HDG4X SB <HYDRAULICS>,0.0,0.0,0.0,2021-05-17
Nuss,51LF3X3T SK <LOG WESTERN>,0.0,0.0,0.0,2021-05-17
Nuss,37LBT2X W <LOG WESTERN>,0.0,0.0,0.0,2021-05-17
Nuss,53LD3X3T BC <LOG WESTERN>,0.0,0.0,0.0,2021-05-17
Nuss,50LF4X3T HD <LOG WESTERN>,0.0,0.0,0.0,2021-05-17
Nuss,39LBT2X W <LOG WESTERN>,0.0,0.0,0.0,2021-05-17
Nuss,39LBT3X W <LOG WESTERN>,0.0,0.0,0.0,2021-05-17
Nuss,51LF3X3T AB V2016 <LOG WESTERN>,0.0,0.0,0.0,2021-05-17
Nuss,50LF3X3T HD <LOG WESTERN>,0.0,0.0,0.0,2021-05-17
Nuss,51LF4X3T AB V2015 <LOG WESTERN>,0.0,0.0,0.0,2021-05-17
Nuss,53LD3X3T BCHD <LOG WESTERN>,0.0,0.0,0.0,2021-05-17
Nuss,30LBT2X W <LOG WESTERN>,0.0,0.0,0.0,2021-05-17
Nuss,51LF3X3T PEAK <LOG WESTERN>,0.0,0.0,0.0,2021-05-17
Nuss,37LBT3X PEAK <LOG WESTERN>,0.0,0.0,0.0,2021-05-17
Nuss,37LBT3X W <LOG WESTERN>,0.0,0.0,0.0,2021-05-17
Nuss,27LBT2X W <LOG WESTERN>,0.0,0.0,0.0,2021-05-17
Nuss,51LF3X3T SK V2016 <LOG WESTERN>,0.0,0.0,0.0,2021-05-17
Nuss,40LD3X <LOG WESTERN>,0.0,0.0,0.0,2021-05-17
Nuss,27LD2X <LOG WESTERN>,0.0,0.0,0.0,2021-05-17
Nuss,28LBT2X PEAK <LOG WESTERN>,0.0,0.0,0.0,2021-05-17
Nuss,50LF3X3T AB <LOG WESTERN>,0.0,0.0,0.0,2021-05-17
Nuss,50LF3X3T SK <LOG WESTERN>,0.0,0.0,0.0,2021-05-17
Nuss,46LD3X2T BC <LOG WESTERN>,0.0,0.0,0.0,2021-05-17
Nuss,51HD3X CON <HIGHWAY>,0.0,0.0,0.0,2021-05-17
Nuss,32HBT3X <HIGHWAY>,0.0,0.0,0.0,2021-05-17
Nuss,48HDD2X Custom V1 <HIGHWAY>,0.0,0.0,0.0,2021-05-17
Nuss,28HBT2XHD <HIGHWAY>,0.0,0.0,0.0,2021-05-17
Nuss,32HBT3XHD <HIGHWAY>,0.0,0.0,0.0,2021-05-17
Nuss,53HD3X <HIGHWAY>,0.0,0.0,0.0,2021-05-17
Nuss,53HF3X <HIGHWAY>,0.0,0.0,0.0,2021-05-17
Nuss,48HD3X <HIGHWAY>,0.0,0.0,0.0,2021-05-17
Nuss,53HDD2X <HIGHWAY>,0.0,0.0,0.0,2021-05-17
Nuss,53OHD3X <HIGHWAY>,0.0,0.0,0.0,2021-05-17
Nuss,53HF4X <HIGHWAY>,0.0,0.0,0.0,2021-05-17
Nuss,53HF4X - Super Single <HIGHWAY>,0.0,0.0,0.0,2021-05-17
Nuss,48HD2X <HIGHWAY>,0.0,0.0,0.0,2021-05-17
Nuss,53HF3XEXT <HIGHWAY>,0.0,0.0,0.0,2021-05-17
Nuss,29HD3X Rail <HIGHWAY>,0.0,0.0,0.0,2021-05-17
Nuss,42HD2X HD <HIGHWAY>,0.0,0.0,0.0,2021-05-17
Nuss,48HD2X PEAT <HIGHWAY>,0.0,0.0,0.0,2021-05-17
Nuss,39BT2X SCRAP <HIGHWAY>,0.0,0.0,0.0,2021-05-17
Nuss,20BT3X SCRAP <HIGHWAY>,0.0,0.0,0.0,2021-05-17
Nuss,53HD4X <HIGHWAY>,0.0,0.0,0.0,2021-05-17
Nuss,32HBT3X 2018 <HIGHWAY>,0.0,0.0,0.0,2021-05-17
Nuss,53HD3X 2018 <HIGHWAY>,0.0,0.0,0.0,2021-05-17
Nuss,48HF4X <HIGHWAY>,0.0,0.0,0.0,2021-05-17
Nuss,50HF5X <HIGHWAY>,0.0,0.0,0.0,2021-05-17
Nuss,53HD2X EXT_temp1 <HIGHWAY>,0.0,0.0,0.0,2021-05-17
Nuss,40HD3XB <HIGHWAY>,0.0,0.0,0.0,2021-05-17
Nuss,45HD2X <HIGHWAY>,0.0,0.0,0.0,2021-05-17
Nuss,48HDD2X EXT <HIGHWAY>,0.0,0.0,0.0,2021-05-17
Nuss,FA <HIGHWAY>,0.0,0.0,0.0,2021-05-17
Nuss,48HDD2X <HIGHWAY>,0.0,0.0,0.0,2021-05-17
Nuss,53HD2X Crane <HIGHWAY>,0.0,0.0,0.0,2021-05-17
Nuss,48HDD2X Custom <HIGHWAY>,0.0,0.0,0.0,2021-05-17
Nuss,48HF2X <HIGHWAY>,0.0,0.0,0.0,2021-05-17
Nuss,48HF3X <HIGHWAY>,0.0,0.0,0.0,2021-05-17
Nuss,48HD2X SPECIAL <HIGHWAY>,0.0,0.0,0.0,2021-05-17
Nuss,42HF2X <HIGHWAY>,0.0,0.0,0.0,2021-05-17
Nuss,53HDD3X <HIGHWAY>,0.0,0.0,0.0,2021-05-17
Nuss,28HBT2X 2018 <HIGHWAY>,0.0,0.0,0.0,2021-05-17
Nuss,46HDD2X Custom <HIGHWAY>,0.0,0.0,0.0,2021-05-17
Nuss,42HF3X HD <HIGHWAY>,0.0,0.0,0.0,2021-05-17
Nuss,35HD2X <HIGHWAY>,0.0,0.0,0.0,2021-05-17
Nuss,42HD3X 2018 <HIGHWAY>,0.0,0.0,0.0,2021-05-17
Nuss,53HD2X <HIGHWAY>,0.0,0.0,0.0,2021-05-17
Nuss,48HD5X <HIGHWAY>,0.0,0.0,0.0,2021-05-17
Nuss,53HD3X 2018 LDECK <HIGHWAY>,0.0,0.0,0.0,2021-05-17
Nuss,53HF3X 2018 <HIGHWAY>,0.0,0.0,0.0,2021-05-17
Nuss,53HD2X EXT <HIGHWAY>,0.0,0.0,0.0,2021-05-17
Nuss,48HDD3X <HIGHWAY>,0.0,0.0,0.0,2021-05-17
Nuss,53HD2X EXT H <HIGHWAY>,0.0,0.0,0.0,2021-05-17
Nuss,40HD2X Penske CUSTOM <HIGHWAY>,0.0,0.0,0.0,2021-05-17
Nuss,53HD3X EXT <HIGHWAY>,0.0,0.0,0.0,2021-05-17
Nuss,42HD3X HD <HIGHWAY>,0.0,0.0,0.0,2021-05-17
Nuss,28HBT2X <HIGHWAY>,0.0,0.0,0.0,2021-05-17
Nuss,37DT3X <DUMP>,0.0,0.0,0.0,2021-05-17
Nuss,27DT2X <DUMP>,0.0,0.0,0.0,2021-05-17
Nuss,27PD2X <DUMP>,0.0,0.0,0.0,2021-05-17
Nuss,28DPT3X <DUMP>,0.0,0.0,0.0,2021-05-17
Nuss,SPECIAL <DUMP>,0.0,0.0,0.0,2021-05-17
Nuss,26DT2X <DUMP>,0.0,0.0,0.0,2021-05-17
Nuss,32DT3X <DUMP>,0.0,0.0,0.0,2021-05-17
Nuss,28DPT2X <DUMP>,0.0,0.0,0.0,2021-05-17
Nuss,38ALB3XS <DUMP>,0.0,0.0,0.0,2021-05-17
Nuss,36ALB2X <DUMP>,0.0,0.0,0.0,2021-05-17
Nuss,32DT3X V2018 <DUMP>,0.0,0.0,0.0,2021-05-17
Nuss,41ALB3X <DUMP>,0.0,0.0,0.0,2021-05-17
Nuss,27DT2X V2018 <DUMP>,0.0,0.0,0.0,2021-05-17
Nuss,53EWF4X <DUMP>,0.0,0.0,0.0,2021-05-17
Nuss,SFUB2X <DUMP>,0.0,0.0,0.0,2021-05-17
Nuss,37DT2X <DUMP>,0.0,0.0,0.0,2021-05-17
Nuss,27DT2XU <DUMP>,0.0,0.0,0.0,2021-05-17
Nuss,37DT4X FF <DUMP>,0.0,0.0,0.0,2021-05-17
Nuss,48ALB4X <DUMP>,0.0,0.0,0.0,2021-05-17
Nuss,39ALB3X <DUMP>,0.0,0.0,0.0,2021-05-17
Nuss,37DT2X HV <DUMP>,0.0,0.0,0.0,2021-05-17
Nuss,27DT2X HV <DUMP>,0.0,0.0,0.0,2021-05-17
Nuss,40JD2X WL <JEEP DOLLY>,0.0,0.0,0.0,2021-05-17
Nuss,40JD2X OF <JEEP DOLLY>,0.0,0.0,0.0,2021-05-17
Nuss,20JD1X HP <JEEP DOLLY>,0.0,0.0,0.0,2021-05-17
Nuss,20JD1X LP <JEEP DOLLY>,0.0,0.0,0.0,2021-05-17
Nuss,40JD2X HG <JEEP DOLLY>,0.0,0.0,0.0,2021-05-17
Nuss,60JD3X HG <JEEP DOLLY>,0.0,0.0,0.0,2021-05-17
Nuss,JD2+1X <JEEP DOLLY>,0.0,0.0,0.0,2021-05-17
Nuss,JD2X <JEEP DOLLY>,0.0,0.0,0.0,2021-05-17
Nuss,25VT2V DCI <CONTAINER CHASSIS>,0.0,0.0,0.0,2021-05-17
Nuss,40VT2V Mexico <CONTAINER CHASSIS>,0.0,0.0,0.0,2021-05-17
Nuss,51VT4V DCI <CONTAINER CHASSIS>,0.0,0.0,0.0,2021-05-17
Nuss,53VT2V DCI <CONTAINER CHASSIS>,0.0,0.0,0.0,2021-05-17
Nuss,53VT2V Penske <CONTAINER CHASSIS>,0.0,0.0,0.0,2021-05-17
Nuss,53VT3V DCI <CONTAINER CHASSIS>,0.0,0.0,0.0,2021-05-17
Nuss,38GT1X <CONTAINER CHASSIS>,0.0,0.0,0.0,2021-05-17
Nuss,48GT2X <CONTAINER CHASSIS>,0.0,0.0,0.0,2021-05-17
Nuss,51VT2V DCI <CONTAINER CHASSIS>,0.0,0.0,0.0,2021-05-17
Nuss,12GT1X <CONTAINER CHASSIS>,0.0,0.0,0.0,2021-05-17
Nuss,26VT1V Mexico <CONTAINER CHASSIS>,0.0,0.0,0.0,2021-05-17
Nuss,42VT2V Mexico <CONTAINER CHASSIS>,0.0,0.0,0.0,2021-05-17
Nuss,30DT3X-CHASSIS <CONTAINER CHASSIS>,0.0,0.0,0.0,2021-05-17
Nuss,53VT2V FL CA <CONTAINER CHASSIS>,0.0,0.0,0.0,2021-05-17
Nuss,53VT2V FL CA-97 <CONTAINER CHASSIS>,0.0,0.0,0.0,2021-05-17
Nuss,53VT2V FL US-97 <CONTAINER CHASSIS>,0.0,0.0,0.0,2021-05-17
Nuss,53VT2V JB HUNT <CONTAINER CHASSIS>,0.0,0.0,0.0,2021-05-17
Nuss,33VT2V DCI Tag <CONTAINER CHASSIS>,0.0,0.0,0.0,2021-05-17
Nuss,40CC2X <CONTAINER CHASSIS>,0.0,0.0,0.0,2021-05-17
Nuss,53VT3X DCI V2021 <CONTAINER CHASSIS>,0.0,0.0,0.0,2021-05-17
Nuss,53VT3V PENSKE <CONTAINER CHASSIS>,0.0,0.0,0.0,2021-05-17
Nuss,53VT2V Frito Lay <CONTAINER CHASSIS>,0.0,0.0,0.0,2021-05-17
Nuss,53VT2V FL US <CONTAINER CHASSIS>,0.0,0.0,0.0,2021-05-17
Nuss,40GT1X <CONTAINER CHASSIS>,0.0,0.0,0.0,2021-05-17
Nuss,20VT1V Mexico <CONTAINER CHASSIS>,0.0,0.0,0.0,2021-05-17
Nuss,53VT2V CAL <CONTAINER CHASSIS>,0.0,0.0,0.0,2021-05-17
Nuss,38GT2X <CONTAINER CHASSIS>,0.0,0.0,0.0,2021-05-17
Nuss,51GT2X <CONTAINER CHASSIS>,0.0,0.0,0.0,2021-05-17
Nuss,47GT2X <CONTAINER CHASSIS>,0.0,0.0,0.0,2021-05-17
Nuss,10GT1X <CONTAINER CHASSIS>,0.0,0.0,0.0,2021-05-17
Nuss,34VT1V Hostler <CONTAINER CHASSIS>,0.0,0.0,0.0,2021-05-17
Nuss,53VT2V DCI LD <CONTAINER CHASSIS>,0.0,0.0,0.0,2021-05-17
Nuss,53VT2V FL CA-53 <CONTAINER CHASSIS>,0.0,0.0,0.0,2021-05-17
Nuss,10GT2X <CONTAINER CHASSIS>,0.0,0.0,0.0,2021-05-17
Nuss,12GT2X <CONTAINER CHASSIS>,0.0,0.0,0.0,2021-05-17
Nuss,42DD3X <NUCLEAR>,0.0,0.0,0.0,2021-05-17
Nuss,42DD3X WCS <NUCLEAR>,0.0,0.0,0.0,2021-05-17
Nuss,42DD2X <NUCLEAR>,0.0,0.0,0.0,2021-05-17
Nuss,46DD4X WCS <NUCLEAR>,0.0,0.0,0.0,2021-05-17
Nuss,40NS2 US <NUCLEAR>,0.0,0.0,0.0,2021-05-17
Nuss,44DD2X <NUCLEAR>,0.0,0.0,0.0,2021-05-17
Nuss,49DD3X HD <NUCLEAR>,0.0,0.0,0.0,2021-05-17
Nuss,50DD4X <NUCLEAR>,0.0,0.0,0.0,2021-05-17
Nuss,51DD3X HD <NUCLEAR>,0.0,0.0,0.0,2021-05-17
Nuss,50DD3X <NUCLEAR>,0.0,0.0,0.0,2021-05-17
Nuss,53DD4X <NUCLEAR>,0.0,0.0,0.0,2021-05-17
Nuss,47DD3X <NUCLEAR>,0.0,0.0,0.0,2021-05-17
Nuss,45DD3X <NUCLEAR>,0.0,0.0,0.0,2021-05-17
Nuss,53ET3X MR WEST <EQUIPMENT>,0.0,0.0,0.0,2021-05-17
Nuss,48ET3X MR <EQUIPMENT>,0.0,0.0,0.0,2021-05-17
Nuss,42ET2X <EQUIPMENT>,0.0,0.0,0.0,2021-05-17
Nuss,48ET2X <EQUIPMENT>,0.0,0.0,0.0,2021-05-17
Nuss,53ET2X <EQUIPMENT>,0.0,0.0,0.0,2021-05-17
Nuss,53ET4X MR <EQUIPMENT>,0.0,0.0,0.0,2021-05-17
Nuss,53ET3X MR EAST <EQUIPMENT>,0.0,0.0,0.0,2021-05-17
Nuss,53ET4X <EQUIPMENT>,0.0,0.0,0.0,2021-05-17
Nuss,42ET3X <EQUIPMENT>,0.0,0.0,0.0,2021-05-17
Nuss,48ET3X <EQUIPMENT>,0.0,0.0,0.0,2021-05-17
Nuss,53ET3X <EQUIPMENT>,0.0,0.0,0.0,2021-05-17
Nuss,360 <SCREENER>,0.0,0.0,0.0,2021-05-17
Nuss,14CR1X <CABLE REEL>,0.0,0.0,0.0,2021-05-17
Nuss,11CD1X <CONVERTERS/BOOSTERS>,0.0,0.0,0.0,2021-05-17
Nuss,11SB1X SB <CONVERTERS/BOOSTERS>,0.0,0.0,0.0,2021-05-17
Nuss,11SB1X <CONVERTERS/BOOSTERS>,0.0,0.0,0.0,2021-05-17
Nuss,22CD2X <CONVERTERS/BOOSTERS>,0.0,0.0,0.0,2021-05-17
Nuss,11SB2X SB <CONVERTERS/BOOSTERS>,0.0,0.0,0.0,2021-05-17
Nuss,LP14 <AGRICULTURE>,0.0,0.0,0.0,2021-05-17
Nuss,LP18 <AGRICULTURE>,0.0,0.0,0.0,2021-05-17
Nuss,20PC2X <CHASSIS>,0.0,0.0,0.0,2021-05-17
Nuss,40CC3X <CHASSIS>,0.0,0.0,0.0,2021-05-17
Nuss,40CC3X53EXT <CHASSIS>,0.0,0.0,0.0,2021-05-17
Nuss,30CC2X <CHASSIS>,0.0,0.0,0.0,2021-05-17
Nuss,12CC2X <CHASSIS>,0.0,0.0,0.0,2021-05-17
Nuss,22CC2X <CHASSIS>,0.0,0.0,0.0,2021-05-17
Nuss,42CC3X <CHASSIS>,0.0,0.0,0.0,2021-05-17
Nuss,20CC2X <CHASSIS>,0.0,0.0,0.0,2021-05-17
Nuss,20CC3X <CHASSIS>,0.0,0.0,0.0,2021-05-17
Nuss,Pony 3X17 <CHASSIS>,0.0,0.0,0.0,2021-05-17
Nuss,44CC3X <CHASSIS>,0.0,0.0,0.0,2021-05-17
Nuss,27BC2X <CHASSIS>,0.0,0.0,0.0,2021-05-17
Nuss,45BC3X <CHASSIS>,0.0,0.0,0.0,2021-05-17
Nuss,30PC3X <CHASSIS>,0.0,0.0,0.0,2021-05-17
Nuss,PY-FR454-WR3X <STARGATE>,0.0,0.0,0.0,2021-05-17
Nuss,48LB4X A <STARGATE>,0.0,0.0,0.0,2021-05-17
Nuss,TB48 <STARGATE>,0.0,0.0,0.0,2021-05-17
Nuss,Dump SF3X <STARGATE>,0.0,0.0,0.0,2021-05-17
Nuss,30SB <STARGATE>,0.0,0.0,0.0,2021-05-17
Nuss,B-Train Pull Dump_temp1 <STARGATE>,0.0,0.0,0.0,2021-05-17
Nuss,CD2X <STARGATE>,0.0,0.0,0.0,2021-05-17
Nuss,24SB <STARGATE>,0.0,0.0,0.0,2021-05-17
Nuss,UBF2X <STARGATE>,0.0,0.0,0.0,2021-05-17
Nuss,38LB3X A <STARGATE>,0.0,0.0,0.0,2021-05-17
Nuss,28LB2X A <STARGATE>,0.0,0.0,0.0,2021-05-17
Nuss,CD1X <STARGATE>,0.0,0.0,0.0,2021-05-17
Nuss,Dump SF2X <STARGATE>,0.0,0.0,0.0,2021-05-17
Nuss,Steel End Dump 2X <STARGATE>,0.0,0.0,0.0,2021-05-17
Nuss,17PDB <STARGATE>,0.0,0.0,0.0,2021-05-17
Nuss,Dump SF4X <STARGATE>,0.0,0.0,0.0,2021-05-17
Nuss,Dump 36SF3X <STARGATE>,0.0,0.0,0.0,2021-05-17
Nuss,Pony Dump 3X17 <STARGATE>,0.0,0.0,0.0,2021-05-17
Nuss,19SB <STARGATE>,0.0,0.0,0.0,2021-05-17
Nuss,End Dump - temp1 <STARGATE>,0.0,0.0,0.0,2021-05-17
Nuss,B-Train Dump_temp1 <STARGATE>,0.0,0.0,0.0,2021-05-17
Nuss,Pony Chassis <STARGATE>,0.0,0.0,0.0,2021-05-17
Nuss,End Dump 4X <END DUMPS>,0.0,0.0,0.0,2021-05-17
Nuss,Frameless Alum. U Body 2X <END DUMPS>,0.0,0.0,0.0,2021-05-17
Nuss,Frameless Alum. U Body 3X <END DUMPS>,0.0,0.0,0.0,2021-05-17
Weaco,46LF3X4T NS <LOG EASTERN>,0.0,0.0,0.0,2021-05-17
Weaco,46LF3X4T NL <LOG EASTERN>,0.0,0.0,0.0,2021-05-17
Weaco,46LD4X4T NS <LOG EASTERN>,0.0,0.0,0.0,2021-05-17
Weaco,39LBT3X NS <LOG EASTERN>,0.0,0.0,0.0,2021-05-17
Weaco,28LBT2X NS <LOG EASTERN>,0.0,0.0,0.0,2021-05-17
Weaco,42LD3X NL <LOG EASTERN>,0.0,0.0,0.0,2021-05-17
Weaco,27LBT2X NL <LOG EASTERN>,0.0,0.0,0.0,2021-05-17
Weaco,37LBT3X NL <LOG EASTERN>,0.0,0.0,0.0,2021-05-17
Weaco,46LD3X4TLW NS <LOG EASTERN>,0.0,0.0,0.0,2021-05-17
Weaco,18LPT3X <LOG EASTERN>,0.0,0.0,0.0,2021-05-17
Weaco,48LF4X NL <LOG EASTERN>,0.0,0.0,0.0,2021-05-17
Weaco,51LD5X5T ON <LOG EASTERN>,0.0,0.0,0.0,2021-05-17
Weaco,25LPT3X JDI <LOG EASTERN>,0.0,0.0,0.0,2021-05-17
Weaco,53LD3X5T JDIHD <LOG EASTERN>,0.0,0.0,0.0,2021-05-17
Weaco,48LD4X4T V2018 <LOG EASTERN>,0.0,0.0,0.0,2021-05-17
Weaco,46LF3X4T NS V2017 <LOG EASTERN>,0.0,0.0,0.0,2021-05-17
Weaco,48LF3X5T NB V2016 <LOG EASTERN>,0.0,0.0,0.0,2021-05-17
Weaco,51LF3X5T NB V2016 <LOG EASTERN>,0.0,0.0,0.0,2021-05-17
Weaco,48LF3X NL <LOG EASTERN>,0.0,0.0,0.0,2021-05-17
Weaco,39LBT3X ON <LOG EASTERN>,0.0,0.0,0.0,2021-05-17
Weaco,51LF4X5T NB TRI V2016 <LOG EASTERN>,0.0,0.0,0.0,2021-05-17
Weaco,51LF4X5T V2018 <LOG EASTERN>,0.0,0.0,0.0,2021-05-17
Weaco,48LF4X5T V2018 <LOG EASTERN>,0.0,0.0,0.0,2021-05-17
Weaco,48LF3X5T V2018 <LOG EASTERN>,0.0,0.0,0.0,2021-05-17
Weaco,48LD3X5T V2018 <LOG EASTERN>,0.0,0.0,0.0,2021-05-17
Weaco,46LF4X NL <LOG EASTERN>,0.0,0.0,0.0,2021-05-17
Weaco,52LD4X5T <LOG EASTERN>,0.0,0.0,0.0,2021-05-17
Weaco,48LF3X5T NB V2018 <LOG EASTERN>,0.0,0.0,0.0,2021-05-17
Weaco,51LD4X5T V2018 <LOG EASTERN>,0.0,0.0,0.0,2021-05-17
Weaco,51LD4X5T ON <LOG EASTERN>,0.0,0.0,0.0,2021-05-17
Weaco,25LPT2X <LOG EASTERN>,0.0,0.0,0.0,2021-05-17
Weaco,46LF3X4T V2018 <LOG EASTERN>,0.0,0.0,0.0,2021-05-17
Weaco,25LPT3X <LOG EASTERN>,0.0,0.0,0.0,2021-05-17
Weaco,46LD3X4T V2018 <LOG EASTERN>,0.0,0.0,0.0,2021-05-17
Weaco,46LD4X NL <LOG EASTERN>,0.0,0.0,0.0,2021-05-17
Weaco,52LF4X5T <LOG EASTERN>,0.0,0.0,0.0,2021-05-17
Weaco,48LD4X4T NB V2017 <LOG EASTERN>,0.0,0.0,0.0,2021-05-17
Weaco,48LD4X5T ON <LOG EASTERN>,0.0,0.0,0.0,2021-05-17
Weaco,48LD4X5T V2018 <LOG EASTERN>,0.0,0.0,0.0,2021-05-17
Weaco,30LBT2X ON <LOG EASTERN>,0.0,0.0,0.0,2021-05-17
Weaco,51LD5X5T ON V2017 <LOG EASTERN>,0.0,0.0,0.0,2021-05-17
Weaco,46LD3X4T US <LOG US>,0.0,0.0,0.0,2021-05-17
Weaco,48LD3X5T US <LOG US>,0.0,0.0,0.0,2021-05-17
Weaco,46LD2X4T US <LOG US>,0.0,0.0,0.0,2021-05-17
Weaco,46LD3X4T USAE <LOG US>,0.0,0.0,0.0,2021-05-17
Weaco,46LD3X2T US <LOG US>,0.0,0.0,0.0,2021-05-17
Weaco,46LF3X MN <LOG US>,0.0,0.0,0.0,2021-05-17
Weaco,48LD3X5T USAE <LOG US>,0.0,0.0,0.0,2021-05-17
Weaco,51LF4X3T US <LOG US>,0.0,0.0,0.0,2021-05-17
Weaco,46LF3X4T USAE <LOG US>,0.0,0.0,0.0,2021-05-17
Weaco,48LF3X5T USAE <LOG US>,0.0,0.0,0.0,2021-05-17
Weaco,42LD3X4T USAE <LOG US>,0.0,0.0,0.0,2021-05-17
Weaco,46LD3X5T HALE <LOG US>,0.0,0.0,0.0,2021-05-17
Weaco,35ADG2X AGNR <MACHINERY>,0.0,0.0,0.0,2021-05-17
Weaco,35ADG2X AGR <MACHINERY>,0.0,0.0,0.0,2021-05-17
Weaco,35ADG2X NR <MACHINERY>,0.0,0.0,0.0,2021-05-17
Weaco,35ADG2X R <MACHINERY>,0.0,0.0,0.0,2021-05-17
Weaco,35FA <MACHINERY>,0.0,0.0,0.0,2021-05-17
Weaco,40ADG2X NR <MACHINERY>,0.0,0.0,0.0,2021-05-17
Weaco,40ADG3X AGR <MACHINERY>,0.0,0.0,0.0,2021-05-17
Weaco,40ADG3X R <MACHINERY>,0.0,0.0,0.0,2021-05-17
Weaco,35MD2X53 EXT <MACHINERY>,0.0,0.0,0.0,2021-05-17
Weaco,35ADG2X53 AGNR <MACHINERY>,0.0,0.0,0.0,2021-05-17
Weaco,50ADG3X53 NR <MACHINERY>,0.0,0.0,0.0,2021-05-17
Weaco,30ADG2X51 AGLP <MACHINERY>,0.0,0.0,0.0,2021-05-17
Weaco,40ADG3X53 NR <MACHINERY>,0.0,0.0,0.0,2021-05-17
Weaco,40ADG3X53 AGNR <MACHINERY>,0.0,0.0,0.0,2021-05-17
Weaco,35ADG3X53 AGNR <MACHINERY>,0.0,0.0,0.0,2021-05-17
Weaco,35ADG2X37 AGNR <MACHINERY>,0.0,0.0,0.0,2021-05-17
Weaco,35MD2X EXT <MACHINERY>,0.0,0.0,0.0,2021-05-17
Weaco,30ADG2X51 LP <MACHINERY>,0.0,0.0,0.0,2021-05-17
Weaco,35ADG2X53 AGC <MACHINERY>,0.0,0.0,0.0,2021-05-17
Weaco,20PAG2X <MACHINERY>,0.0,0.0,0.0,2021-05-17
Weaco,35ADG2X51 AGC <MACHINERY>,0.0,0.0,0.0,2021-05-17
Weaco,35ADG2X53 AGCO <MACHINERY>,0.0,0.0,0.0,2021-05-17
Weaco,35ADG2X48 AGULP <MACHINERY>,0.0,0.0,0.0,2021-05-17
Weaco,35MD2X48 <MACHINERY>,0.0,0.0,0.0,2021-05-17
Weaco,35MD2X53 <MACHINERY>,0.0,0.0,0.0,2021-05-17
Weaco,35MD2X BT <MACHINERY>,0.0,0.0,0.0,2021-05-17
Weaco,35DD2X BT <MACHINERY>,0.0,0.0,0.0,2021-05-17
Weaco,35MD2X48 P <MACHINERY>,0.0,0.0,0.0,2021-05-17
Weaco,45MD3X EXT <MACHINERY>,0.0,0.0,0.0,2021-05-17
Weaco,35HDG2X53 <MACHINERY>,0.0,0.0,0.0,2021-05-17
Weaco,35ADG2X51 AGLP <MACHINERY>,0.0,0.0,0.0,2021-05-17
Weaco,35ADG2X51 AGNR <MACHINERY>,0.0,0.0,0.0,2021-05-17
Weaco,35ADG2X53 AGS <MACHINERY>,0.0,0.0,0.0,2021-05-17
Weaco,30ADG2X53 AGLP <MACHINERY>,0.0,0.0,0.0,2021-05-17
Weaco,40ADG3X53 AGLP <MACHINERY>,0.0,0.0,0.0,2021-05-17
Weaco,35ADG2X51 LP <MACHINERY>,0.0,0.0,0.0,2021-05-17
Weaco,35MD2X48 AGULP <MACHINERY>,0.0,0.0,0.0,2021-05-17
Weaco,40SN3X <OILFIELD>,0.0,0.0,0.0,2021-05-17
Weaco,40SN3X SB <OILFIELD>,0.0,0.0,0.0,2021-05-17
Weaco,55LB3X LND <OILFIELD>,0.0,0.0,0.0,2021-05-17
Weaco,40SN3X M <OILFIELD>,0.0,0.0,0.0,2021-05-17
Weaco,60SN3X <OILFIELD>,0.0,0.0,0.0,2021-05-17
Weaco,50SN3X 2018 <OILFIELD>,0.0,0.0,0.0,2021-05-17
Weaco,50SN3X <OILFIELD>,0.0,0.0,0.0,2021-05-17
Weaco,55LB3X SND <OILFIELD>,0.0,0.0,0.0,2021-05-17
Weaco,55LB3X LNF <OILFIELD>,0.0,0.0,0.0,2021-05-17
Weaco,51OF3X <OILFIELD>,0.0,0.0,0.0,2021-05-17
Weaco,2510 <SNOW & ICE CONTROL>,0.0,0.0,0.0,2021-05-17
Weaco,2513 <SNOW & ICE CONTROL>,0.0,0.0,0.0,2021-05-17
Weaco,2514 <SNOW & ICE CONTROL>,0.0,0.0,0.0,2021-05-17
Weaco,2311NB <SNOW & ICE CONTROL>,0.0,0.0,0.0,2021-05-17
Weaco,1155 <SNOW & ICE CONTROL>,0.0,0.0,0.0,2021-05-17
Weaco,2514 DC <SNOW & ICE CONTROL>,0.0,0.0,0.0,2021-05-17
Weaco,TC1X <SNOW & ICE CONTROL>,0.0,0.0,0.0,2021-05-17
Weaco,1040G <SNOW & ICE CONTROL>,0.0,0.0,0.0,2021-05-17
Weaco,3434 PMB <SNOW & ICE CONTROL>,0.0,0.0,0.0,2021-05-17
Weaco,2311 <SNOW & ICE CONTROL>,0.0,0.0,0.0,2021-05-17
Weaco,2313 <SNOW & ICE CONTROL>,0.0,0.0,0.0,2021-05-17
Weaco,SICD2X NT <SNOW & ICE CONTROL>,0.0,0.0,0.0,2021-05-17
Weaco,SICP1X NT <SNOW & ICE CONTROL>,0.0,0.0,0.0,2021-05-17
Weaco,1030G <SNOW & ICE CONTROL>,0.0,0.0,0.0,2021-05-17
Weaco,1050G <SNOW & ICE CONTROL>,0.0,0.0,0.0,2021-05-17
Weaco,2049 <SNOW & ICE CONTROL>,0.0,0.0,0.0,2021-05-17
Weaco,SICP2X NT <SNOW & ICE CONTROL>,0.0,0.0,0.0,2021-05-17
Weaco,2514 SNC <SNOW & ICE CONTROL>,0.0,0.0,0.0,2021-05-17
Weaco,2047 <SNOW & ICE CONTROL>,0.0,0.0,0.0,2021-05-17
Weaco,SPUD KIT 4300 <SNOW & ICE CONTROL>,0.0,0.0,0.0,2021-05-17
Weaco,2513 DC <SNOW & ICE CONTROL>,0.0,0.0,0.0,2021-05-17
Weaco,2313NB <SNOW & ICE CONTROL>,0.0,0.0,0.0,2021-05-17
Weaco,2314NB <SNOW & ICE CONTROL>,0.0,0.0,0.0,2021-05-17
Weaco,TC2X <SNOW & ICE CONTROL>,0.0,0.0,0.0,2021-05-17
Weaco,3920-94 PMP <SNOW & ICE CONTROL>,0.0,0.0,0.0,2021-05-17
Weaco,Installation <SNOW & ICE CONTROL>,0.0,0.0,0.0,2021-05-17
Weaco,2310NB <SNOW & ICE CONTROL>,0.0,0.0,0.0,2021-05-17
Weaco,TEMP <SNOW & ICE CONTROL>,0.0,0.0,0.0,2021-05-17
Weaco,2020 <SNOW & ICE CONTROL>,0.0,0.0,0.0,2021-05-17
Weaco,20ANR <TAGS>,0.0,0.0,0.0,2021-05-17
Weaco,15BWS2X <TAGS>,0.0,0.0,0.0,2021-05-17
Weaco,20BWS3X <TAGS>,0.0,0.0,0.0,2021-05-17
Weaco,20FDNT <TAGS>,0.0,0.0,0.0,2021-05-17
Weaco,20PLS2X <TAGS>,0.0,0.0,0.0,2021-05-17
Weaco,30NTT <TAGS>,0.0,0.0,0.0,2021-05-17
Weaco,30FDNT <TAGS>,0.0,0.0,0.0,2021-05-17
Weaco,15BWS2X G <TAGS>,0.0,0.0,0.0,2021-05-17
Weaco,20NTTS <TAGS>,0.0,0.0,0.0,2021-05-17
Weaco,40EPT1X <TAGS>,0.0,0.0,0.0,2021-05-17
Weaco,30 ANR MINE <TAGS>,0.0,0.0,0.0,2021-05-17
Weaco,20PT2X <TAGS>,0.0,0.0,0.0,2021-05-17
Weaco,WTT2X <TAGS>,0.0,0.0,0.0,2021-05-17
Weaco,25PT3X <TAGS>,0.0,0.0,0.0,2021-05-17
Weaco,20ART <TAGS>,0.0,0.0,0.0,2021-05-17
Weaco,20MTT <TAGS>,0.0,0.0,0.0,2021-05-17
Weaco,20NTT <TAGS>,0.0,0.0,0.0,2021-05-17
Weaco,25ANR <TAGS>,0.0,0.0,0.0,2021-05-17
Weaco,25ART <TAGS>,0.0,0.0,0.0,2021-05-17
Weaco,25NTT <TAGS>,0.0,0.0,0.0,2021-05-17
Weaco,20FDNT ECO <TAGS>,0.0,0.0,0.0,2021-05-17
Weaco,25FDNT <TAGS>,0.0,0.0,0.0,2021-05-17
Weaco,25FDNT ECO <TAGS>,0.0,0.0,0.0,2021-05-17
Weaco,20BWS2X <TAGS>,0.0,0.0,0.0,2021-05-17
Weaco,25BWS3X <TAGS>,0.0,0.0,0.0,2021-05-17
Weaco,30ANR <TAGS>,0.0,0.0,0.0,2021-05-17
Weaco,30ART <TAGS>,0.0,0.0,0.0,2021-05-17
Weaco,53ET2XP <PAVING & RECOVERY>,0.0,0.0,0.0,2021-05-17
Weaco,53ET3XP <PAVING & RECOVERY>,0.0,0.0,0.0,2021-05-17
Weaco,53ET4XP <PAVING & RECOVERY>,0.0,0.0,0.0,2021-05-17
Weaco,48ET2XP <PAVING & RECOVERY>,0.0,0.0,0.0,2021-05-17
Weaco,48ET3XP <PAVING & RECOVERY>,0.0,0.0,0.0,2021-05-17
Weaco,60HDGSB <HYDRAULICS>,0.0,0.0,0.0,2021-05-17
Weaco,55FA <HYDRAULICS>,0.0,0.0,0.0,2021-05-17
Weaco,55HDG4X SB <HYDRAULICS>,0.0,0.0,0.0,2021-05-17
Weaco,40HDG4X SB P <HYDRAULICS>,0.0,0.0,0.0,2021-05-17
Weaco,55HDG3X BTHH <HYDRAULICS>,0.0,0.0,0.0,2021-05-17
Weaco,55HDG3X SBHH <HYDRAULICS>,0.0,0.0,0.0,2021-05-17
Weaco,60HDG4X SB <HYDRAULICS>,0.0,0.0,0.0,2021-05-17
Weaco,35HDG2X Mini <HYDRAULICS>,0.0,0.0,0.0,2021-05-17
Weaco,50HDG3X AG <HYDRAULICS>,0.0,0.0,0.0,2021-05-17
Weaco,55HDG3X E <HYDRAULICS>,0.0,0.0,0.0,2021-05-17
Weaco,50FA AGRI <HYDRAULICS>,0.0,0.0,0.0,2021-05-17
Weaco,55FA LH <HYDRAULICS>,0.0,0.0,0.0,2021-05-17
Weaco,51HDG3X SB <HYDRAULICS>,0.0,0.0,0.0,2021-05-17
Weaco,55HDG3X SB <HYDRAULICS>,0.0,0.0,0.0,2021-05-17
Weaco,35HDG2X53 AGC <HYDRAULICS>,0.0,0.0,0.0,2021-05-17
Weaco,35HDG2X53 AGNR <HYDRAULICS>,0.0,0.0,0.0,2021-05-17
Weaco,55HDG3X BTHH AG <HYDRAULICS>,0.0,0.0,0.0,2021-05-17
Weaco,55HDG3X SBHH AG <HYDRAULICS>,0.0,0.0,0.0,2021-05-17
Weaco,60HDG3X HB_temp1 <HYDRAULICS>,0.0,0.0,0.0,2021-05-17
Weaco,55HDG3X <HYDRAULICS>,0.0,0.0,0.0,2021-05-17
Weaco,55HDG3X H <HYDRAULICS>,0.0,0.0,0.0,2021-05-17
Weaco,55FA  B <HYDRAULICS>,0.0,0.0,0.0,2021-05-17
Weaco,55HDG3X Q1 <HYDRAULICS>,0.0,0.0,0.0,2021-05-17
Weaco,55HDG3X US <HYDRAULICS>,0.0,0.0,0.0,2021-05-17
Weaco,DECK - Bellemar <HYDRAULICS>,0.0,0.0,0.0,2021-05-17
Weaco,35HDG2X NR <HYDRAULICS>,0.0,0.0,0.0,2021-05-17
Weaco,40HDG3X AG <HYDRAULICS>,0.0,0.0,0.0,2021-05-17
Weaco,25HDG2X Mini <HYDRAULICS>,0.0,0.0,0.0,2021-05-17
Weaco,55HDG3X HS <HYDRAULICS>,0.0,0.0,0.0,2021-05-17
Weaco,GNK - Bellemare <HYDRAULICS>,0.0,0.0,0.0,2021-05-17
Weaco,40HDG3X53 AG <HYDRAULICS>,0.0,0.0,0.0,2021-05-17
Weaco,35HDG2X48 AGULP <HYDRAULICS>,0.0,0.0,0.0,2021-05-17
Weaco,70HDG4X SB <HYDRAULICS>,0.0,0.0,0.0,2021-05-17
Weaco,51LF3X3T SK <LOG WESTERN>,0.0,0.0,0.0,2021-05-17
Weaco,37LBT2X W <LOG WESTERN>,0.0,0.0,0.0,2021-05-17
Weaco,53LD3X3T BC <LOG WESTERN>,0.0,0.0,0.0,2021-05-17
Weaco,50LF4X3T HD <LOG WESTERN>,0.0,0.0,0.0,2021-05-17
Weaco,39LBT2X W <LOG WESTERN>,0.0,0.0,0.0,2021-05-17
Weaco,39LBT3X W <LOG WESTERN>,0.0,0.0,0.0,2021-05-17
Weaco,51LF3X3T AB V2016 <LOG WESTERN>,0.0,0.0,0.0,2021-05-17
Weaco,50LF3X3T HD <LOG WESTERN>,0.0,0.0,0.0,2021-05-17
Weaco,51LF4X3T AB V2015 <LOG WESTERN>,0.0,0.0,0.0,2021-05-17
Weaco,53LD3X3T BCHD <LOG WESTERN>,0.0,0.0,0.0,2021-05-17
Weaco,30LBT2X W <LOG WESTERN>,0.0,0.0,0.0,2021-05-17
Weaco,51LF3X3T PEAK <LOG WESTERN>,0.0,0.0,0.0,2021-05-17
Weaco,37LBT3X PEAK <LOG WESTERN>,0.0,0.0,0.0,2021-05-17
Weaco,37LBT3X W <LOG WESTERN>,0.0,0.0,0.0,2021-05-17
Weaco,27LBT2X W <LOG WESTERN>,0.0,0.0,0.0,2021-05-17
Weaco,51LF3X3T SK V2016 <LOG WESTERN>,0.0,0.0,0.0,2021-05-17
Weaco,40LD3X <LOG WESTERN>,0.0,0.0,0.0,2021-05-17
Weaco,27LD2X <LOG WESTERN>,0.0,0.0,0.0,2021-05-17
Weaco,28LBT2X PEAK <LOG WESTERN>,0.0,0.0,0.0,2021-05-17
Weaco,50LF3X3T AB <LOG WESTERN>,0.0,0.0,0.0,2021-05-17
Weaco,50LF3X3T SK <LOG WESTERN>,0.0,0.0,0.0,2021-05-17
Weaco,46LD3X2T BC <LOG WESTERN>,0.0,0.0,0.0,2021-05-17
Weaco,51HD3X CON <HIGHWAY>,0.0,0.0,0.0,2021-05-17
Weaco,32HBT3X <HIGHWAY>,0.0,0.0,0.0,2021-05-17
Weaco,48HDD2X Custom V1 <HIGHWAY>,0.0,0.0,0.0,2021-05-17
Weaco,28HBT2XHD <HIGHWAY>,0.0,0.0,0.0,2021-05-17
Weaco,32HBT3XHD <HIGHWAY>,0.0,0.0,0.0,2021-05-17
Weaco,53HD3X <HIGHWAY>,0.0,0.0,0.0,2021-05-17
Weaco,53HF3X <HIGHWAY>,0.0,0.0,0.0,2021-05-17
Weaco,48HD3X <HIGHWAY>,0.0,0.0,0.0,2021-05-17
Weaco,53HDD2X <HIGHWAY>,0.0,0.0,0.0,2021-05-17
Weaco,53OHD3X <HIGHWAY>,0.0,0.0,0.0,2021-05-17
Weaco,53HF4X <HIGHWAY>,0.0,0.0,0.0,2021-05-17
Weaco,53HF4X - Super Single <HIGHWAY>,0.0,0.0,0.0,2021-05-17
Weaco,48HD2X <HIGHWAY>,0.0,0.0,0.0,2021-05-17
Weaco,53HF3XEXT <HIGHWAY>,0.0,0.0,0.0,2021-05-17
Weaco,29HD3X Rail <HIGHWAY>,0.0,0.0,0.0,2021-05-17
Weaco,42HD2X HD <HIGHWAY>,0.0,0.0,0.0,2021-05-17
Weaco,48HD2X PEAT <HIGHWAY>,0.0,0.0,0.0,2021-05-17
Weaco,39BT2X SCRAP <HIGHWAY>,0.0,0.0,0.0,2021-05-17
Weaco,20BT3X SCRAP <HIGHWAY>,0.0,0.0,0.0,2021-05-17
Weaco,53HD4X <HIGHWAY>,0.0,0.0,0.0,2021-05-17
Weaco,32HBT3X 2018 <HIGHWAY>,0.0,0.0,0.0,2021-05-17
Weaco,53HD3X 2018 <HIGHWAY>,0.0,0.0,0.0,2021-05-17
Weaco,48HF4X <HIGHWAY>,0.0,0.0,0.0,2021-05-17
Weaco,50HF5X <HIGHWAY>,0.0,0.0,0.0,2021-05-17
Weaco,53HD2X EXT_temp1 <HIGHWAY>,0.0,0.0,0.0,2021-05-17
Weaco,40HD3XB <HIGHWAY>,0.0,0.0,0.0,2021-05-17
Weaco,45HD2X <HIGHWAY>,0.0,0.0,0.0,2021-05-17
Weaco,48HDD2X EXT <HIGHWAY>,0.0,0.0,0.0,2021-05-17
Weaco,FA <HIGHWAY>,0.0,0.0,0.0,2021-05-17
Weaco,48HDD2X <HIGHWAY>,0.0,0.0,0.0,2021-05-17
Weaco,53HD2X Crane <HIGHWAY>,0.0,0.0,0.0,2021-05-17
Weaco,48HDD2X Custom <HIGHWAY>,0.0,0.0,0.0,2021-05-17
Weaco,48HF2X <HIGHWAY>,0.0,0.0,0.0,2021-05-17
Weaco,48HF3X <HIGHWAY>,0.0,0.0,0.0,2021-05-17
Weaco,48HD2X SPECIAL <HIGHWAY>,0.0,0.0,0.0,2021-05-17
Weaco,42HF2X <HIGHWAY>,0.0,0.0,0.0,2021-05-17
Weaco,53HDD3X <HIGHWAY>,0.0,0.0,0.0,2021-05-17
Weaco,28HBT2X 2018 <HIGHWAY>,0.0,0.0,0.0,2021-05-17
Weaco,46HDD2X Custom <HIGHWAY>,0.0,0.0,0.0,2021-05-17
Weaco,42HF3X HD <HIGHWAY>,0.0,0.0,0.0,2021-05-17
Weaco,35HD2X <HIGHWAY>,0.0,0.0,0.0,2021-05-17
Weaco,42HD3X 2018 <HIGHWAY>,0.0,0.0,0.0,2021-05-17
Weaco,53HD2X <HIGHWAY>,0.0,0.0,0.0,2021-05-17
Weaco,48HD5X <HIGHWAY>,0.0,0.0,0.0,2021-05-17
Weaco,53HD3X 2018 LDECK <HIGHWAY>,0.0,0.0,0.0,2021-05-17
Weaco,53HF3X 2018 <HIGHWAY>,0.0,0.0,0.0,2021-05-17
Weaco,53HD2X EXT <HIGHWAY>,0.0,0.0,0.0,2021-05-17
Weaco,48HDD3X <HIGHWAY>,0.0,0.0,0.0,2021-05-17
Weaco,53HD2X EXT H <HIGHWAY>,0.0,0.0,0.0,2021-05-17
Weaco,40HD2X Penske CUSTOM <HIGHWAY>,0.0,0.0,0.0,2021-05-17
Weaco,53HD3X EXT <HIGHWAY>,0.0,0.0,0.0,2021-05-17
Weaco,42HD3X HD <HIGHWAY>,0.0,0.0,0.0,2021-05-17
Weaco,28HBT2X <HIGHWAY>,0.0,0.0,0.0,2021-05-17
Weaco,37DT3X <DUMP>,0.0,0.0,0.0,2021-05-17
Weaco,27DT2X <DUMP>,0.0,0.0,0.0,2021-05-17
Weaco,27PD2X <DUMP>,0.0,0.0,0.0,2021-05-17
Weaco,28DPT3X <DUMP>,0.0,0.0,0.0,2021-05-17
Weaco,SPECIAL <DUMP>,0.0,0.0,0.0,2021-05-17
Weaco,26DT2X <DUMP>,0.0,0.0,0.0,2021-05-17
Weaco,32DT3X <DUMP>,0.0,0.0,0.0,2021-05-17
Weaco,28DPT2X <DUMP>,0.0,0.0,0.0,2021-05-17
Weaco,38ALB3XS <DUMP>,0.0,0.0,0.0,2021-05-17
Weaco,36ALB2X <DUMP>,0.0,0.0,0.0,2021-05-17
Weaco,32DT3X V2018 <DUMP>,0.0,0.0,0.0,2021-05-17
Weaco,41ALB3X <DUMP>,0.0,0.0,0.0,2021-05-17
Weaco,27DT2X V2018 <DUMP>,0.0,0.0,0.0,2021-05-17
Weaco,53EWF4X <DUMP>,0.0,0.0,0.0,2021-05-17
Weaco,SFUB2X <DUMP>,0.0,0.0,0.0,2021-05-17
Weaco,37DT2X <DUMP>,0.0,0.0,0.0,2021-05-17
Weaco,27DT2XU <DUMP>,0.0,0.0,0.0,2021-05-17
Weaco,37DT4X FF <DUMP>,0.0,0.0,0.0,2021-05-17
Weaco,48ALB4X <DUMP>,0.0,0.0,0.0,2021-05-17
Weaco,39ALB3X <DUMP>,0.0,0.0,0.0,2021-05-17
Weaco,37DT2X HV <DUMP>,0.0,0.0,0.0,2021-05-17
Weaco,27DT2X HV <DUMP>,0.0,0.0,0.0,2021-05-17
Weaco,40JD2X WL <JEEP DOLLY>,0.0,0.0,0.0,2021-05-17
Weaco,40JD2X OF <JEEP DOLLY>,0.0,0.0,0.0,2021-05-17
Weaco,20JD1X HP <JEEP DOLLY>,0.0,0.0,0.0,2021-05-17
Weaco,20JD1X LP <JEEP DOLLY>,0.0,0.0,0.0,2021-05-17
Weaco,40JD2X HG <JEEP DOLLY>,0.0,0.0,0.0,2021-05-17
Weaco,60JD3X HG <JEEP DOLLY>,0.0,0.0,0.0,2021-05-17
Weaco,JD2+1X <JEEP DOLLY>,0.0,0.0,0.0,2021-05-17
Weaco,JD2X <JEEP DOLLY>,0.0,0.0,0.0,2021-05-17
Weaco,25VT2V DCI <CONTAINER CHASSIS>,0.0,0.0,0.0,2021-05-17
Weaco,40VT2V Mexico <CONTAINER CHASSIS>,0.0,0.0,0.0,2021-05-17
Weaco,51VT4V DCI <CONTAINER CHASSIS>,0.0,0.0,0.0,2021-05-17
Weaco,53VT2V DCI <CONTAINER CHASSIS>,0.0,0.0,0.0,2021-05-17
Weaco,53VT2V Penske <CONTAINER CHASSIS>,0.0,0.0,0.0,2021-05-17
Weaco,53VT3V DCI <CONTAINER CHASSIS>,0.0,0.0,0.0,2021-05-17
Weaco,38GT1X <CONTAINER CHASSIS>,0.0,0.0,0.0,2021-05-17
Weaco,48GT2X <CONTAINER CHASSIS>,0.0,0.0,0.0,2021-05-17
Weaco,51VT2V DCI <CONTAINER CHASSIS>,0.0,0.0,0.0,2021-05-17
Weaco,12GT1X <CONTAINER CHASSIS>,0.0,0.0,0.0,2021-05-17
Weaco,26VT1V Mexico <CONTAINER CHASSIS>,0.0,0.0,0.0,2021-05-17
Weaco,42VT2V Mexico <CONTAINER CHASSIS>,0.0,0.0,0.0,2021-05-17
Weaco,30DT3X-CHASSIS <CONTAINER CHASSIS>,0.0,0.0,0.0,2021-05-17
Weaco,53VT2V FL CA <CONTAINER CHASSIS>,0.0,0.0,0.0,2021-05-17
Weaco,53VT2V FL CA-97 <CONTAINER CHASSIS>,0.0,0.0,0.0,2021-05-17
Weaco,53VT2V FL US-97 <CONTAINER CHASSIS>,0.0,0.0,0.0,2021-05-17
Weaco,53VT2V JB HUNT <CONTAINER CHASSIS>,0.0,0.0,0.0,2021-05-17
Weaco,33VT2V DCI Tag <CONTAINER CHASSIS>,0.0,0.0,0.0,2021-05-17
Weaco,40CC2X <CONTAINER CHASSIS>,0.0,0.0,0.0,2021-05-17
Weaco,53VT3X DCI V2021 <CONTAINER CHASSIS>,0.0,0.0,0.0,2021-05-17
Weaco,53VT3V PENSKE <CONTAINER CHASSIS>,0.0,0.0,0.0,2021-05-17
Weaco,53VT2V Frito Lay <CONTAINER CHASSIS>,0.0,0.0,0.0,2021-05-17
Weaco,53VT2V FL US <CONTAINER CHASSIS>,0.0,0.0,0.0,2021-05-17
Weaco,40GT1X <CONTAINER CHASSIS>,0.0,0.0,0.0,2021-05-17
Weaco,20VT1V Mexico <CONTAINER CHASSIS>,0.0,0.0,0.0,2021-05-17
Weaco,53VT2V CAL <CONTAINER CHASSIS>,0.0,0.0,0.0,2021-05-17
Weaco,38GT2X <CONTAINER CHASSIS>,0.0,0.0,0.0,2021-05-17
Weaco,51GT2X <CONTAINER CHASSIS>,0.0,0.0,0.0,2021-05-17
Weaco,47GT2X <CONTAINER CHASSIS>,0.0,0.0,0.0,2021-05-17
Weaco,10GT1X <CONTAINER CHASSIS>,0.0,0.0,0.0,2021-05-17
Weaco,34VT1V Hostler <CONTAINER CHASSIS>,0.0,0.0,0.0,2021-05-17
Weaco,53VT2V DCI LD <CONTAINER CHASSIS>,0.0,0.0,0.0,2021-05-17
Weaco,53VT2V FL CA-53 <CONTAINER CHASSIS>,0.0,0.0,0.0,2021-05-17
Weaco,10GT2X <CONTAINER CHASSIS>,0.0,0.0,0.0,2021-05-17
Weaco,12GT2X <CONTAINER CHASSIS>,0.0,0.0,0.0,2021-05-17
Weaco,42DD3X <NUCLEAR>,0.0,0.0,0.0,2021-05-17
Weaco,42DD3X WCS <NUCLEAR>,0.0,0.0,0.0,2021-05-17
Weaco,42DD2X <NUCLEAR>,0.0,0.0,0.0,2021-05-17
Weaco,46DD4X WCS <NUCLEAR>,0.0,0.0,0.0,2021-05-17
Weaco,40NS2 US <NUCLEAR>,0.0,0.0,0.0,2021-05-17
Weaco,44DD2X <NUCLEAR>,0.0,0.0,0.0,2021-05-17
Weaco,49DD3X HD <NUCLEAR>,0.0,0.0,0.0,2021-05-17
Weaco,50DD4X <NUCLEAR>,0.0,0.0,0.0,2021-05-17
Weaco,51DD3X HD <NUCLEAR>,0.0,0.0,0.0,2021-05-17
Weaco,50DD3X <NUCLEAR>,0.0,0.0,0.0,2021-05-17
Weaco,53DD4X <NUCLEAR>,0.0,0.0,0.0,2021-05-17
Weaco,47DD3X <NUCLEAR>,0.0,0.0,0.0,2021-05-17
Weaco,45DD3X <NUCLEAR>,0.0,0.0,0.0,2021-05-17
Weaco,53ET3X MR WEST <EQUIPMENT>,0.0,0.0,0.0,2021-05-17
Weaco,48ET3X MR <EQUIPMENT>,0.0,0.0,0.0,2021-05-17
Weaco,42ET2X <EQUIPMENT>,0.0,0.0,0.0,2021-05-17
Weaco,48ET2X <EQUIPMENT>,0.0,0.0,0.0,2021-05-17
Weaco,53ET2X <EQUIPMENT>,0.0,0.0,0.0,2021-05-17
Weaco,53ET4X MR <EQUIPMENT>,0.0,0.0,0.0,2021-05-17
Weaco,53ET3X MR EAST <EQUIPMENT>,0.0,0.0,0.0,2021-05-17
Weaco,53ET4X <EQUIPMENT>,0.0,0.0,0.0,2021-05-17
Weaco,42ET3X <EQUIPMENT>,0.0,0.0,0.0,2021-05-17
Weaco,48ET3X <EQUIPMENT>,0.0,0.0,0.0,2021-05-17
Weaco,53ET3X <EQUIPMENT>,0.0,0.0,0.0,2021-05-17
Weaco,360 <SCREENER>,0.0,0.0,0.0,2021-05-17
Weaco,14CR1X <CABLE REEL>,0.0,0.0,0.0,2021-05-17
Weaco,11CD1X <CONVERTERS/BOOSTERS>,0.0,0.0,0.0,2021-05-17
Weaco,11SB1X SB <CONVERTERS/BOOSTERS>,0.0,0.0,0.0,2021-05-17
Weaco,11SB1X <CONVERTERS/BOOSTERS>,0.0,0.0,0.0,2021-05-17
Weaco,22CD2X <CONVERTERS/BOOSTERS>,0.0,0.0,0.0,2021-05-17
Weaco,11SB2X SB <CONVERTERS/BOOSTERS>,0.0,0.0,0.0,2021-05-17
Weaco,LP14 <AGRICULTURE>,0.0,0.0,0.0,2021-05-17
Weaco,LP18 <AGRICULTURE>,0.0,0.0,0.0,2021-05-17
Weaco,20PC2X <CHASSIS>,0.0,0.0,0.0,2021-05-17
Weaco,40CC3X <CHASSIS>,0.0,0.0,0.0,2021-05-17
Weaco,40CC3X53EXT <CHASSIS>,0.0,0.0,0.0,2021-05-17
Weaco,30CC2X <CHASSIS>,0.0,0.0,0.0,2021-05-17
Weaco,12CC2X <CHASSIS>,0.0,0.0,0.0,2021-05-17
Weaco,22CC2X <CHASSIS>,0.0,0.0,0.0,2021-05-17
Weaco,42CC3X <CHASSIS>,0.0,0.0,0.0,2021-05-17
Weaco,20CC2X <CHASSIS>,0.0,0.0,0.0,2021-05-17
Weaco,20CC3X <CHASSIS>,0.0,0.0,0.0,2021-05-17
Weaco,Pony 3X17 <CHASSIS>,0.0,0.0,0.0,2021-05-17
Weaco,44CC3X <CHASSIS>,0.0,0.0,0.0,2021-05-17
Weaco,27BC2X <CHASSIS>,0.0,0.0,0.0,2021-05-17
Weaco,45BC3X <CHASSIS>,0.0,0.0,0.0,2021-05-17
Weaco,30PC3X <CHASSIS>,0.0,0.0,0.0,2021-05-17
Weaco,PY-FR454-WR3X <STARGATE>,0.0,0.0,0.0,2021-05-17
Weaco,48LB4X A <STARGATE>,0.0,0.0,0.0,2021-05-17
Weaco,TB48 <STARGATE>,0.0,0.0,0.0,2021-05-17
Weaco,Dump SF3X <STARGATE>,0.0,0.0,0.0,2021-05-17
Weaco,30SB <STARGATE>,0.0,0.0,0.0,2021-05-17
Weaco,B-Train Pull Dump_temp1 <STARGATE>,0.0,0.0,0.0,2021-05-17
Weaco,CD2X <STARGATE>,0.0,0.0,0.0,2021-05-17
Weaco,24SB <STARGATE>,0.0,0.0,0.0,2021-05-17
Weaco,UBF2X <STARGATE>,0.0,0.0,0.0,2021-05-17
Weaco,38LB3X A <STARGATE>,0.0,0.0,0.0,2021-05-17
Weaco,28LB2X A <STARGATE>,0.0,0.0,0.0,2021-05-17
Weaco,CD1X <STARGATE>,0.0,0.0,0.0,2021-05-17
Weaco,Dump SF2X <STARGATE>,0.0,0.0,0.0,2021-05-17
Weaco,Steel End Dump 2X <STARGATE>,0.0,0.0,0.0,2021-05-17
Weaco,17PDB <STARGATE>,0.0,0.0,0.0,2021-05-17
Weaco,Dump SF4X <STARGATE>,0.0,0.0,0.0,2021-05-17
Weaco,Dump 36SF3X <STARGATE>,0.0,0.0,0.0,2021-05-17
Weaco,Pony Dump 3X17 <STARGATE>,0.0,0.0,0.0,2021-05-17
Weaco,19SB <STARGATE>,0.0,0.0,0.0,2021-05-17
Weaco,End Dump - temp1 <STARGATE>,0.0,0.0,0.0,2021-05-17
Weaco,B-Train Dump_temp1 <STARGATE>,0.0,0.0,0.0,2021-05-17
Weaco,Pony Chassis <STARGATE>,0.0,0.0,0.0,2021-05-17
Weaco,End Dump 4X <END DUMPS>,0.0,0.0,0.0,2021-05-17
Weaco,Frameless Alum. U Body 2X <END DUMPS>,0.0,0.0,0.0,2021-05-17
Weaco,Frameless Alum. U Body 3X <END DUMPS>,0.0,0.0,0.0,2021-05-17
Clark's,46LF3X4T NS <LOG EASTERN>,0.0,0.0,0.0,2021-05-17
Clark's,46LF3X4T NL <LOG EASTERN>,0.0,0.0,0.0,2021-05-17
Clark's,46LD4X4T NS <LOG EASTERN>,0.0,0.0,0.0,2021-05-17
Clark's,39LBT3X NS <LOG EASTERN>,0.0,0.0,0.0,2021-05-17
Clark's,28LBT2X NS <LOG EASTERN>,0.0,0.0,0.0,2021-05-17
Clark's,42LD3X NL <LOG EASTERN>,0.0,0.0,0.0,2021-05-17
Clark's,27LBT2X NL <LOG EASTERN>,0.0,0.0,0.0,2021-05-17
Clark's,37LBT3X NL <LOG EASTERN>,0.0,0.0,0.0,2021-05-17
Clark's,46LD3X4TLW NS <LOG EASTERN>,0.0,0.0,0.0,2021-05-17
Clark's,18LPT3X <LOG EASTERN>,0.0,0.0,0.0,2021-05-17
Clark's,48LF4X NL <LOG EASTERN>,0.0,0.0,0.0,2021-05-17
Clark's,51LD5X5T ON <LOG EASTERN>,0.0,0.0,0.0,2021-05-17
Clark's,25LPT3X JDI <LOG EASTERN>,0.0,0.0,0.0,2021-05-17
Clark's,53LD3X5T JDIHD <LOG EASTERN>,0.0,0.0,0.0,2021-05-17
Clark's,48LD4X4T V2018 <LOG EASTERN>,0.0,0.0,0.0,2021-05-17
Clark's,46LF3X4T NS V2017 <LOG EASTERN>,0.0,0.0,0.0,2021-05-17
Clark's,48LF3X5T NB V2016 <LOG EASTERN>,0.0,0.0,0.0,2021-05-17
Clark's,51LF3X5T NB V2016 <LOG EASTERN>,0.0,0.0,0.0,2021-05-17
Clark's,48LF3X NL <LOG EASTERN>,0.0,0.0,0.0,2021-05-17
Clark's,39LBT3X ON <LOG EASTERN>,0.0,0.0,0.0,2021-05-17
Clark's,51LF4X5T NB TRI V2016 <LOG EASTERN>,0.0,0.0,0.0,2021-05-17
Clark's,51LF4X5T V2018 <LOG EASTERN>,0.0,0.0,0.0,2021-05-17
Clark's,48LF4X5T V2018 <LOG EASTERN>,0.0,0.0,0.0,2021-05-17
Clark's,48LF3X5T V2018 <LOG EASTERN>,0.0,0.0,0.0,2021-05-17
Clark's,48LD3X5T V2018 <LOG EASTERN>,0.0,0.0,0.0,2021-05-17
Clark's,46LF4X NL <LOG EASTERN>,0.0,0.0,0.0,2021-05-17
Clark's,52LD4X5T <LOG EASTERN>,0.0,0.0,0.0,2021-05-17
Clark's,48LF3X5T NB V2018 <LOG EASTERN>,0.0,0.0,0.0,2021-05-17
Clark's,51LD4X5T V2018 <LOG EASTERN>,0.0,0.0,0.0,2021-05-17
Clark's,51LD4X5T ON <LOG EASTERN>,0.0,0.0,0.0,2021-05-17
Clark's,25LPT2X <LOG EASTERN>,0.0,0.0,0.0,2021-05-17
Clark's,46LF3X4T V2018 <LOG EASTERN>,0.0,0.0,0.0,2021-05-17
Clark's,25LPT3X <LOG EASTERN>,0.0,0.0,0.0,2021-05-17
Clark's,46LD3X4T V2018 <LOG EASTERN>,0.0,0.0,0.0,2021-05-17
Clark's,46LD4X NL <LOG EASTERN>,0.0,0.0,0.0,2021-05-17
Clark's,52LF4X5T <LOG EASTERN>,0.0,0.0,0.0,2021-05-17
Clark's,48LD4X4T NB V2017 <LOG EASTERN>,0.0,0.0,0.0,2021-05-17
Clark's,48LD4X5T ON <LOG EASTERN>,0.0,0.0,0.0,2021-05-17
Clark's,48LD4X5T V2018 <LOG EASTERN>,0.0,0.0,0.0,2021-05-17
Clark's,30LBT2X ON <LOG EASTERN>,0.0,0.0,0.0,2021-05-17
Clark's,51LD5X5T ON V2017 <LOG EASTERN>,0.0,0.0,0.0,2021-05-17
Clark's,46LD3X4T US <LOG US>,0.0,0.0,0.0,2021-05-17
Clark's,48LD3X5T US <LOG US>,0.0,0.0,0.0,2021-05-17
Clark's,46LD2X4T US <LOG US>,0.0,0.0,0.0,2021-05-17
Clark's,46LD3X4T USAE <LOG US>,0.0,0.0,0.0,2021-05-17
Clark's,46LD3X2T US <LOG US>,0.0,0.0,0.0,2021-05-17
Clark's,46LF3X MN <LOG US>,0.0,0.0,0.0,2021-05-17
Clark's,48LD3X5T USAE <LOG US>,0.0,0.0,0.0,2021-05-17
Clark's,51LF4X3T US <LOG US>,0.0,0.0,0.0,2021-05-17
Clark's,46LF3X4T USAE <LOG US>,0.0,0.0,0.0,2021-05-17
Clark's,48LF3X5T USAE <LOG US>,0.0,0.0,0.0,2021-05-17
Clark's,42LD3X4T USAE <LOG US>,0.0,0.0,0.0,2021-05-17
Clark's,46LD3X5T HALE <LOG US>,0.0,0.0,0.0,2021-05-17
Clark's,35ADG2X AGNR <MACHINERY>,0.0,0.0,0.0,2021-05-17
Clark's,35ADG2X AGR <MACHINERY>,0.0,0.0,0.0,2021-05-17
Clark's,35ADG2X NR <MACHINERY>,0.0,0.0,0.0,2021-05-17
Clark's,35ADG2X R <MACHINERY>,0.0,0.0,0.0,2021-05-17
Clark's,35FA <MACHINERY>,0.0,0.0,0.0,2021-05-17
Clark's,40ADG2X NR <MACHINERY>,0.0,0.0,0.0,2021-05-17
Clark's,40ADG3X AGR <MACHINERY>,0.0,0.0,0.0,2021-05-17
Clark's,40ADG3X R <MACHINERY>,0.0,0.0,0.0,2021-05-17
Clark's,35MD2X53 EXT <MACHINERY>,0.0,0.0,0.0,2021-05-17
Clark's,35ADG2X53 AGNR <MACHINERY>,0.0,0.0,0.0,2021-05-17
Clark's,50ADG3X53 NR <MACHINERY>,0.0,0.0,0.0,2021-05-17
Clark's,30ADG2X51 AGLP <MACHINERY>,0.0,0.0,0.0,2021-05-17
Clark's,40ADG3X53 NR <MACHINERY>,0.0,0.0,0.0,2021-05-17
Clark's,40ADG3X53 AGNR <MACHINERY>,0.0,0.0,0.0,2021-05-17
Clark's,35ADG3X53 AGNR <MACHINERY>,0.0,0.0,0.0,2021-05-17
Clark's,35ADG2X37 AGNR <MACHINERY>,0.0,0.0,0.0,2021-05-17
Clark's,35MD2X EXT <MACHINERY>,0.0,0.0,0.0,2021-05-17
Clark's,30ADG2X51 LP <MACHINERY>,0.0,0.0,0.0,2021-05-17
Clark's,35ADG2X53 AGC <MACHINERY>,0.0,0.0,0.0,2021-05-17
Clark's,20PAG2X <MACHINERY>,0.0,0.0,0.0,2021-05-17
Clark's,35ADG2X51 AGC <MACHINERY>,0.0,0.0,0.0,2021-05-17
Clark's,35ADG2X53 AGCO <MACHINERY>,0.0,0.0,0.0,2021-05-17
Clark's,35ADG2X48 AGULP <MACHINERY>,0.0,0.0,0.0,2021-05-17
Clark's,35MD2X48 <MACHINERY>,0.0,0.0,0.0,2021-05-17
Clark's,35MD2X53 <MACHINERY>,0.0,0.0,0.0,2021-05-17
Clark's,35MD2X BT <MACHINERY>,0.0,0.0,0.0,2021-05-17
Clark's,35DD2X BT <MACHINERY>,0.0,0.0,0.0,2021-05-17
Clark's,35MD2X48 P <MACHINERY>,0.0,0.0,0.0,2021-05-17
Clark's,45MD3X EXT <MACHINERY>,0.0,0.0,0.0,2021-05-17
Clark's,35HDG2X53 <MACHINERY>,0.0,0.0,0.0,2021-05-17
Clark's,35ADG2X51 AGLP <MACHINERY>,0.0,0.0,0.0,2021-05-17
Clark's,35ADG2X51 AGNR <MACHINERY>,0.0,0.0,0.0,2021-05-17
Clark's,35ADG2X53 AGS <MACHINERY>,0.0,0.0,0.0,2021-05-17
Clark's,30ADG2X53 AGLP <MACHINERY>,0.0,0.0,0.0,2021-05-17
Clark's,40ADG3X53 AGLP <MACHINERY>,0.0,0.0,0.0,2021-05-17
Clark's,35ADG2X51 LP <MACHINERY>,0.0,0.0,0.0,2021-05-17
Clark's,35MD2X48 AGULP <MACHINERY>,0.0,0.0,0.0,2021-05-17
Clark's,40SN3X <OILFIELD>,0.0,0.0,0.0,2021-05-17
Clark's,40SN3X SB <OILFIELD>,0.0,0.0,0.0,2021-05-17
Clark's,55LB3X LND <OILFIELD>,0.0,0.0,0.0,2021-05-17
Clark's,40SN3X M <OILFIELD>,0.0,0.0,0.0,2021-05-17
Clark's,60SN3X <OILFIELD>,0.0,0.0,0.0,2021-05-17
Clark's,50SN3X 2018 <OILFIELD>,0.0,0.0,0.0,2021-05-17
Clark's,50SN3X <OILFIELD>,0.0,0.0,0.0,2021-05-17
Clark's,55LB3X SND <OILFIELD>,0.0,0.0,0.0,2021-05-17
Clark's,55LB3X LNF <OILFIELD>,0.0,0.0,0.0,2021-05-17
Clark's,51OF3X <OILFIELD>,0.0,0.0,0.0,2021-05-17
Clark's,2510 <SNOW & ICE CONTROL>,0.0,0.0,0.0,2021-05-17
Clark's,2513 <SNOW & ICE CONTROL>,0.0,0.0,0.0,2021-05-17
Clark's,2514 <SNOW & ICE CONTROL>,0.0,0.0,0.0,2021-05-17
Clark's,2311NB <SNOW & ICE CONTROL>,0.0,0.0,0.0,2021-05-17
Clark's,1155 <SNOW & ICE CONTROL>,0.0,0.0,0.0,2021-05-17
Clark's,2514 DC <SNOW & ICE CONTROL>,0.0,0.0,0.0,2021-05-17
Clark's,TC1X <SNOW & ICE CONTROL>,0.0,0.0,0.0,2021-05-17
Clark's,1040G <SNOW & ICE CONTROL>,0.0,0.0,0.0,2021-05-17
Clark's,3434 PMB <SNOW & ICE CONTROL>,0.0,0.0,0.0,2021-05-17
Clark's,2311 <SNOW & ICE CONTROL>,0.0,0.0,0.0,2021-05-17
Clark's,2313 <SNOW & ICE CONTROL>,0.0,0.0,0.0,2021-05-17
Clark's,SICD2X NT <SNOW & ICE CONTROL>,0.0,0.0,0.0,2021-05-17
Clark's,SICP1X NT <SNOW & ICE CONTROL>,0.0,0.0,0.0,2021-05-17
Clark's,1030G <SNOW & ICE CONTROL>,0.0,0.0,0.0,2021-05-17
Clark's,1050G <SNOW & ICE CONTROL>,0.0,0.0,0.0,2021-05-17
Clark's,2049 <SNOW & ICE CONTROL>,0.0,0.0,0.0,2021-05-17
Clark's,SICP2X NT <SNOW & ICE CONTROL>,0.0,0.0,0.0,2021-05-17
Clark's,2514 SNC <SNOW & ICE CONTROL>,0.0,0.0,0.0,2021-05-17
Clark's,2047 <SNOW & ICE CONTROL>,0.0,0.0,0.0,2021-05-17
Clark's,SPUD KIT 4300 <SNOW & ICE CONTROL>,0.0,0.0,0.0,2021-05-17
Clark's,2513 DC <SNOW & ICE CONTROL>,0.0,0.0,0.0,2021-05-17
Clark's,2313NB <SNOW & ICE CONTROL>,0.0,0.0,0.0,2021-05-17
Clark's,2314NB <SNOW & ICE CONTROL>,0.0,0.0,0.0,2021-05-17
Clark's,TC2X <SNOW & ICE CONTROL>,0.0,0.0,0.0,2021-05-17
Clark's,3920-94 PMP <SNOW & ICE CONTROL>,0.0,0.0,0.0,2021-05-17
Clark's,Installation <SNOW & ICE CONTROL>,0.0,0.0,0.0,2021-05-17
Clark's,2310NB <SNOW & ICE CONTROL>,0.0,0.0,0.0,2021-05-17
Clark's,TEMP <SNOW & ICE CONTROL>,0.0,0.0,0.0,2021-05-17
Clark's,2020 <SNOW & ICE CONTROL>,0.0,0.0,0.0,2021-05-17
Clark's,20ANR <TAGS>,0.0,0.0,0.0,2021-05-17
Clark's,15BWS2X <TAGS>,0.0,0.0,0.0,2021-05-17
Clark's,20BWS3X <TAGS>,0.0,0.0,0.0,2021-05-17
Clark's,20FDNT <TAGS>,0.0,0.0,0.0,2021-05-17
Clark's,20PLS2X <TAGS>,0.0,0.0,0.0,2021-05-17
Clark's,30NTT <TAGS>,0.0,0.0,0.0,2021-05-17
Clark's,30FDNT <TAGS>,0.0,0.0,0.0,2021-05-17
Clark's,15BWS2X G <TAGS>,0.0,0.0,0.0,2021-05-17
Clark's,20NTTS <TAGS>,0.0,0.0,0.0,2021-05-17
Clark's,40EPT1X <TAGS>,0.0,0.0,0.0,2021-05-17
Clark's,30 ANR MINE <TAGS>,0.0,0.0,0.0,2021-05-17
Clark's,20PT2X <TAGS>,0.0,0.0,0.0,2021-05-17
Clark's,WTT2X <TAGS>,0.0,0.0,0.0,2021-05-17
Clark's,25PT3X <TAGS>,0.0,0.0,0.0,2021-05-17
Clark's,20ART <TAGS>,0.0,0.0,0.0,2021-05-17
Clark's,20MTT <TAGS>,0.0,0.0,0.0,2021-05-17
Clark's,20NTT <TAGS>,0.0,0.0,0.0,2021-05-17
Clark's,25ANR <TAGS>,0.0,0.0,0.0,2021-05-17
Clark's,25ART <TAGS>,0.0,0.0,0.0,2021-05-17
Clark's,25NTT <TAGS>,0.0,0.0,0.0,2021-05-17
Clark's,20FDNT ECO <TAGS>,0.0,0.0,0.0,2021-05-17
Clark's,25FDNT <TAGS>,0.0,0.0,0.0,2021-05-17
Clark's,25FDNT ECO <TAGS>,0.0,0.0,0.0,2021-05-17
Clark's,20BWS2X <TAGS>,0.0,0.0,0.0,2021-05-17
Clark's,25BWS3X <TAGS>,0.0,0.0,0.0,2021-05-17
Clark's,30ANR <TAGS>,0.0,0.0,0.0,2021-05-17
Clark's,30ART <TAGS>,0.0,0.0,0.0,2021-05-17
Clark's,53ET2XP <PAVING & RECOVERY>,0.0,0.0,0.0,2021-05-17
Clark's,53ET3XP <PAVING & RECOVERY>,0.0,0.0,0.0,2021-05-17
Clark's,53ET4XP <PAVING & RECOVERY>,0.0,0.0,0.0,2021-05-17
Clark's,48ET2XP <PAVING & RECOVERY>,0.0,0.0,0.0,2021-05-17
Clark's,48ET3XP <PAVING & RECOVERY>,0.0,0.0,0.0,2021-05-17
Clark's,60HDGSB <HYDRAULICS>,0.0,0.0,0.0,2021-05-17
Clark's,55FA <HYDRAULICS>,0.0,0.0,0.0,2021-05-17
Clark's,55HDG4X SB <HYDRAULICS>,0.0,0.0,0.0,2021-05-17
Clark's,40HDG4X SB P <HYDRAULICS>,0.0,0.0,0.0,2021-05-17
Clark's,55HDG3X BTHH <HYDRAULICS>,0.0,0.0,0.0,2021-05-17
Clark's,55HDG3X SBHH <HYDRAULICS>,0.0,0.0,0.0,2021-05-17
Clark's,60HDG4X SB <HYDRAULICS>,0.0,0.0,0.0,2021-05-17
Clark's,35HDG2X Mini <HYDRAULICS>,0.0,0.0,0.0,2021-05-17
Clark's,50HDG3X AG <HYDRAULICS>,0.0,0.0,0.0,2021-05-17
Clark's,55HDG3X E <HYDRAULICS>,0.0,0.0,0.0,2021-05-17
Clark's,50FA AGRI <HYDRAULICS>,0.0,0.0,0.0,2021-05-17
Clark's,55FA LH <HYDRAULICS>,0.0,0.0,0.0,2021-05-17
Clark's,51HDG3X SB <HYDRAULICS>,0.0,0.0,0.0,2021-05-17
Clark's,55HDG3X SB <HYDRAULICS>,0.0,0.0,0.0,2021-05-17
Clark's,35HDG2X53 AGC <HYDRAULICS>,0.0,0.0,0.0,2021-05-17
Clark's,35HDG2X53 AGNR <HYDRAULICS>,0.0,0.0,0.0,2021-05-17
Clark's,55HDG3X BTHH AG <HYDRAULICS>,0.0,0.0,0.0,2021-05-17
Clark's,55HDG3X SBHH AG <HYDRAULICS>,0.0,0.0,0.0,2021-05-17
Clark's,60HDG3X HB_temp1 <HYDRAULICS>,0.0,0.0,0.0,2021-05-17
Clark's,55HDG3X <HYDRAULICS>,0.0,0.0,0.0,2021-05-17
Clark's,55HDG3X H <HYDRAULICS>,0.0,0.0,0.0,2021-05-17
Clark's,55FA  B <HYDRAULICS>,0.0,0.0,0.0,2021-05-17
Clark's,55HDG3X Q1 <HYDRAULICS>,0.0,0.0,0.0,2021-05-17
Clark's,55HDG3X US <HYDRAULICS>,0.0,0.0,0.0,2021-05-17
Clark's,DECK - Bellemar <HYDRAULICS>,0.0,0.0,0.0,2021-05-17
Clark's,35HDG2X NR <HYDRAULICS>,0.0,0.0,0.0,2021-05-17
Clark's,40HDG3X AG <HYDRAULICS>,0.0,0.0,0.0,2021-05-17
Clark's,25HDG2X Mini <HYDRAULICS>,0.0,0.0,0.0,2021-05-17
Clark's,55HDG3X HS <HYDRAULICS>,0.0,0.0,0.0,2021-05-17
Clark's,GNK - Bellemare <HYDRAULICS>,0.0,0.0,0.0,2021-05-17
Clark's,40HDG3X53 AG <HYDRAULICS>,0.0,0.0,0.0,2021-05-17
Clark's,35HDG2X48 AGULP <HYDRAULICS>,0.0,0.0,0.0,2021-05-17
Clark's,70HDG4X SB <HYDRAULICS>,0.0,0.0,0.0,2021-05-17
Clark's,51LF3X3T SK <LOG WESTERN>,0.0,0.0,0.0,2021-05-17
Clark's,37LBT2X W <LOG WESTERN>,0.0,0.0,0.0,2021-05-17
Clark's,53LD3X3T BC <LOG WESTERN>,0.0,0.0,0.0,2021-05-17
Clark's,50LF4X3T HD <LOG WESTERN>,0.0,0.0,0.0,2021-05-17
Clark's,39LBT2X W <LOG WESTERN>,0.0,0.0,0.0,2021-05-17
Clark's,39LBT3X W <LOG WESTERN>,0.0,0.0,0.0,2021-05-17
Clark's,51LF3X3T AB V2016 <LOG WESTERN>,0.0,0.0,0.0,2021-05-17
Clark's,50LF3X3T HD <LOG WESTERN>,0.0,0.0,0.0,2021-05-17
Clark's,51LF4X3T AB V2015 <LOG WESTERN>,0.0,0.0,0.0,2021-05-17
Clark's,53LD3X3T BCHD <LOG WESTERN>,0.0,0.0,0.0,2021-05-17
Clark's,30LBT2X W <LOG WESTERN>,0.0,0.0,0.0,2021-05-17
Clark's,51LF3X3T PEAK <LOG WESTERN>,0.0,0.0,0.0,2021-05-17
Clark's,37LBT3X PEAK <LOG WESTERN>,0.0,0.0,0.0,2021-05-17
Clark's,37LBT3X W <LOG WESTERN>,0.0,0.0,0.0,2021-05-17
Clark's,27LBT2X W <LOG WESTERN>,0.0,0.0,0.0,2021-05-17
Clark's,51LF3X3T SK V2016 <LOG WESTERN>,0.0,0.0,0.0,2021-05-17
Clark's,40LD3X <LOG WESTERN>,0.0,0.0,0.0,2021-05-17
Clark's,27LD2X <LOG WESTERN>,0.0,0.0,0.0,2021-05-17
Clark's,28LBT2X PEAK <LOG WESTERN>,0.0,0.0,0.0,2021-05-17
Clark's,50LF3X3T AB <LOG WESTERN>,0.0,0.0,0.0,2021-05-17
Clark's,50LF3X3T SK <LOG WESTERN>,0.0,0.0,0.0,2021-05-17
Clark's,46LD3X2T BC <LOG WESTERN>,0.0,0.0,0.0,2021-05-17
Clark's,51HD3X CON <HIGHWAY>,0.0,0.0,0.0,2021-05-17
Clark's,32HBT3X <HIGHWAY>,0.0,0.0,0.0,2021-05-17
Clark's,48HDD2X Custom V1 <HIGHWAY>,0.0,0.0,0.0,2021-05-17
Clark's,28HBT2XHD <HIGHWAY>,0.0,0.0,0.0,2021-05-17
Clark's,32HBT3XHD <HIGHWAY>,0.0,0.0,0.0,2021-05-17
Clark's,53HD3X <HIGHWAY>,0.0,0.0,0.0,2021-05-17
Clark's,53HF3X <HIGHWAY>,0.0,0.0,0.0,2021-05-17
Clark's,48HD3X <HIGHWAY>,0.0,0.0,0.0,2021-05-17
Clark's,53HDD2X <HIGHWAY>,0.0,0.0,0.0,2021-05-17
Clark's,53OHD3X <HIGHWAY>,0.0,0.0,0.0,2021-05-17
Clark's,53HF4X <HIGHWAY>,0.0,0.0,0.0,2021-05-17
Clark's,53HF4X - Super Single <HIGHWAY>,0.0,0.0,0.0,2021-05-17
Clark's,48HD2X <HIGHWAY>,0.0,0.0,0.0,2021-05-17
Clark's,53HF3XEXT <HIGHWAY>,0.0,0.0,0.0,2021-05-17
Clark's,29HD3X Rail <HIGHWAY>,0.0,0.0,0.0,2021-05-17
Clark's,42HD2X HD <HIGHWAY>,0.0,0.0,0.0,2021-05-17
Clark's,48HD2X PEAT <HIGHWAY>,0.0,0.0,0.0,2021-05-17
Clark's,39BT2X SCRAP <HIGHWAY>,0.0,0.0,0.0,2021-05-17
Clark's,20BT3X SCRAP <HIGHWAY>,0.0,0.0,0.0,2021-05-17
Clark's,53HD4X <HIGHWAY>,0.0,0.0,0.0,2021-05-17
Clark's,32HBT3X 2018 <HIGHWAY>,0.0,0.0,0.0,2021-05-17
Clark's,53HD3X 2018 <HIGHWAY>,0.0,0.0,0.0,2021-05-17
Clark's,48HF4X <HIGHWAY>,0.0,0.0,0.0,2021-05-17
Clark's,50HF5X <HIGHWAY>,0.0,0.0,0.0,2021-05-17
Clark's,53HD2X EXT_temp1 <HIGHWAY>,0.0,0.0,0.0,2021-05-17
Clark's,40HD3XB <HIGHWAY>,0.0,0.0,0.0,2021-05-17
Clark's,45HD2X <HIGHWAY>,0.0,0.0,0.0,2021-05-17
Clark's,48HDD2X EXT <HIGHWAY>,0.0,0.0,0.0,2021-05-17
Clark's,FA <HIGHWAY>,0.0,0.0,0.0,2021-05-17
Clark's,48HDD2X <HIGHWAY>,0.0,0.0,0.0,2021-05-17
Clark's,53HD2X Crane <HIGHWAY>,0.0,0.0,0.0,2021-05-17
Clark's,48HDD2X Custom <HIGHWAY>,0.0,0.0,0.0,2021-05-17
Clark's,48HF2X <HIGHWAY>,0.0,0.0,0.0,2021-05-17
Clark's,48HF3X <HIGHWAY>,0.0,0.0,0.0,2021-05-17
Clark's,48HD2X SPECIAL <HIGHWAY>,0.0,0.0,0.0,2021-05-17
Clark's,42HF2X <HIGHWAY>,0.0,0.0,0.0,2021-05-17
Clark's,53HDD3X <HIGHWAY>,0.0,0.0,0.0,2021-05-17
Clark's,28HBT2X 2018 <HIGHWAY>,0.0,0.0,0.0,2021-05-17
Clark's,46HDD2X Custom <HIGHWAY>,0.0,0.0,0.0,2021-05-17
Clark's,42HF3X HD <HIGHWAY>,0.0,0.0,0.0,2021-05-17
Clark's,35HD2X <HIGHWAY>,0.0,0.0,0.0,2021-05-17
Clark's,42HD3X 2018 <HIGHWAY>,0.0,0.0,0.0,2021-05-17
Clark's,53HD2X <HIGHWAY>,0.0,0.0,0.0,2021-05-17
Clark's,48HD5X <HIGHWAY>,0.0,0.0,0.0,2021-05-17
Clark's,53HD3X 2018 LDECK <HIGHWAY>,0.0,0.0,0.0,2021-05-17
Clark's,53HF3X 2018 <HIGHWAY>,0.0,0.0,0.0,2021-05-17
Clark's,53HD2X EXT <HIGHWAY>,0.0,0.0,0.0,2021-05-17
Clark's,48HDD3X <HIGHWAY>,0.0,0.0,0.0,2021-05-17
Clark's,53HD2X EXT H <HIGHWAY>,0.0,0.0,0.0,2021-05-17
Clark's,40HD2X Penske CUSTOM <HIGHWAY>,0.0,0.0,0.0,2021-05-17
Clark's,53HD3X EXT <HIGHWAY>,0.0,0.0,0.0,2021-05-17
Clark's,42HD3X HD <HIGHWAY>,0.0,0.0,0.0,2021-05-17
Clark's,28HBT2X <HIGHWAY>,0.0,0.0,0.0,2021-05-17
Clark's,37DT3X <DUMP>,0.0,0.0,0.0,2021-05-17
Clark's,27DT2X <DUMP>,0.0,0.0,0.0,2021-05-17
Clark's,27PD2X <DUMP>,0.0,0.0,0.0,2021-05-17
Clark's,28DPT3X <DUMP>,0.0,0.0,0.0,2021-05-17
Clark's,SPECIAL <DUMP>,0.0,0.0,0.0,2021-05-17
Clark's,26DT2X <DUMP>,0.0,0.0,0.0,2021-05-17
Clark's,32DT3X <DUMP>,0.0,0.0,0.0,2021-05-17
Clark's,28DPT2X <DUMP>,0.0,0.0,0.0,2021-05-17
Clark's,38ALB3XS <DUMP>,0.0,0.0,0.0,2021-05-17
Clark's,36ALB2X <DUMP>,0.0,0.0,0.0,2021-05-17
Clark's,32DT3X V2018 <DUMP>,0.0,0.0,0.0,2021-05-17
Clark's,41ALB3X <DUMP>,0.0,0.0,0.0,2021-05-17
Clark's,27DT2X V2018 <DUMP>,0.0,0.0,0.0,2021-05-17
Clark's,53EWF4X <DUMP>,0.0,0.0,0.0,2021-05-17
Clark's,SFUB2X <DUMP>,0.0,0.0,0.0,2021-05-17
Clark's,37DT2X <DUMP>,0.0,0.0,0.0,2021-05-17
Clark's,27DT2XU <DUMP>,0.0,0.0,0.0,2021-05-17
Clark's,37DT4X FF <DUMP>,0.0,0.0,0.0,2021-05-17
Clark's,48ALB4X <DUMP>,0.0,0.0,0.0,2021-05-17
Clark's,39ALB3X <DUMP>,0.0,0.0,0.0,2021-05-17
Clark's,37DT2X HV <DUMP>,0.0,0.0,0.0,2021-05-17
Clark's,27DT2X HV <DUMP>,0.0,0.0,0.0,2021-05-17
Clark's,40JD2X WL <JEEP DOLLY>,0.0,0.0,0.0,2021-05-17
Clark's,40JD2X OF <JEEP DOLLY>,0.0,0.0,0.0,2021-05-17
Clark's,20JD1X HP <JEEP DOLLY>,0.0,0.0,0.0,2021-05-17
Clark's,20JD1X LP <JEEP DOLLY>,0.0,0.0,0.0,2021-05-17
Clark's,40JD2X HG <JEEP DOLLY>,0.0,0.0,0.0,2021-05-17
Clark's,60JD3X HG <JEEP DOLLY>,0.0,0.0,0.0,2021-05-17
Clark's,JD2+1X <JEEP DOLLY>,0.0,0.0,0.0,2021-05-17
Clark's,JD2X <JEEP DOLLY>,0.0,0.0,0.0,2021-05-17
Clark's,25VT2V DCI <CONTAINER CHASSIS>,0.0,0.0,0.0,2021-05-17
Clark's,40VT2V Mexico <CONTAINER CHASSIS>,0.0,0.0,0.0,2021-05-17
Clark's,51VT4V DCI <CONTAINER CHASSIS>,0.0,0.0,0.0,2021-05-17
Clark's,53VT2V DCI <CONTAINER CHASSIS>,0.0,0.0,0.0,2021-05-17
Clark's,53VT2V Penske <CONTAINER CHASSIS>,0.0,0.0,0.0,2021-05-17
Clark's,53VT3V DCI <CONTAINER CHASSIS>,0.0,0.0,0.0,2021-05-17
Clark's,38GT1X <CONTAINER CHASSIS>,0.0,0.0,0.0,2021-05-17
Clark's,48GT2X <CONTAINER CHASSIS>,0.0,0.0,0.0,2021-05-17
Clark's,51VT2V DCI <CONTAINER CHASSIS>,0.0,0.0,0.0,2021-05-17
Clark's,12GT1X <CONTAINER CHASSIS>,0.0,0.0,0.0,2021-05-17
Clark's,26VT1V Mexico <CONTAINER CHASSIS>,0.0,0.0,0.0,2021-05-17
Clark's,42VT2V Mexico <CONTAINER CHASSIS>,0.0,0.0,0.0,2021-05-17
Clark's,30DT3X-CHASSIS <CONTAINER CHASSIS>,0.0,0.0,0.0,2021-05-17
Clark's,53VT2V FL CA <CONTAINER CHASSIS>,0.0,0.0,0.0,2021-05-17
Clark's,53VT2V FL CA-97 <CONTAINER CHASSIS>,0.0,0.0,0.0,2021-05-17
Clark's,53VT2V FL US-97 <CONTAINER CHASSIS>,0.0,0.0,0.0,2021-05-17
Clark's,53VT2V JB HUNT <CONTAINER CHASSIS>,0.0,0.0,0.0,2021-05-17
Clark's,33VT2V DCI Tag <CONTAINER CHASSIS>,0.0,0.0,0.0,2021-05-17
Clark's,40CC2X <CONTAINER CHASSIS>,0.0,0.0,0.0,2021-05-17
Clark's,53VT3X DCI V2021 <CONTAINER CHASSIS>,0.0,0.0,0.0,2021-05-17
Clark's,53VT3V PENSKE <CONTAINER CHASSIS>,0.0,0.0,0.0,2021-05-17
Clark's,53VT2V Frito Lay <CONTAINER CHASSIS>,0.0,0.0,0.0,2021-05-17
Clark's,53VT2V FL US <CONTAINER CHASSIS>,0.0,0.0,0.0,2021-05-17
Clark's,40GT1X <CONTAINER CHASSIS>,0.0,0.0,0.0,2021-05-17
Clark's,20VT1V Mexico <CONTAINER CHASSIS>,0.0,0.0,0.0,2021-05-17
Clark's,53VT2V CAL <CONTAINER CHASSIS>,0.0,0.0,0.0,2021-05-17
Clark's,38GT2X <CONTAINER CHASSIS>,0.0,0.0,0.0,2021-05-17
Clark's,51GT2X <CONTAINER CHASSIS>,0.0,0.0,0.0,2021-05-17
Clark's,47GT2X <CONTAINER CHASSIS>,0.0,0.0,0.0,2021-05-17
Clark's,10GT1X <CONTAINER CHASSIS>,0.0,0.0,0.0,2021-05-17
Clark's,34VT1V Hostler <CONTAINER CHASSIS>,0.0,0.0,0.0,2021-05-17
Clark's,53VT2V DCI LD <CONTAINER CHASSIS>,0.0,0.0,0.0,2021-05-17
Clark's,53VT2V FL CA-53 <CONTAINER CHASSIS>,0.0,0.0,0.0,2021-05-17
Clark's,10GT2X <CONTAINER CHASSIS>,0.0,0.0,0.0,2021-05-17
Clark's,12GT2X <CONTAINER CHASSIS>,0.0,0.0,0.0,2021-05-17
Clark's,42DD3X <NUCLEAR>,0.0,0.0,0.0,2021-05-17
Clark's,42DD3X WCS <NUCLEAR>,0.0,0.0,0.0,2021-05-17
Clark's,42DD2X <NUCLEAR>,0.0,0.0,0.0,2021-05-17
Clark's,46DD4X WCS <NUCLEAR>,0.0,0.0,0.0,2021-05-17
Clark's,40NS2 US <NUCLEAR>,0.0,0.0,0.0,2021-05-17
Clark's,44DD2X <NUCLEAR>,0.0,0.0,0.0,2021-05-17
Clark's,49DD3X HD <NUCLEAR>,0.0,0.0,0.0,2021-05-17
Clark's,50DD4X <NUCLEAR>,0.0,0.0,0.0,2021-05-17
Clark's,51DD3X HD <NUCLEAR>,0.0,0.0,0.0,2021-05-17
Clark's,50DD3X <NUCLEAR>,0.0,0.0,0.0,2021-05-17
Clark's,53DD4X <NUCLEAR>,0.0,0.0,0.0,2021-05-17
Clark's,47DD3X <NUCLEAR>,0.0,0.0,0.0,2021-05-17
Clark's,45DD3X <NUCLEAR>,0.0,0.0,0.0,2021-05-17
Clark's,53ET3X MR WEST <EQUIPMENT>,0.0,0.0,0.0,2021-05-17
Clark's,48ET3X MR <EQUIPMENT>,0.0,0.0,0.0,2021-05-17
Clark's,42ET2X <EQUIPMENT>,0.0,0.0,0.0,2021-05-17
Clark's,48ET2X <EQUIPMENT>,0.0,0.0,0.0,2021-05-17
Clark's,53ET2X <EQUIPMENT>,0.0,0.0,0.0,2021-05-17
Clark's,53ET4X MR <EQUIPMENT>,0.0,0.0,0.0,2021-05-17
Clark's,53ET3X MR EAST <EQUIPMENT>,0.0,0.0,0.0,2021-05-17
Clark's,53ET4X <EQUIPMENT>,0.0,0.0,0.0,2021-05-17
Clark's,42ET3X <EQUIPMENT>,0.0,0.0,0.0,2021-05-17
Clark's,48ET3X <EQUIPMENT>,0.0,0.0,0.0,2021-05-17
Clark's,53ET3X <EQUIPMENT>,0.0,0.0,0.0,2021-05-17
Clark's,360 <SCREENER>,0.0,0.0,0.0,2021-05-17
Clark's,14CR1X <CABLE REEL>,0.0,0.0,0.0,2021-05-17
Clark's,11CD1X <CONVERTERS/BOOSTERS>,0.0,0.0,0.0,2021-05-17
Clark's,11SB1X SB <CONVERTERS/BOOSTERS>,0.0,0.0,0.0,2021-05-17
Clark's,11SB1X <CONVERTERS/BOOSTERS>,0.0,0.0,0.0,2021-05-17
Clark's,22CD2X <CONVERTERS/BOOSTERS>,0.0,0.0,0.0,2021-05-17
Clark's,11SB2X SB <CONVERTERS/BOOSTERS>,0.0,0.0,0.0,2021-05-17
Clark's,LP14 <AGRICULTURE>,0.0,0.0,0.0,2021-05-17
Clark's,LP18 <AGRICULTURE>,0.0,0.0,0.0,2021-05-17
Clark's,20PC2X <CHASSIS>,0.0,0.0,0.0,2021-05-17
Clark's,40CC3X <CHASSIS>,0.0,0.0,0.0,2021-05-17
Clark's,40CC3X53EXT <CHASSIS>,0.0,0.0,0.0,2021-05-17
Clark's,30CC2X <CHASSIS>,0.0,0.0,0.0,2021-05-17
Clark's,12CC2X <CHASSIS>,0.0,0.0,0.0,2021-05-17
Clark's,22CC2X <CHASSIS>,0.0,0.0,0.0,2021-05-17
Clark's,42CC3X <CHASSIS>,0.0,0.0,0.0,2021-05-17
Clark's,20CC2X <CHASSIS>,0.0,0.0,0.0,2021-05-17
Clark's,20CC3X <CHASSIS>,0.0,0.0,0.0,2021-05-17
Clark's,Pony 3X17 <CHASSIS>,0.0,0.0,0.0,2021-05-17
Clark's,44CC3X <CHASSIS>,0.0,0.0,0.0,2021-05-17
Clark's,27BC2X <CHASSIS>,0.0,0.0,0.0,2021-05-17
Clark's,45BC3X <CHASSIS>,0.0,0.0,0.0,2021-05-17
Clark's,30PC3X <CHASSIS>,0.0,0.0,0.0,2021-05-17
Clark's,PY-FR454-WR3X <STARGATE>,0.0,0.0,0.0,2021-05-17
Clark's,48LB4X A <STARGATE>,0.0,0.0,0.0,2021-05-17
Clark's,TB48 <STARGATE>,0.0,0.0,0.0,2021-05-17
Clark's,Dump SF3X <STARGATE>,0.0,0.0,0.0,2021-05-17
Clark's,30SB <STARGATE>,0.0,0.0,0.0,2021-05-17
Clark's,B-Train Pull Dump_temp1 <STARGATE>,0.0,0.0,0.0,2021-05-17
Clark's,CD2X <STARGATE>,0.0,0.0,0.0,2021-05-17
Clark's,24SB <STARGATE>,0.0,0.0,0.0,2021-05-17
Clark's,UBF2X <STARGATE>,0.0,0.0,0.0,2021-05-17
Clark's,38LB3X A <STARGATE>,0.0,0.0,0.0,2021-05-17
Clark's,28LB2X A <STARGATE>,0.0,0.0,0.0,2021-05-17
Clark's,CD1X <STARGATE>,0.0,0.0,0.0,2021-05-17
Clark's,Dump SF2X <STARGATE>,0.0,0.0,0.0,2021-05-17
Clark's,Steel End Dump 2X <STARGATE>,0.0,0.0,0.0,2021-05-17
Clark's,17PDB <STARGATE>,0.0,0.0,0.0,2021-05-17
Clark's,Dump SF4X <STARGATE>,0.0,0.0,0.0,2021-05-17
Clark's,Dump 36SF3X <STARGATE>,0.0,0.0,0.0,2021-05-17
Clark's,Pony Dump 3X17 <STARGATE>,0.0,0.0,0.0,2021-05-17
Clark's,19SB <STARGATE>,0.0,0.0,0.0,2021-05-17
Clark's,End Dump - temp1 <STARGATE>,0.0,0.0,0.0,2021-05-17
Clark's,B-Train Dump_temp1 <STARGATE>,0.0,0.0,0.0,2021-05-17
Clark's,Pony Chassis <STARGATE>,0.0,0.0,0.0,2021-05-17
Clark's,End Dump 4X <END DUMPS>,0.0,0.0,0.0,2021-05-17
Clark's,Frameless Alum. U Body 2X <END DUMPS>,0.0,0.0,0.0,2021-05-17
Clark's,Frameless Alum. U Body 3X <END DUMPS>,0.0,0.0,0.0,2021-05-17
McCorkle,46LF3X4T NS <LOG EASTERN>,0.0,0.0,0.0,2021-05-17
McCorkle,46LF3X4T NL <LOG EASTERN>,0.0,0.0,0.0,2021-05-17
McCorkle,46LD4X4T NS <LOG EASTERN>,0.0,0.0,0.0,2021-05-17
McCorkle,39LBT3X NS <LOG EASTERN>,0.0,0.0,0.0,2021-05-17
McCorkle,28LBT2X NS <LOG EASTERN>,0.0,0.0,0.0,2021-05-17
McCorkle,42LD3X NL <LOG EASTERN>,0.0,0.0,0.0,2021-05-17
McCorkle,27LBT2X NL <LOG EASTERN>,0.0,0.0,0.0,2021-05-17
McCorkle,37LBT3X NL <LOG EASTERN>,0.0,0.0,0.0,2021-05-17
McCorkle,46LD3X4TLW NS <LOG EASTERN>,0.0,0.0,0.0,2021-05-17
McCorkle,18LPT3X <LOG EASTERN>,0.0,0.0,0.0,2021-05-17
McCorkle,48LF4X NL <LOG EASTERN>,0.0,0.0,0.0,2021-05-17
McCorkle,51LD5X5T ON <LOG EASTERN>,0.0,0.0,0.0,2021-05-17
McCorkle,25LPT3X JDI <LOG EASTERN>,0.0,0.0,0.0,2021-05-17
McCorkle,53LD3X5T JDIHD <LOG EASTERN>,0.0,0.0,0.0,2021-05-17
McCorkle,48LD4X4T V2018 <LOG EASTERN>,0.0,0.0,0.0,2021-05-17
McCorkle,46LF3X4T NS V2017 <LOG EASTERN>,0.0,0.0,0.0,2021-05-17
McCorkle,48LF3X5T NB V2016 <LOG EASTERN>,0.0,0.0,0.0,2021-05-17
McCorkle,51LF3X5T NB V2016 <LOG EASTERN>,0.0,0.0,0.0,2021-05-17
McCorkle,48LF3X NL <LOG EASTERN>,0.0,0.0,0.0,2021-05-17
McCorkle,39LBT3X ON <LOG EASTERN>,0.0,0.0,0.0,2021-05-17
McCorkle,51LF4X5T NB TRI V2016 <LOG EASTERN>,0.0,0.0,0.0,2021-05-17
McCorkle,51LF4X5T V2018 <LOG EASTERN>,0.0,0.0,0.0,2021-05-17
McCorkle,48LF4X5T V2018 <LOG EASTERN>,0.0,0.0,0.0,2021-05-17
McCorkle,48LF3X5T V2018 <LOG EASTERN>,0.0,0.0,0.0,2021-05-17
McCorkle,48LD3X5T V2018 <LOG EASTERN>,0.0,0.0,0.0,2021-05-17
McCorkle,46LF4X NL <LOG EASTERN>,0.0,0.0,0.0,2021-05-17
McCorkle,52LD4X5T <LOG EASTERN>,0.0,0.0,0.0,2021-05-17
McCorkle,48LF3X5T NB V2018 <LOG EASTERN>,0.0,0.0,0.0,2021-05-17
McCorkle,51LD4X5T V2018 <LOG EASTERN>,0.0,0.0,0.0,2021-05-17
McCorkle,51LD4X5T ON <LOG EASTERN>,0.0,0.0,0.0,2021-05-17
McCorkle,25LPT2X <LOG EASTERN>,0.0,0.0,0.0,2021-05-17
McCorkle,46LF3X4T V2018 <LOG EASTERN>,0.0,0.0,0.0,2021-05-17
McCorkle,25LPT3X <LOG EASTERN>,0.0,0.0,0.0,2021-05-17
McCorkle,46LD3X4T V2018 <LOG EASTERN>,0.0,0.0,0.0,2021-05-17
McCorkle,46LD4X NL <LOG EASTERN>,0.0,0.0,0.0,2021-05-17
McCorkle,52LF4X5T <LOG EASTERN>,0.0,0.0,0.0,2021-05-17
McCorkle,48LD4X4T NB V2017 <LOG EASTERN>,0.0,0.0,0.0,2021-05-17
McCorkle,48LD4X5T ON <LOG EASTERN>,0.0,0.0,0.0,2021-05-17
McCorkle,48LD4X5T V2018 <LOG EASTERN>,0.0,0.0,0.0,2021-05-17
McCorkle,30LBT2X ON <LOG EASTERN>,0.0,0.0,0.0,2021-05-17
McCorkle,51LD5X5T ON V2017 <LOG EASTERN>,0.0,0.0,0.0,2021-05-17
McCorkle,46LD3X4T US <LOG US>,0.0,0.0,0.0,2021-05-17
McCorkle,48LD3X5T US <LOG US>,0.0,0.0,0.0,2021-05-17
McCorkle,46LD2X4T US <LOG US>,0.0,0.0,0.0,2021-05-17
McCorkle,46LD3X4T USAE <LOG US>,0.0,0.0,0.0,2021-05-17
McCorkle,46LD3X2T US <LOG US>,0.0,0.0,0.0,2021-05-17
McCorkle,46LF3X MN <LOG US>,0.0,0.0,0.0,2021-05-17
McCorkle,48LD3X5T USAE <LOG US>,0.0,0.0,0.0,2021-05-17
McCorkle,51LF4X3T US <LOG US>,0.0,0.0,0.0,2021-05-17
McCorkle,46LF3X4T USAE <LOG US>,0.0,0.0,0.0,2021-05-17
McCorkle,48LF3X5T USAE <LOG US>,0.0,0.0,0.0,2021-05-17
McCorkle,42LD3X4T USAE <LOG US>,0.0,0.0,0.0,2021-05-17
McCorkle,46LD3X5T HALE <LOG US>,0.0,0.0,0.0,2021-05-17
McCorkle,35ADG2X AGNR <MACHINERY>,0.0,0.0,0.0,2021-05-17
McCorkle,35ADG2X AGR <MACHINERY>,0.0,0.0,0.0,2021-05-17
McCorkle,35ADG2X NR <MACHINERY>,0.0,0.0,0.0,2021-05-17
McCorkle,35ADG2X R <MACHINERY>,0.0,0.0,0.0,2021-05-17
McCorkle,35FA <MACHINERY>,0.0,0.0,0.0,2021-05-17
McCorkle,40ADG2X NR <MACHINERY>,0.0,0.0,0.0,2021-05-17
McCorkle,40ADG3X AGR <MACHINERY>,0.0,0.0,0.0,2021-05-17
McCorkle,40ADG3X R <MACHINERY>,0.0,0.0,0.0,2021-05-17
McCorkle,35MD2X53 EXT <MACHINERY>,0.0,0.0,0.0,2021-05-17
McCorkle,35ADG2X53 AGNR <MACHINERY>,0.0,0.0,0.0,2021-05-17
McCorkle,50ADG3X53 NR <MACHINERY>,0.0,0.0,0.0,2021-05-17
McCorkle,30ADG2X51 AGLP <MACHINERY>,0.0,0.0,0.0,2021-05-17
McCorkle,40ADG3X53 NR <MACHINERY>,0.0,0.0,0.0,2021-05-17
McCorkle,40ADG3X53 AGNR <MACHINERY>,0.0,0.0,0.0,2021-05-17
McCorkle,35ADG3X53 AGNR <MACHINERY>,0.0,0.0,0.0,2021-05-17
McCorkle,35ADG2X37 AGNR <MACHINERY>,0.0,0.0,0.0,2021-05-17
McCorkle,35MD2X EXT <MACHINERY>,0.0,0.0,0.0,2021-05-17
McCorkle,30ADG2X51 LP <MACHINERY>,0.0,0.0,0.0,2021-05-17
McCorkle,35ADG2X53 AGC <MACHINERY>,0.0,0.0,0.0,2021-05-17
McCorkle,20PAG2X <MACHINERY>,0.0,0.0,0.0,2021-05-17
McCorkle,35ADG2X51 AGC <MACHINERY>,0.0,0.0,0.0,2021-05-17
McCorkle,35ADG2X53 AGCO <MACHINERY>,0.0,0.0,0.0,2021-05-17
McCorkle,35ADG2X48 AGULP <MACHINERY>,0.0,0.0,0.0,2021-05-17
McCorkle,35MD2X48 <MACHINERY>,0.0,0.0,0.0,2021-05-17
McCorkle,35MD2X53 <MACHINERY>,0.0,0.0,0.0,2021-05-17
McCorkle,35MD2X BT <MACHINERY>,0.0,0.0,0.0,2021-05-17
McCorkle,35DD2X BT <MACHINERY>,0.0,0.0,0.0,2021-05-17
McCorkle,35MD2X48 P <MACHINERY>,0.0,0.0,0.0,2021-05-17
McCorkle,45MD3X EXT <MACHINERY>,0.0,0.0,0.0,2021-05-17
McCorkle,35HDG2X53 <MACHINERY>,0.0,0.0,0.0,2021-05-17
McCorkle,35ADG2X51 AGLP <MACHINERY>,0.0,0.0,0.0,2021-05-17
McCorkle,35ADG2X51 AGNR <MACHINERY>,0.0,0.0,0.0,2021-05-17
McCorkle,35ADG2X53 AGS <MACHINERY>,0.0,0.0,0.0,2021-05-17
McCorkle,30ADG2X53 AGLP <MACHINERY>,0.0,0.0,0.0,2021-05-17
McCorkle,40ADG3X53 AGLP <MACHINERY>,0.0,0.0,0.0,2021-05-17
McCorkle,35ADG2X51 LP <MACHINERY>,0.0,0.0,0.0,2021-05-17
McCorkle,35MD2X48 AGULP <MACHINERY>,0.0,0.0,0.0,2021-05-17
McCorkle,40SN3X <OILFIELD>,0.0,0.0,0.0,2021-05-17
McCorkle,40SN3X SB <OILFIELD>,0.0,0.0,0.0,2021-05-17
McCorkle,55LB3X LND <OILFIELD>,0.0,0.0,0.0,2021-05-17
McCorkle,40SN3X M <OILFIELD>,0.0,0.0,0.0,2021-05-17
McCorkle,60SN3X <OILFIELD>,0.0,0.0,0.0,2021-05-17
McCorkle,50SN3X 2018 <OILFIELD>,0.0,0.0,0.0,2021-05-17
McCorkle,50SN3X <OILFIELD>,0.0,0.0,0.0,2021-05-17
McCorkle,55LB3X SND <OILFIELD>,0.0,0.0,0.0,2021-05-17
McCorkle,55LB3X LNF <OILFIELD>,0.0,0.0,0.0,2021-05-17
McCorkle,51OF3X <OILFIELD>,0.0,0.0,0.0,2021-05-17
McCorkle,2510 <SNOW & ICE CONTROL>,0.0,0.0,0.0,2021-05-17
McCorkle,2513 <SNOW & ICE CONTROL>,0.0,0.0,0.0,2021-05-17
McCorkle,2514 <SNOW & ICE CONTROL>,0.0,0.0,0.0,2021-05-17
McCorkle,2311NB <SNOW & ICE CONTROL>,0.0,0.0,0.0,2021-05-17
McCorkle,1155 <SNOW & ICE CONTROL>,0.0,0.0,0.0,2021-05-17
McCorkle,2514 DC <SNOW & ICE CONTROL>,0.0,0.0,0.0,2021-05-17
McCorkle,TC1X <SNOW & ICE CONTROL>,0.0,0.0,0.0,2021-05-17
McCorkle,1040G <SNOW & ICE CONTROL>,0.0,0.0,0.0,2021-05-17
McCorkle,3434 PMB <SNOW & ICE CONTROL>,0.0,0.0,0.0,2021-05-17
McCorkle,2311 <SNOW & ICE CONTROL>,0.0,0.0,0.0,2021-05-17
McCorkle,2313 <SNOW & ICE CONTROL>,0.0,0.0,0.0,2021-05-17
McCorkle,SICD2X NT <SNOW & ICE CONTROL>,0.0,0.0,0.0,2021-05-17
McCorkle,SICP1X NT <SNOW & ICE CONTROL>,0.0,0.0,0.0,2021-05-17
McCorkle,1030G <SNOW & ICE CONTROL>,0.0,0.0,0.0,2021-05-17
McCorkle,1050G <SNOW & ICE CONTROL>,0.0,0.0,0.0,2021-05-17
McCorkle,2049 <SNOW & ICE CONTROL>,0.0,0.0,0.0,2021-05-17
McCorkle,SICP2X NT <SNOW & ICE CONTROL>,0.0,0.0,0.0,2021-05-17
McCorkle,2514 SNC <SNOW & ICE CONTROL>,0.0,0.0,0.0,2021-05-17
McCorkle,2047 <SNOW & ICE CONTROL>,0.0,0.0,0.0,2021-05-17
McCorkle,SPUD KIT 4300 <SNOW & ICE CONTROL>,0.0,0.0,0.0,2021-05-17
McCorkle,2513 DC <SNOW & ICE CONTROL>,0.0,0.0,0.0,2021-05-17
McCorkle,2313NB <SNOW & ICE CONTROL>,0.0,0.0,0.0,2021-05-17
McCorkle,2314NB <SNOW & ICE CONTROL>,0.0,0.0,0.0,2021-05-17
McCorkle,TC2X <SNOW & ICE CONTROL>,0.0,0.0,0.0,2021-05-17
McCorkle,3920-94 PMP <SNOW & ICE CONTROL>,0.0,0.0,0.0,2021-05-17
McCorkle,Installation <SNOW & ICE CONTROL>,0.0,0.0,0.0,2021-05-17
McCorkle,2310NB <SNOW & ICE CONTROL>,0.0,0.0,0.0,2021-05-17
McCorkle,TEMP <SNOW & ICE CONTROL>,0.0,0.0,0.0,2021-05-17
McCorkle,2020 <SNOW & ICE CONTROL>,0.0,0.0,0.0,2021-05-17
McCorkle,20ANR <TAGS>,0.0,0.0,0.0,2021-05-17
McCorkle,15BWS2X <TAGS>,0.0,0.0,0.0,2021-05-17
McCorkle,20BWS3X <TAGS>,0.0,0.0,0.0,2021-05-17
McCorkle,20FDNT <TAGS>,0.0,0.0,0.0,2021-05-17
McCorkle,20PLS2X <TAGS>,0.0,0.0,0.0,2021-05-17
McCorkle,30NTT <TAGS>,0.0,0.0,0.0,2021-05-17
McCorkle,30FDNT <TAGS>,0.0,0.0,0.0,2021-05-17
McCorkle,15BWS2X G <TAGS>,0.0,0.0,0.0,2021-05-17
McCorkle,20NTTS <TAGS>,0.0,0.0,0.0,2021-05-17
McCorkle,40EPT1X <TAGS>,0.0,0.0,0.0,2021-05-17
McCorkle,30 ANR MINE <TAGS>,0.0,0.0,0.0,2021-05-17
McCorkle,20PT2X <TAGS>,0.0,0.0,0.0,2021-05-17
McCorkle,WTT2X <TAGS>,0.0,0.0,0.0,2021-05-17
McCorkle,25PT3X <TAGS>,0.0,0.0,0.0,2021-05-17
McCorkle,20ART <TAGS>,0.0,0.0,0.0,2021-05-17
McCorkle,20MTT <TAGS>,0.0,0.0,0.0,2021-05-17
McCorkle,20NTT <TAGS>,0.0,0.0,0.0,2021-05-17
McCorkle,25ANR <TAGS>,0.0,0.0,0.0,2021-05-17
McCorkle,25ART <TAGS>,0.0,0.0,0.0,2021-05-17
McCorkle,25NTT <TAGS>,0.0,0.0,0.0,2021-05-17
McCorkle,20FDNT ECO <TAGS>,0.0,0.0,0.0,2021-05-17
McCorkle,25FDNT <TAGS>,0.0,0.0,0.0,2021-05-17
McCorkle,25FDNT ECO <TAGS>,0.0,0.0,0.0,2021-05-17
McCorkle,20BWS2X <TAGS>,0.0,0.0,0.0,2021-05-17
McCorkle,25BWS3X <TAGS>,0.0,0.0,0.0,2021-05-17
McCorkle,30ANR <TAGS>,0.0,0.0,0.0,2021-05-17
McCorkle,30ART <TAGS>,0.0,0.0,0.0,2021-05-17
McCorkle,53ET2XP <PAVING & RECOVERY>,0.0,0.0,0.0,2021-05-17
McCorkle,53ET3XP <PAVING & RECOVERY>,0.0,0.0,0.0,2021-05-17
McCorkle,53ET4XP <PAVING & RECOVERY>,0.0,0.0,0.0,2021-05-17
McCorkle,48ET2XP <PAVING & RECOVERY>,0.0,0.0,0.0,2021-05-17
McCorkle,48ET3XP <PAVING & RECOVERY>,0.0,0.0,0.0,2021-05-17
McCorkle,60HDGSB <HYDRAULICS>,0.0,0.0,0.0,2021-05-17
McCorkle,55FA <HYDRAULICS>,0.0,0.0,0.0,2021-05-17
McCorkle,55HDG4X SB <HYDRAULICS>,0.0,0.0,0.0,2021-05-17
McCorkle,40HDG4X SB P <HYDRAULICS>,0.0,0.0,0.0,2021-05-17
McCorkle,55HDG3X BTHH <HYDRAULICS>,0.0,0.0,0.0,2021-05-17
McCorkle,55HDG3X SBHH <HYDRAULICS>,0.0,0.0,0.0,2021-05-17
McCorkle,60HDG4X SB <HYDRAULICS>,0.0,0.0,0.0,2021-05-17
McCorkle,35HDG2X Mini <HYDRAULICS>,0.0,0.0,0.0,2021-05-17
McCorkle,50HDG3X AG <HYDRAULICS>,0.0,0.0,0.0,2021-05-17
McCorkle,55HDG3X E <HYDRAULICS>,0.0,0.0,0.0,2021-05-17
McCorkle,50FA AGRI <HYDRAULICS>,0.0,0.0,0.0,2021-05-17
McCorkle,55FA LH <HYDRAULICS>,0.0,0.0,0.0,2021-05-17
McCorkle,51HDG3X SB <HYDRAULICS>,0.0,0.0,0.0,2021-05-17
McCorkle,55HDG3X SB <HYDRAULICS>,0.0,0.0,0.0,2021-05-17
McCorkle,35HDG2X53 AGC <HYDRAULICS>,0.0,0.0,0.0,2021-05-17
McCorkle,35HDG2X53 AGNR <HYDRAULICS>,0.0,0.0,0.0,2021-05-17
McCorkle,55HDG3X BTHH AG <HYDRAULICS>,0.0,0.0,0.0,2021-05-17
McCorkle,55HDG3X SBHH AG <HYDRAULICS>,0.0,0.0,0.0,2021-05-17
McCorkle,60HDG3X HB_temp1 <HYDRAULICS>,0.0,0.0,0.0,2021-05-17
McCorkle,55HDG3X <HYDRAULICS>,0.0,0.0,0.0,2021-05-17
McCorkle,55HDG3X H <HYDRAULICS>,0.0,0.0,0.0,2021-05-17
McCorkle,55FA  B <HYDRAULICS>,0.0,0.0,0.0,2021-05-17
McCorkle,55HDG3X Q1 <HYDRAULICS>,0.0,0.0,0.0,2021-05-17
McCorkle,55HDG3X US <HYDRAULICS>,0.0,0.0,0.0,2021-05-17
McCorkle,DECK - Bellemar <HYDRAULICS>,0.0,0.0,0.0,2021-05-17
McCorkle,35HDG2X NR <HYDRAULICS>,0.0,0.0,0.0,2021-05-17
McCorkle,40HDG3X AG <HYDRAULICS>,0.0,0.0,0.0,2021-05-17
McCorkle,25HDG2X Mini <HYDRAULICS>,0.0,0.0,0.0,2021-05-17
McCorkle,55HDG3X HS <HYDRAULICS>,0.0,0.0,0.0,2021-05-17
McCorkle,GNK - Bellemare <HYDRAULICS>,0.0,0.0,0.0,2021-05-17
McCorkle,40HDG3X53 AG <HYDRAULICS>,0.0,0.0,0.0,2021-05-17
McCorkle,35HDG2X48 AGULP <HYDRAULICS>,0.0,0.0,0.0,2021-05-17
McCorkle,70HDG4X SB <HYDRAULICS>,0.0,0.0,0.0,2021-05-17
McCorkle,51LF3X3T SK <LOG WESTERN>,0.0,0.0,0.0,2021-05-17
McCorkle,37LBT2X W <LOG WESTERN>,0.0,0.0,0.0,2021-05-17
McCorkle,53LD3X3T BC <LOG WESTERN>,0.0,0.0,0.0,2021-05-17
McCorkle,50LF4X3T HD <LOG WESTERN>,0.0,0.0,0.0,2021-05-17
McCorkle,39LBT2X W <LOG WESTERN>,0.0,0.0,0.0,2021-05-17
McCorkle,39LBT3X W <LOG WESTERN>,0.0,0.0,0.0,2021-05-17
McCorkle,51LF3X3T AB V2016 <LOG WESTERN>,0.0,0.0,0.0,2021-05-17
McCorkle,50LF3X3T HD <LOG WESTERN>,0.0,0.0,0.0,2021-05-17
McCorkle,51LF4X3T AB V2015 <LOG WESTERN>,0.0,0.0,0.0,2021-05-17
McCorkle,53LD3X3T BCHD <LOG WESTERN>,0.0,0.0,0.0,2021-05-17
McCorkle,30LBT2X W <LOG WESTERN>,0.0,0.0,0.0,2021-05-17
McCorkle,51LF3X3T PEAK <LOG WESTERN>,0.0,0.0,0.0,2021-05-17
McCorkle,37LBT3X PEAK <LOG WESTERN>,0.0,0.0,0.0,2021-05-17
McCorkle,37LBT3X W <LOG WESTERN>,0.0,0.0,0.0,2021-05-17
McCorkle,27LBT2X W <LOG WESTERN>,0.0,0.0,0.0,2021-05-17
McCorkle,51LF3X3T SK V2016 <LOG WESTERN>,0.0,0.0,0.0,2021-05-17
McCorkle,40LD3X <LOG WESTERN>,0.0,0.0,0.0,2021-05-17
McCorkle,27LD2X <LOG WESTERN>,0.0,0.0,0.0,2021-05-17
McCorkle,28LBT2X PEAK <LOG WESTERN>,0.0,0.0,0.0,2021-05-17
McCorkle,50LF3X3T AB <LOG WESTERN>,0.0,0.0,0.0,2021-05-17
McCorkle,50LF3X3T SK <LOG WESTERN>,0.0,0.0,0.0,2021-05-17
McCorkle,46LD3X2T BC <LOG WESTERN>,0.0,0.0,0.0,2021-05-17
McCorkle,51HD3X CON <HIGHWAY>,0.0,0.0,0.0,2021-05-17
McCorkle,32HBT3X <HIGHWAY>,0.0,0.0,0.0,2021-05-17
McCorkle,48HDD2X Custom V1 <HIGHWAY>,0.0,0.0,0.0,2021-05-17
McCorkle,28HBT2XHD <HIGHWAY>,0.0,0.0,0.0,2021-05-17
McCorkle,32HBT3XHD <HIGHWAY>,0.0,0.0,0.0,2021-05-17
McCorkle,53HD3X <HIGHWAY>,0.0,0.0,0.0,2021-05-17
McCorkle,53HF3X <HIGHWAY>,0.0,0.0,0.0,2021-05-17
McCorkle,48HD3X <HIGHWAY>,0.0,0.0,0.0,2021-05-17
McCorkle,53HDD2X <HIGHWAY>,0.0,0.0,0.0,2021-05-17
McCorkle,53OHD3X <HIGHWAY>,0.0,0.0,0.0,2021-05-17
McCorkle,53HF4X <HIGHWAY>,0.0,0.0,0.0,2021-05-17
McCorkle,53HF4X - Super Single <HIGHWAY>,0.0,0.0,0.0,2021-05-17
McCorkle,48HD2X <HIGHWAY>,0.0,0.0,0.0,2021-05-17
McCorkle,53HF3XEXT <HIGHWAY>,0.0,0.0,0.0,2021-05-17
McCorkle,29HD3X Rail <HIGHWAY>,0.0,0.0,0.0,2021-05-17
McCorkle,42HD2X HD <HIGHWAY>,0.0,0.0,0.0,2021-05-17
McCorkle,48HD2X PEAT <HIGHWAY>,0.0,0.0,0.0,2021-05-17
McCorkle,39BT2X SCRAP <HIGHWAY>,0.0,0.0,0.0,2021-05-17
McCorkle,20BT3X SCRAP <HIGHWAY>,0.0,0.0,0.0,2021-05-17
McCorkle,53HD4X <HIGHWAY>,0.0,0.0,0.0,2021-05-17
McCorkle,32HBT3X 2018 <HIGHWAY>,0.0,0.0,0.0,2021-05-17
McCorkle,53HD3X 2018 <HIGHWAY>,0.0,0.0,0.0,2021-05-17
McCorkle,48HF4X <HIGHWAY>,0.0,0.0,0.0,2021-05-17
McCorkle,50HF5X <HIGHWAY>,0.0,0.0,0.0,2021-05-17
McCorkle,53HD2X EXT_temp1 <HIGHWAY>,0.0,0.0,0.0,2021-05-17
McCorkle,40HD3XB <HIGHWAY>,0.0,0.0,0.0,2021-05-17
McCorkle,45HD2X <HIGHWAY>,0.0,0.0,0.0,2021-05-17
McCorkle,48HDD2X EXT <HIGHWAY>,0.0,0.0,0.0,2021-05-17
McCorkle,FA <HIGHWAY>,0.0,0.0,0.0,2021-05-17
McCorkle,48HDD2X <HIGHWAY>,0.0,0.0,0.0,2021-05-17
McCorkle,53HD2X Crane <HIGHWAY>,0.0,0.0,0.0,2021-05-17
McCorkle,48HDD2X Custom <HIGHWAY>,0.0,0.0,0.0,2021-05-17
McCorkle,48HF2X <HIGHWAY>,0.0,0.0,0.0,2021-05-17
McCorkle,48HF3X <HIGHWAY>,0.0,0.0,0.0,2021-05-17
McCorkle,48HD2X SPECIAL <HIGHWAY>,0.0,0.0,0.0,2021-05-17
McCorkle,42HF2X <HIGHWAY>,0.0,0.0,0.0,2021-05-17
McCorkle,53HDD3X <HIGHWAY>,0.0,0.0,0.0,2021-05-17
McCorkle,28HBT2X 2018 <HIGHWAY>,0.0,0.0,0.0,2021-05-17
McCorkle,46HDD2X Custom <HIGHWAY>,0.0,0.0,0.0,2021-05-17
McCorkle,42HF3X HD <HIGHWAY>,0.0,0.0,0.0,2021-05-17
McCorkle,35HD2X <HIGHWAY>,0.0,0.0,0.0,2021-05-17
McCorkle,42HD3X 2018 <HIGHWAY>,0.0,0.0,0.0,2021-05-17
McCorkle,53HD2X <HIGHWAY>,0.0,0.0,0.0,2021-05-17
McCorkle,48HD5X <HIGHWAY>,0.0,0.0,0.0,2021-05-17
McCorkle,53HD3X 2018 LDECK <HIGHWAY>,0.0,0.0,0.0,2021-05-17
McCorkle,53HF3X 2018 <HIGHWAY>,0.0,0.0,0.0,2021-05-17
McCorkle,53HD2X EXT <HIGHWAY>,0.0,0.0,0.0,2021-05-17
McCorkle,48HDD3X <HIGHWAY>,0.0,0.0,0.0,2021-05-17
McCorkle,53HD2X EXT H <HIGHWAY>,0.0,0.0,0.0,2021-05-17
McCorkle,40HD2X Penske CUSTOM <HIGHWAY>,0.0,0.0,0.0,2021-05-17
McCorkle,53HD3X EXT <HIGHWAY>,0.0,0.0,0.0,2021-05-17
McCorkle,42HD3X HD <HIGHWAY>,0.0,0.0,0.0,2021-05-17
McCorkle,28HBT2X <HIGHWAY>,0.0,0.0,0.0,2021-05-17
McCorkle,37DT3X <DUMP>,0.0,0.0,0.0,2021-05-17
McCorkle,27DT2X <DUMP>,0.0,0.0,0.0,2021-05-17
McCorkle,27PD2X <DUMP>,0.0,0.0,0.0,2021-05-17
McCorkle,28DPT3X <DUMP>,0.0,0.0,0.0,2021-05-17
McCorkle,SPECIAL <DUMP>,0.0,0.0,0.0,2021-05-17
McCorkle,26DT2X <DUMP>,0.0,0.0,0.0,2021-05-17
McCorkle,32DT3X <DUMP>,0.0,0.0,0.0,2021-05-17
McCorkle,28DPT2X <DUMP>,0.0,0.0,0.0,2021-05-17
McCorkle,38ALB3XS <DUMP>,0.0,0.0,0.0,2021-05-17
McCorkle,36ALB2X <DUMP>,0.0,0.0,0.0,2021-05-17
McCorkle,32DT3X V2018 <DUMP>,0.0,0.0,0.0,2021-05-17
McCorkle,41ALB3X <DUMP>,0.0,0.0,0.0,2021-05-17
McCorkle,27DT2X V2018 <DUMP>,0.0,0.0,0.0,2021-05-17
McCorkle,53EWF4X <DUMP>,0.0,0.0,0.0,2021-05-17
McCorkle,SFUB2X <DUMP>,0.0,0.0,0.0,2021-05-17
McCorkle,37DT2X <DUMP>,0.0,0.0,0.0,2021-05-17
McCorkle,27DT2XU <DUMP>,0.0,0.0,0.0,2021-05-17
McCorkle,37DT4X FF <DUMP>,0.0,0.0,0.0,2021-05-17
McCorkle,48ALB4X <DUMP>,0.0,0.0,0.0,2021-05-17
McCorkle,39ALB3X <DUMP>,0.0,0.0,0.0,2021-05-17
McCorkle,37DT2X HV <DUMP>,0.0,0.0,0.0,2021-05-17
McCorkle,27DT2X HV <DUMP>,0.0,0.0,0.0,2021-05-17
McCorkle,40JD2X WL <JEEP DOLLY>,0.0,0.0,0.0,2021-05-17
McCorkle,40JD2X OF <JEEP DOLLY>,0.0,0.0,0.0,2021-05-17
McCorkle,20JD1X HP <JEEP DOLLY>,0.0,0.0,0.0,2021-05-17
McCorkle,20JD1X LP <JEEP DOLLY>,0.0,0.0,0.0,2021-05-17
McCorkle,40JD2X HG <JEEP DOLLY>,0.0,0.0,0.0,2021-05-17
McCorkle,60JD3X HG <JEEP DOLLY>,0.0,0.0,0.0,2021-05-17
McCorkle,JD2+1X <JEEP DOLLY>,0.0,0.0,0.0,2021-05-17
McCorkle,JD2X <JEEP DOLLY>,0.0,0.0,0.0,2021-05-17
McCorkle,25VT2V DCI <CONTAINER CHASSIS>,0.0,0.0,0.0,2021-05-17
McCorkle,40VT2V Mexico <CONTAINER CHASSIS>,0.0,0.0,0.0,2021-05-17
McCorkle,51VT4V DCI <CONTAINER CHASSIS>,0.0,0.0,0.0,2021-05-17
McCorkle,53VT2V DCI <CONTAINER CHASSIS>,0.0,0.0,0.0,2021-05-17
McCorkle,53VT2V Penske <CONTAINER CHASSIS>,0.0,0.0,0.0,2021-05-17
McCorkle,53VT3V DCI <CONTAINER CHASSIS>,0.0,0.0,0.0,2021-05-17
McCorkle,38GT1X <CONTAINER CHASSIS>,0.0,0.0,0.0,2021-05-17
McCorkle,48GT2X <CONTAINER CHASSIS>,0.0,0.0,0.0,2021-05-17
McCorkle,51VT2V DCI <CONTAINER CHASSIS>,0.0,0.0,0.0,2021-05-17
McCorkle,12GT1X <CONTAINER CHASSIS>,0.0,0.0,0.0,2021-05-17
McCorkle,26VT1V Mexico <CONTAINER CHASSIS>,0.0,0.0,0.0,2021-05-17
McCorkle,42VT2V Mexico <CONTAINER CHASSIS>,0.0,0.0,0.0,2021-05-17
McCorkle,30DT3X-CHASSIS <CONTAINER CHASSIS>,0.0,0.0,0.0,2021-05-17
McCorkle,53VT2V FL CA <CONTAINER CHASSIS>,0.0,0.0,0.0,2021-05-17
McCorkle,53VT2V FL CA-97 <CONTAINER CHASSIS>,0.0,0.0,0.0,2021-05-17
McCorkle,53VT2V FL US-97 <CONTAINER CHASSIS>,0.0,0.0,0.0,2021-05-17
McCorkle,53VT2V JB HUNT <CONTAINER CHASSIS>,0.0,0.0,0.0,2021-05-17
McCorkle,33VT2V DCI Tag <CONTAINER CHASSIS>,0.0,0.0,0.0,2021-05-17
McCorkle,40CC2X <CONTAINER CHASSIS>,0.0,0.0,0.0,2021-05-17
McCorkle,53VT3X DCI V2021 <CONTAINER CHASSIS>,0.0,0.0,0.0,2021-05-17
McCorkle,53VT3V PENSKE <CONTAINER CHASSIS>,0.0,0.0,0.0,2021-05-17
McCorkle,53VT2V Frito Lay <CONTAINER CHASSIS>,0.0,0.0,0.0,2021-05-17
McCorkle,53VT2V FL US <CONTAINER CHASSIS>,0.0,0.0,0.0,2021-05-17
McCorkle,40GT1X <CONTAINER CHASSIS>,0.0,0.0,0.0,2021-05-17
McCorkle,20VT1V Mexico <CONTAINER CHASSIS>,0.0,0.0,0.0,2021-05-17
McCorkle,53VT2V CAL <CONTAINER CHASSIS>,0.0,0.0,0.0,2021-05-17
McCorkle,38GT2X <CONTAINER CHASSIS>,0.0,0.0,0.0,2021-05-17
McCorkle,51GT2X <CONTAINER CHASSIS>,0.0,0.0,0.0,2021-05-17
McCorkle,47GT2X <CONTAINER CHASSIS>,0.0,0.0,0.0,2021-05-17
McCorkle,10GT1X <CONTAINER CHASSIS>,0.0,0.0,0.0,2021-05-17
McCorkle,34VT1V Hostler <CONTAINER CHASSIS>,0.0,0.0,0.0,2021-05-17
McCorkle,53VT2V DCI LD <CONTAINER CHASSIS>,0.0,0.0,0.0,2021-05-17
McCorkle,53VT2V FL CA-53 <CONTAINER CHASSIS>,0.0,0.0,0.0,2021-05-17
McCorkle,10GT2X <CONTAINER CHASSIS>,0.0,0.0,0.0,2021-05-17
McCorkle,12GT2X <CONTAINER CHASSIS>,0.0,0.0,0.0,2021-05-17
McCorkle,42DD3X <NUCLEAR>,0.0,0.0,0.0,2021-05-17
McCorkle,42DD3X WCS <NUCLEAR>,0.0,0.0,0.0,2021-05-17
McCorkle,42DD2X <NUCLEAR>,0.0,0.0,0.0,2021-05-17
McCorkle,46DD4X WCS <NUCLEAR>,0.0,0.0,0.0,2021-05-17
McCorkle,40NS2 US <NUCLEAR>,0.0,0.0,0.0,2021-05-17
McCorkle,44DD2X <NUCLEAR>,0.0,0.0,0.0,2021-05-17
McCorkle,49DD3X HD <NUCLEAR>,0.0,0.0,0.0,2021-05-17
McCorkle,50DD4X <NUCLEAR>,0.0,0.0,0.0,2021-05-17
McCorkle,51DD3X HD <NUCLEAR>,0.0,0.0,0.0,2021-05-17
McCorkle,50DD3X <NUCLEAR>,0.0,0.0,0.0,2021-05-17
McCorkle,53DD4X <NUCLEAR>,0.0,0.0,0.0,2021-05-17
McCorkle,47DD3X <NUCLEAR>,0.0,0.0,0.0,2021-05-17
McCorkle,45DD3X <NUCLEAR>,0.0,0.0,0.0,2021-05-17
McCorkle,53ET3X MR WEST <EQUIPMENT>,0.0,0.0,0.0,2021-05-17
McCorkle,48ET3X MR <EQUIPMENT>,0.0,0.0,0.0,2021-05-17
McCorkle,42ET2X <EQUIPMENT>,0.0,0.0,0.0,2021-05-17
McCorkle,48ET2X <EQUIPMENT>,0.0,0.0,0.0,2021-05-17
McCorkle,53ET2X <EQUIPMENT>,0.0,0.0,0.0,2021-05-17
McCorkle,53ET4X MR <EQUIPMENT>,0.0,0.0,0.0,2021-05-17
McCorkle,53ET3X MR EAST <EQUIPMENT>,0.0,0.0,0.0,2021-05-17
McCorkle,53ET4X <EQUIPMENT>,0.0,0.0,0.0,2021-05-17
McCorkle,42ET3X <EQUIPMENT>,0.0,0.0,0.0,2021-05-17
McCorkle,48ET3X <EQUIPMENT>,0.0,0.0,0.0,2021-05-17
McCorkle,53ET3X <EQUIPMENT>,0.0,0.0,0.0,2021-05-17
McCorkle,360 <SCREENER>,0.0,0.0,0.0,2021-05-17
McCorkle,14CR1X <CABLE REEL>,0.0,0.0,0.0,2021-05-17
McCorkle,11CD1X <CONVERTERS/BOOSTERS>,0.0,0.0,0.0,2021-05-17
McCorkle,11SB1X SB <CONVERTERS/BOOSTERS>,0.0,0.0,0.0,2021-05-17
McCorkle,11SB1X <CONVERTERS/BOOSTERS>,0.0,0.0,0.0,2021-05-17
McCorkle,22CD2X <CONVERTERS/BOOSTERS>,0.0,0.0,0.0,2021-05-17
McCorkle,11SB2X SB <CONVERTERS/BOOSTERS>,0.0,0.0,0.0,2021-05-17
McCorkle,LP14 <AGRICULTURE>,0.0,0.0,0.0,2021-05-17
McCorkle,LP18 <AGRICULTURE>,0.0,0.0,0.0,2021-05-17
McCorkle,20PC2X <CHASSIS>,0.0,0.0,0.0,2021-05-17
McCorkle,40CC3X <CHASSIS>,0.0,0.0,0.0,2021-05-17
McCorkle,40CC3X53EXT <CHASSIS>,0.0,0.0,0.0,2021-05-17
McCorkle,30CC2X <CHASSIS>,0.0,0.0,0.0,2021-05-17
McCorkle,12CC2X <CHASSIS>,0.0,0.0,0.0,2021-05-17
McCorkle,22CC2X <CHASSIS>,0.0,0.0,0.0,2021-05-17
McCorkle,42CC3X <CHASSIS>,0.0,0.0,0.0,2021-05-17
McCorkle,20CC2X <CHASSIS>,0.0,0.0,0.0,2021-05-17
McCorkle,20CC3X <CHASSIS>,0.0,0.0,0.0,2021-05-17
McCorkle,Pony 3X17 <CHASSIS>,0.0,0.0,0.0,2021-05-17
McCorkle,44CC3X <CHASSIS>,0.0,0.0,0.0,2021-05-17
McCorkle,27BC2X <CHASSIS>,0.0,0.0,0.0,2021-05-17
McCorkle,45BC3X <CHASSIS>,0.0,0.0,0.0,2021-05-17
McCorkle,30PC3X <CHASSIS>,0.0,0.0,0.0,2021-05-17
McCorkle,PY-FR454-WR3X <STARGATE>,0.0,0.0,0.0,2021-05-17
McCorkle,48LB4X A <STARGATE>,0.0,0.0,0.0,2021-05-17
McCorkle,TB48 <STARGATE>,0.0,0.0,0.0,2021-05-17
McCorkle,Dump SF3X <STARGATE>,0.0,0.0,0.0,2021-05-17
McCorkle,30SB <STARGATE>,0.0,0.0,0.0,2021-05-17
McCorkle,B-Train Pull Dump_temp1 <STARGATE>,0.0,0.0,0.0,2021-05-17
McCorkle,CD2X <STARGATE>,0.0,0.0,0.0,2021-05-17
McCorkle,24SB <STARGATE>,0.0,0.0,0.0,2021-05-17
McCorkle,UBF2X <STARGATE>,0.0,0.0,0.0,2021-05-17
McCorkle,38LB3X A <STARGATE>,0.0,0.0,0.0,2021-05-17
McCorkle,28LB2X A <STARGATE>,0.0,0.0,0.0,2021-05-17
McCorkle,CD1X <STARGATE>,0.0,0.0,0.0,2021-05-17
McCorkle,Dump SF2X <STARGATE>,0.0,0.0,0.0,2021-05-17
McCorkle,Steel End Dump 2X <STARGATE>,0.0,0.0,0.0,2021-05-17
McCorkle,17PDB <STARGATE>,0.0,0.0,0.0,2021-05-17
McCorkle,Dump SF4X <STARGATE>,0.0,0.0,0.0,2021-05-17
McCorkle,Dump 36SF3X <STARGATE>,0.0,0.0,0.0,2021-05-17
McCorkle,Pony Dump 3X17 <STARGATE>,0.0,0.0,0.0,2021-05-17
McCorkle,19SB <STARGATE>,0.0,0.0,0.0,2021-05-17
McCorkle,End Dump - temp1 <STARGATE>,0.0,0.0,0.0,2021-05-17
McCorkle,B-Train Dump_temp1 <STARGATE>,0.0,0.0,0.0,2021-05-17
McCorkle,Pony Chassis <STARGATE>,0.0,0.0,0.0,2021-05-17
McCorkle,End Dump 4X <END DUMPS>,0.0,0.0,0.0,2021-05-17
McCorkle,Frameless Alum. U Body 2X <END DUMPS>,0.0,0.0,0.0,2021-05-17
McCorkle,Frameless Alum. U Body 3X <END DUMPS>,0.0,0.0,0.0,2021-05-17
E & R Trailer,46LF3X4T NS <LOG EASTERN>,0.0,0.0,0.0,2021-05-17
E & R Trailer,46LF3X4T NL <LOG EASTERN>,0.0,0.0,0.0,2021-05-17
E & R Trailer,46LD4X4T NS <LOG EASTERN>,0.0,0.0,0.0,2021-05-17
E & R Trailer,39LBT3X NS <LOG EASTERN>,0.0,0.0,0.0,2021-05-17
E & R Trailer,28LBT2X NS <LOG EASTERN>,0.0,0.0,0.0,2021-05-17
E & R Trailer,42LD3X NL <LOG EASTERN>,0.0,0.0,0.0,2021-05-17
E & R Trailer,27LBT2X NL <LOG EASTERN>,0.0,0.0,0.0,2021-05-17
E & R Trailer,37LBT3X NL <LOG EASTERN>,0.0,0.0,0.0,2021-05-17
E & R Trailer,46LD3X4TLW NS <LOG EASTERN>,0.0,0.0,0.0,2021-05-17
E & R Trailer,18LPT3X <LOG EASTERN>,0.0,0.0,0.0,2021-05-17
E & R Trailer,48LF4X NL <LOG EASTERN>,0.0,0.0,0.0,2021-05-17
E & R Trailer,51LD5X5T ON <LOG EASTERN>,0.0,0.0,0.0,2021-05-17
E & R Trailer,25LPT3X JDI <LOG EASTERN>,0.0,0.0,0.0,2021-05-17
E & R Trailer,53LD3X5T JDIHD <LOG EASTERN>,0.0,0.0,0.0,2021-05-17
E & R Trailer,48LD4X4T V2018 <LOG EASTERN>,0.0,0.0,0.0,2021-05-17
E & R Trailer,46LF3X4T NS V2017 <LOG EASTERN>,0.0,0.0,0.0,2021-05-17
E & R Trailer,48LF3X5T NB V2016 <LOG EASTERN>,0.0,0.0,0.0,2021-05-17
E & R Trailer,51LF3X5T NB V2016 <LOG EASTERN>,0.0,0.0,0.0,2021-05-17
E & R Trailer,48LF3X NL <LOG EASTERN>,0.0,0.0,0.0,2021-05-17
E & R Trailer,39LBT3X ON <LOG EASTERN>,0.0,0.0,0.0,2021-05-17
E & R Trailer,51LF4X5T NB TRI V2016 <LOG EASTERN>,0.0,0.0,0.0,2021-05-17
E & R Trailer,51LF4X5T V2018 <LOG EASTERN>,0.0,0.0,0.0,2021-05-17
E & R Trailer,48LF4X5T V2018 <LOG EASTERN>,0.0,0.0,0.0,2021-05-17
E & R Trailer,48LF3X5T V2018 <LOG EASTERN>,0.0,0.0,0.0,2021-05-17
E & R Trailer,48LD3X5T V2018 <LOG EASTERN>,0.0,0.0,0.0,2021-05-17
E & R Trailer,46LF4X NL <LOG EASTERN>,0.0,0.0,0.0,2021-05-17
E & R Trailer,52LD4X5T <LOG EASTERN>,0.0,0.0,0.0,2021-05-17
E & R Trailer,48LF3X5T NB V2018 <LOG EASTERN>,0.0,0.0,0.0,2021-05-17
E & R Trailer,51LD4X5T V2018 <LOG EASTERN>,0.0,0.0,0.0,2021-05-17
E & R Trailer,51LD4X5T ON <LOG EASTERN>,0.0,0.0,0.0,2021-05-17
E & R Trailer,25LPT2X <LOG EASTERN>,0.0,0.0,0.0,2021-05-17
E & R Trailer,46LF3X4T V2018 <LOG EASTERN>,0.0,0.0,0.0,2021-05-17
E & R Trailer,25LPT3X <LOG EASTERN>,0.0,0.0,0.0,2021-05-17
E & R Trailer,46LD3X4T V2018 <LOG EASTERN>,0.0,0.0,0.0,2021-05-17
E & R Trailer,46LD4X NL <LOG EASTERN>,0.0,0.0,0.0,2021-05-17
E & R Trailer,52LF4X5T <LOG EASTERN>,0.0,0.0,0.0,2021-05-17
E & R Trailer,48LD4X4T NB V2017 <LOG EASTERN>,0.0,0.0,0.0,2021-05-17
E & R Trailer,48LD4X5T ON <LOG EASTERN>,0.0,0.0,0.0,2021-05-17
E & R Trailer,48LD4X5T V2018 <LOG EASTERN>,0.0,0.0,0.0,2021-05-17
E & R Trailer,30LBT2X ON <LOG EASTERN>,0.0,0.0,0.0,2021-05-17
E & R Trailer,51LD5X5T ON V2017 <LOG EASTERN>,0.0,0.0,0.0,2021-05-17
E & R Trailer,46LD3X4T US <LOG US>,0.0,0.0,0.0,2021-05-17
E & R Trailer,48LD3X5T US <LOG US>,0.0,0.0,0.0,2021-05-17
E & R Trailer,46LD2X4T US <LOG US>,0.0,0.0,0.0,2021-05-17
E & R Trailer,46LD3X4T USAE <LOG US>,0.0,0.0,0.0,2021-05-17
E & R Trailer,46LD3X2T US <LOG US>,0.0,0.0,0.0,2021-05-17
E & R Trailer,46LF3X MN <LOG US>,0.0,0.0,0.0,2021-05-17
E & R Trailer,48LD3X5T USAE <LOG US>,0.0,0.0,0.0,2021-05-17
E & R Trailer,51LF4X3T US <LOG US>,0.0,0.0,0.0,2021-05-17
E & R Trailer,46LF3X4T USAE <LOG US>,0.0,0.0,0.0,2021-05-17
E & R Trailer,48LF3X5T USAE <LOG US>,0.0,0.0,0.0,2021-05-17
E & R Trailer,42LD3X4T USAE <LOG US>,0.0,0.0,0.0,2021-05-17
E & R Trailer,46LD3X5T HALE <LOG US>,0.0,0.0,0.0,2021-05-17
E & R Trailer,35ADG2X AGNR <MACHINERY>,0.0,0.0,0.0,2021-05-17
E & R Trailer,35ADG2X AGR <MACHINERY>,0.0,0.0,0.0,2021-05-17
E & R Trailer,35ADG2X NR <MACHINERY>,0.0,0.0,0.0,2021-05-17
E & R Trailer,35ADG2X R <MACHINERY>,0.0,0.0,0.0,2021-05-17
E & R Trailer,35FA <MACHINERY>,0.0,0.0,0.0,2021-05-17
E & R Trailer,40ADG2X NR <MACHINERY>,0.0,0.0,0.0,2021-05-17
E & R Trailer,40ADG3X AGR <MACHINERY>,0.0,0.0,0.0,2021-05-17
E & R Trailer,40ADG3X R <MACHINERY>,0.0,0.0,0.0,2021-05-17
E & R Trailer,35MD2X53 EXT <MACHINERY>,0.0,0.0,0.0,2021-05-17
E & R Trailer,35ADG2X53 AGNR <MACHINERY>,0.0,0.0,0.0,2021-05-17
E & R Trailer,50ADG3X53 NR <MACHINERY>,0.0,0.0,0.0,2021-05-17
E & R Trailer,30ADG2X51 AGLP <MACHINERY>,0.0,0.0,0.0,2021-05-17
E & R Trailer,40ADG3X53 NR <MACHINERY>,0.0,0.0,0.0,2021-05-17
E & R Trailer,40ADG3X53 AGNR <MACHINERY>,0.0,0.0,0.0,2021-05-17
E & R Trailer,35ADG3X53 AGNR <MACHINERY>,0.0,0.0,0.0,2021-05-17
E & R Trailer,35ADG2X37 AGNR <MACHINERY>,0.0,0.0,0.0,2021-05-17
E & R Trailer,35MD2X EXT <MACHINERY>,0.0,0.0,0.0,2021-05-17
E & R Trailer,30ADG2X51 LP <MACHINERY>,0.0,0.0,0.0,2021-05-17
E & R Trailer,35ADG2X53 AGC <MACHINERY>,0.0,0.0,0.0,2021-05-17
E & R Trailer,20PAG2X <MACHINERY>,0.0,0.0,0.0,2021-05-17
E & R Trailer,35ADG2X51 AGC <MACHINERY>,0.0,0.0,0.0,2021-05-17
E & R Trailer,35ADG2X53 AGCO <MACHINERY>,0.0,0.0,0.0,2021-05-17
E & R Trailer,35ADG2X48 AGULP <MACHINERY>,0.0,0.0,0.0,2021-05-17
E & R Trailer,35MD2X48 <MACHINERY>,0.0,0.0,0.0,2021-05-17
E & R Trailer,35MD2X53 <MACHINERY>,0.0,0.0,0.0,2021-05-17
E & R Trailer,35MD2X BT <MACHINERY>,0.0,0.0,0.0,2021-05-17
E & R Trailer,35DD2X BT <MACHINERY>,0.0,0.0,0.0,2021-05-17
E & R Trailer,35MD2X48 P <MACHINERY>,0.0,0.0,0.0,2021-05-17
E & R Trailer,45MD3X EXT <MACHINERY>,0.0,0.0,0.0,2021-05-17
E & R Trailer,35HDG2X53 <MACHINERY>,0.0,0.0,0.0,2021-05-17
E & R Trailer,35ADG2X51 AGLP <MACHINERY>,0.0,0.0,0.0,2021-05-17
E & R Trailer,35ADG2X51 AGNR <MACHINERY>,0.0,0.0,0.0,2021-05-17
E & R Trailer,35ADG2X53 AGS <MACHINERY>,0.0,0.0,0.0,2021-05-17
E & R Trailer,30ADG2X53 AGLP <MACHINERY>,0.0,0.0,0.0,2021-05-17
E & R Trailer,40ADG3X53 AGLP <MACHINERY>,0.0,0.0,0.0,2021-05-17
E & R Trailer,35ADG2X51 LP <MACHINERY>,0.0,0.0,0.0,2021-05-17
E & R Trailer,35MD2X48 AGULP <MACHINERY>,0.0,0.0,0.0,2021-05-17
E & R Trailer,40SN3X <OILFIELD>,0.0,0.0,0.0,2021-05-17
E & R Trailer,40SN3X SB <OILFIELD>,0.0,0.0,0.0,2021-05-17
E & R Trailer,55LB3X LND <OILFIELD>,0.0,0.0,0.0,2021-05-17
E & R Trailer,40SN3X M <OILFIELD>,0.0,0.0,0.0,2021-05-17
E & R Trailer,60SN3X <OILFIELD>,0.0,0.0,0.0,2021-05-17
E & R Trailer,50SN3X 2018 <OILFIELD>,0.0,0.0,0.0,2021-05-17
E & R Trailer,50SN3X <OILFIELD>,0.0,0.0,0.0,2021-05-17
E & R Trailer,55LB3X SND <OILFIELD>,0.0,0.0,0.0,2021-05-17
E & R Trailer,55LB3X LNF <OILFIELD>,0.0,0.0,0.0,2021-05-17
E & R Trailer,51OF3X <OILFIELD>,0.0,0.0,0.0,2021-05-17
E & R Trailer,2510 <SNOW & ICE CONTROL>,0.0,0.0,0.0,2021-05-17
E & R Trailer,2513 <SNOW & ICE CONTROL>,0.0,0.0,0.0,2021-05-17
E & R Trailer,2514 <SNOW & ICE CONTROL>,0.0,0.0,0.0,2021-05-17
E & R Trailer,2311NB <SNOW & ICE CONTROL>,0.0,0.0,0.0,2021-05-17
E & R Trailer,1155 <SNOW & ICE CONTROL>,0.0,0.0,0.0,2021-05-17
E & R Trailer,2514 DC <SNOW & ICE CONTROL>,0.0,0.0,0.0,2021-05-17
E & R Trailer,TC1X <SNOW & ICE CONTROL>,0.0,0.0,0.0,2021-05-17
E & R Trailer,1040G <SNOW & ICE CONTROL>,0.0,0.0,0.0,2021-05-17
E & R Trailer,3434 PMB <SNOW & ICE CONTROL>,0.0,0.0,0.0,2021-05-17
E & R Trailer,2311 <SNOW & ICE CONTROL>,0.0,0.0,0.0,2021-05-17
E & R Trailer,2313 <SNOW & ICE CONTROL>,0.0,0.0,0.0,2021-05-17
E & R Trailer,SICD2X NT <SNOW & ICE CONTROL>,0.0,0.0,0.0,2021-05-17
E & R Trailer,SICP1X NT <SNOW & ICE CONTROL>,0.0,0.0,0.0,2021-05-17
E & R Trailer,1030G <SNOW & ICE CONTROL>,0.0,0.0,0.0,2021-05-17
E & R Trailer,1050G <SNOW & ICE CONTROL>,0.0,0.0,0.0,2021-05-17
E & R Trailer,2049 <SNOW & ICE CONTROL>,0.0,0.0,0.0,2021-05-17
E & R Trailer,SICP2X NT <SNOW & ICE CONTROL>,0.0,0.0,0.0,2021-05-17
E & R Trailer,2514 SNC <SNOW & ICE CONTROL>,0.0,0.0,0.0,2021-05-17
E & R Trailer,2047 <SNOW & ICE CONTROL>,0.0,0.0,0.0,2021-05-17
E & R Trailer,SPUD KIT 4300 <SNOW & ICE CONTROL>,0.0,0.0,0.0,2021-05-17
E & R Trailer,2513 DC <SNOW & ICE CONTROL>,0.0,0.0,0.0,2021-05-17
E & R Trailer,2313NB <SNOW & ICE CONTROL>,0.0,0.0,0.0,2021-05-17
E & R Trailer,2314NB <SNOW & ICE CONTROL>,0.0,0.0,0.0,2021-05-17
E & R Trailer,TC2X <SNOW & ICE CONTROL>,0.0,0.0,0.0,2021-05-17
E & R Trailer,3920-94 PMP <SNOW & ICE CONTROL>,0.0,0.0,0.0,2021-05-17
E & R Trailer,Installation <SNOW & ICE CONTROL>,0.0,0.0,0.0,2021-05-17
E & R Trailer,2310NB <SNOW & ICE CONTROL>,0.0,0.0,0.0,2021-05-17
E & R Trailer,TEMP <SNOW & ICE CONTROL>,0.0,0.0,0.0,2021-05-17
E & R Trailer,2020 <SNOW & ICE CONTROL>,0.0,0.0,0.0,2021-05-17
E & R Trailer,20ANR <TAGS>,0.0,0.0,0.0,2021-05-17
E & R Trailer,15BWS2X <TAGS>,0.0,0.0,0.0,2021-05-17
E & R Trailer,20BWS3X <TAGS>,0.0,0.0,0.0,2021-05-17
E & R Trailer,20FDNT <TAGS>,0.0,0.0,0.0,2021-05-17
E & R Trailer,20PLS2X <TAGS>,0.0,0.0,0.0,2021-05-17
E & R Trailer,30NTT <TAGS>,0.0,0.0,0.0,2021-05-17
E & R Trailer,30FDNT <TAGS>,0.0,0.0,0.0,2021-05-17
E & R Trailer,15BWS2X G <TAGS>,0.0,0.0,0.0,2021-05-17
E & R Trailer,20NTTS <TAGS>,0.0,0.0,0.0,2021-05-17
E & R Trailer,40EPT1X <TAGS>,0.0,0.0,0.0,2021-05-17
E & R Trailer,30 ANR MINE <TAGS>,0.0,0.0,0.0,2021-05-17
E & R Trailer,20PT2X <TAGS>,0.0,0.0,0.0,2021-05-17
E & R Trailer,WTT2X <TAGS>,0.0,0.0,0.0,2021-05-17
E & R Trailer,25PT3X <TAGS>,0.0,0.0,0.0,2021-05-17
E & R Trailer,20ART <TAGS>,0.0,0.0,0.0,2021-05-17
E & R Trailer,20MTT <TAGS>,0.0,0.0,0.0,2021-05-17
E & R Trailer,20NTT <TAGS>,0.0,0.0,0.0,2021-05-17
E & R Trailer,25ANR <TAGS>,0.0,0.0,0.0,2021-05-17
E & R Trailer,25ART <TAGS>,0.0,0.0,0.0,2021-05-17
E & R Trailer,25NTT <TAGS>,0.0,0.0,0.0,2021-05-17
E & R Trailer,20FDNT ECO <TAGS>,0.0,0.0,0.0,2021-05-17
E & R Trailer,25FDNT <TAGS>,0.0,0.0,0.0,2021-05-17
E & R Trailer,25FDNT ECO <TAGS>,0.0,0.0,0.0,2021-05-17
E & R Trailer,20BWS2X <TAGS>,0.0,0.0,0.0,2021-05-17
E & R Trailer,25BWS3X <TAGS>,0.0,0.0,0.0,2021-05-17
E & R Trailer,30ANR <TAGS>,0.0,0.0,0.0,2021-05-17
E & R Trailer,30ART <TAGS>,0.0,0.0,0.0,2021-05-17
E & R Trailer,53ET2XP <PAVING & RECOVERY>,0.0,0.0,0.0,2021-05-17
E & R Trailer,53ET3XP <PAVING & RECOVERY>,0.0,0.0,0.0,2021-05-17
E & R Trailer,53ET4XP <PAVING & RECOVERY>,0.0,0.0,0.0,2021-05-17
E & R Trailer,48ET2XP <PAVING & RECOVERY>,0.0,0.0,0.0,2021-05-17
E & R Trailer,48ET3XP <PAVING & RECOVERY>,0.0,0.0,0.0,2021-05-17
E & R Trailer,60HDGSB <HYDRAULICS>,0.0,0.0,0.0,2021-05-17
E & R Trailer,55FA <HYDRAULICS>,0.0,0.0,0.0,2021-05-17
E & R Trailer,55HDG4X SB <HYDRAULICS>,0.0,0.0,0.0,2021-05-17
E & R Trailer,40HDG4X SB P <HYDRAULICS>,0.0,0.0,0.0,2021-05-17
E & R Trailer,55HDG3X BTHH <HYDRAULICS>,0.0,0.0,0.0,2021-05-17
E & R Trailer,55HDG3X SBHH <HYDRAULICS>,0.0,0.0,0.0,2021-05-17
E & R Trailer,60HDG4X SB <HYDRAULICS>,0.0,0.0,0.0,2021-05-17
E & R Trailer,35HDG2X Mini <HYDRAULICS>,0.0,0.0,0.0,2021-05-17
E & R Trailer,50HDG3X AG <HYDRAULICS>,0.0,0.0,0.0,2021-05-17
E & R Trailer,55HDG3X E <HYDRAULICS>,0.0,0.0,0.0,2021-05-17
E & R Trailer,50FA AGRI <HYDRAULICS>,0.0,0.0,0.0,2021-05-17
E & R Trailer,55FA LH <HYDRAULICS>,0.0,0.0,0.0,2021-05-17
E & R Trailer,51HDG3X SB <HYDRAULICS>,0.0,0.0,0.0,2021-05-17
E & R Trailer,55HDG3X SB <HYDRAULICS>,0.0,0.0,0.0,2021-05-17
E & R Trailer,35HDG2X53 AGC <HYDRAULICS>,0.0,0.0,0.0,2021-05-17
E & R Trailer,35HDG2X53 AGNR <HYDRAULICS>,0.0,0.0,0.0,2021-05-17
E & R Trailer,55HDG3X BTHH AG <HYDRAULICS>,0.0,0.0,0.0,2021-05-17
E & R Trailer,55HDG3X SBHH AG <HYDRAULICS>,0.0,0.0,0.0,2021-05-17
E & R Trailer,60HDG3X HB_temp1 <HYDRAULICS>,0.0,0.0,0.0,2021-05-17
E & R Trailer,55HDG3X <HYDRAULICS>,0.0,0.0,0.0,2021-05-17
E & R Trailer,55HDG3X H <HYDRAULICS>,0.0,0.0,0.0,2021-05-17
E & R Trailer,55FA  B <HYDRAULICS>,0.0,0.0,0.0,2021-05-17
E & R Trailer,55HDG3X Q1 <HYDRAULICS>,0.0,0.0,0.0,2021-05-17
E & R Trailer,55HDG3X US <HYDRAULICS>,0.0,0.0,0.0,2021-05-17
E & R Trailer,DECK - Bellemar <HYDRAULICS>,0.0,0.0,0.0,2021-05-17
E & R Trailer,35HDG2X NR <HYDRAULICS>,0.0,0.0,0.0,2021-05-17
E & R Trailer,40HDG3X AG <HYDRAULICS>,0.0,0.0,0.0,2021-05-17
E & R Trailer,25HDG2X Mini <HYDRAULICS>,0.0,0.0,0.0,2021-05-17
E & R Trailer,55HDG3X HS <HYDRAULICS>,0.0,0.0,0.0,2021-05-17
E & R Trailer,GNK - Bellemare <HYDRAULICS>,0.0,0.0,0.0,2021-05-17
E & R Trailer,40HDG3X53 AG <HYDRAULICS>,0.0,0.0,0.0,2021-05-17
E & R Trailer,35HDG2X48 AGULP <HYDRAULICS>,0.0,0.0,0.0,2021-05-17
E & R Trailer,70HDG4X SB <HYDRAULICS>,0.0,0.0,0.0,2021-05-17
E & R Trailer,51LF3X3T SK <LOG WESTERN>,0.0,0.0,0.0,2021-05-17
E & R Trailer,37LBT2X W <LOG WESTERN>,0.0,0.0,0.0,2021-05-17
E & R Trailer,53LD3X3T BC <LOG WESTERN>,0.0,0.0,0.0,2021-05-17
E & R Trailer,50LF4X3T HD <LOG WESTERN>,0.0,0.0,0.0,2021-05-17
E & R Trailer,39LBT2X W <LOG WESTERN>,0.0,0.0,0.0,2021-05-17
E & R Trailer,39LBT3X W <LOG WESTERN>,0.0,0.0,0.0,2021-05-17
E & R Trailer,51LF3X3T AB V2016 <LOG WESTERN>,0.0,0.0,0.0,2021-05-17
E & R Trailer,50LF3X3T HD <LOG WESTERN>,0.0,0.0,0.0,2021-05-17
E & R Trailer,51LF4X3T AB V2015 <LOG WESTERN>,0.0,0.0,0.0,2021-05-17
E & R Trailer,53LD3X3T BCHD <LOG WESTERN>,0.0,0.0,0.0,2021-05-17
E & R Trailer,30LBT2X W <LOG WESTERN>,0.0,0.0,0.0,2021-05-17
E & R Trailer,51LF3X3T PEAK <LOG WESTERN>,0.0,0.0,0.0,2021-05-17
E & R Trailer,37LBT3X PEAK <LOG WESTERN>,0.0,0.0,0.0,2021-05-17
E & R Trailer,37LBT3X W <LOG WESTERN>,0.0,0.0,0.0,2021-05-17
E & R Trailer,27LBT2X W <LOG WESTERN>,0.0,0.0,0.0,2021-05-17
E & R Trailer,51LF3X3T SK V2016 <LOG WESTERN>,0.0,0.0,0.0,2021-05-17
E & R Trailer,40LD3X <LOG WESTERN>,0.0,0.0,0.0,2021-05-17
E & R Trailer,27LD2X <LOG WESTERN>,0.0,0.0,0.0,2021-05-17
E & R Trailer,28LBT2X PEAK <LOG WESTERN>,0.0,0.0,0.0,2021-05-17
E & R Trailer,50LF3X3T AB <LOG WESTERN>,0.0,0.0,0.0,2021-05-17
E & R Trailer,50LF3X3T SK <LOG WESTERN>,0.0,0.0,0.0,2021-05-17
E & R Trailer,46LD3X2T BC <LOG WESTERN>,0.0,0.0,0.0,2021-05-17
E & R Trailer,51HD3X CON <HIGHWAY>,0.0,0.0,0.0,2021-05-17
E & R Trailer,32HBT3X <HIGHWAY>,0.0,0.0,0.0,2021-05-17
E & R Trailer,48HDD2X Custom V1 <HIGHWAY>,0.0,0.0,0.0,2021-05-17
E & R Trailer,28HBT2XHD <HIGHWAY>,0.0,0.0,0.0,2021-05-17
E & R Trailer,32HBT3XHD <HIGHWAY>,0.0,0.0,0.0,2021-05-17
E & R Trailer,53HD3X <HIGHWAY>,0.0,0.0,0.0,2021-05-17
E & R Trailer,53HF3X <HIGHWAY>,0.0,0.0,0.0,2021-05-17
E & R Trailer,48HD3X <HIGHWAY>,0.0,0.0,0.0,2021-05-17
E & R Trailer,53HDD2X <HIGHWAY>,0.0,0.0,0.0,2021-05-17
E & R Trailer,53OHD3X <HIGHWAY>,0.0,0.0,0.0,2021-05-17
E & R Trailer,53HF4X <HIGHWAY>,0.0,0.0,0.0,2021-05-17
E & R Trailer,53HF4X - Super Single <HIGHWAY>,0.0,0.0,0.0,2021-05-17
E & R Trailer,48HD2X <HIGHWAY>,0.0,0.0,0.0,2021-05-17
E & R Trailer,53HF3XEXT <HIGHWAY>,0.0,0.0,0.0,2021-05-17
E & R Trailer,29HD3X Rail <HIGHWAY>,0.0,0.0,0.0,2021-05-17
E & R Trailer,42HD2X HD <HIGHWAY>,0.0,0.0,0.0,2021-05-17
E & R Trailer,48HD2X PEAT <HIGHWAY>,0.0,0.0,0.0,2021-05-17
E & R Trailer,39BT2X SCRAP <HIGHWAY>,0.0,0.0,0.0,2021-05-17
E & R Trailer,20BT3X SCRAP <HIGHWAY>,0.0,0.0,0.0,2021-05-17
E & R Trailer,53HD4X <HIGHWAY>,0.0,0.0,0.0,2021-05-17
E & R Trailer,32HBT3X 2018 <HIGHWAY>,0.0,0.0,0.0,2021-05-17
E & R Trailer,53HD3X 2018 <HIGHWAY>,0.0,0.0,0.0,2021-05-17
E & R Trailer,48HF4X <HIGHWAY>,0.0,0.0,0.0,2021-05-17
E & R Trailer,50HF5X <HIGHWAY>,0.0,0.0,0.0,2021-05-17
E & R Trailer,53HD2X EXT_temp1 <HIGHWAY>,0.0,0.0,0.0,2021-05-17
E & R Trailer,40HD3XB <HIGHWAY>,0.0,0.0,0.0,2021-05-17
E & R Trailer,45HD2X <HIGHWAY>,0.0,0.0,0.0,2021-05-17
E & R Trailer,48HDD2X EXT <HIGHWAY>,0.0,0.0,0.0,2021-05-17
E & R Trailer,FA <HIGHWAY>,0.0,0.0,0.0,2021-05-17
E & R Trailer,48HDD2X <HIGHWAY>,0.0,0.0,0.0,2021-05-17
E & R Trailer,53HD2X Crane <HIGHWAY>,0.0,0.0,0.0,2021-05-17
E & R Trailer,48HDD2X Custom <HIGHWAY>,0.0,0.0,0.0,2021-05-17
E & R Trailer,48HF2X <HIGHWAY>,0.0,0.0,0.0,2021-05-17
E & R Trailer,48HF3X <HIGHWAY>,0.0,0.0,0.0,2021-05-17
E & R Trailer,48HD2X SPECIAL <HIGHWAY>,0.0,0.0,0.0,2021-05-17
E & R Trailer,42HF2X <HIGHWAY>,0.0,0.0,0.0,2021-05-17
E & R Trailer,53HDD3X <HIGHWAY>,0.0,0.0,0.0,2021-05-17
E & R Trailer,28HBT2X 2018 <HIGHWAY>,0.0,0.0,0.0,2021-05-17
E & R Trailer,46HDD2X Custom <HIGHWAY>,0.0,0.0,0.0,2021-05-17
E & R Trailer,42HF3X HD <HIGHWAY>,0.0,0.0,0.0,2021-05-17
E & R Trailer,35HD2X <HIGHWAY>,0.0,0.0,0.0,2021-05-17
E & R Trailer,42HD3X 2018 <HIGHWAY>,0.0,0.0,0.0,2021-05-17
E & R Trailer,53HD2X <HIGHWAY>,0.0,0.0,0.0,2021-05-17
E & R Trailer,48HD5X <HIGHWAY>,0.0,0.0,0.0,2021-05-17
E & R Trailer,53HD3X 2018 LDECK <HIGHWAY>,0.0,0.0,0.0,2021-05-17
E & R Trailer,53HF3X 2018 <HIGHWAY>,0.0,0.0,0.0,2021-05-17
E & R Trailer,53HD2X EXT <HIGHWAY>,0.0,0.0,0.0,2021-05-17
E & R Trailer,48HDD3X <HIGHWAY>,0.0,0.0,0.0,2021-05-17
E & R Trailer,53HD2X EXT H <HIGHWAY>,0.0,0.0,0.0,2021-05-17
E & R Trailer,40HD2X Penske CUSTOM <HIGHWAY>,0.0,0.0,0.0,2021-05-17
E & R Trailer,53HD3X EXT <HIGHWAY>,0.0,0.0,0.0,2021-05-17
E & R Trailer,42HD3X HD <HIGHWAY>,0.0,0.0,0.0,2021-05-17
E & R Trailer,28HBT2X <HIGHWAY>,0.0,0.0,0.0,2021-05-17
E & R Trailer,37DT3X <DUMP>,0.0,0.0,0.0,2021-05-17
E & R Trailer,27DT2X <DUMP>,0.0,0.0,0.0,2021-05-17
E & R Trailer,27PD2X <DUMP>,0.0,0.0,0.0,2021-05-17
E & R Trailer,28DPT3X <DUMP>,0.0,0.0,0.0,2021-05-17
E & R Trailer,SPECIAL <DUMP>,0.0,0.0,0.0,2021-05-17
E & R Trailer,26DT2X <DUMP>,0.0,0.0,0.0,2021-05-17
E & R Trailer,32DT3X <DUMP>,0.0,0.0,0.0,2021-05-17
E & R Trailer,28DPT2X <DUMP>,0.0,0.0,0.0,2021-05-17
E & R Trailer,38ALB3XS <DUMP>,0.0,0.0,0.0,2021-05-17
E & R Trailer,36ALB2X <DUMP>,0.0,0.0,0.0,2021-05-17
E & R Trailer,32DT3X V2018 <DUMP>,0.0,0.0,0.0,2021-05-17
E & R Trailer,41ALB3X <DUMP>,0.0,0.0,0.0,2021-05-17
E & R Trailer,27DT2X V2018 <DUMP>,0.0,0.0,0.0,2021-05-17
E & R Trailer,53EWF4X <DUMP>,0.0,0.0,0.0,2021-05-17
E & R Trailer,SFUB2X <DUMP>,0.0,0.0,0.0,2021-05-17
E & R Trailer,37DT2X <DUMP>,0.0,0.0,0.0,2021-05-17
E & R Trailer,27DT2XU <DUMP>,0.0,0.0,0.0,2021-05-17
E & R Trailer,37DT4X FF <DUMP>,0.0,0.0,0.0,2021-05-17
E & R Trailer,48ALB4X <DUMP>,0.0,0.0,0.0,2021-05-17
E & R Trailer,39ALB3X <DUMP>,0.0,0.0,0.0,2021-05-17
E & R Trailer,37DT2X HV <DUMP>,0.0,0.0,0.0,2021-05-17
E & R Trailer,27DT2X HV <DUMP>,0.0,0.0,0.0,2021-05-17
E & R Trailer,40JD2X WL <JEEP DOLLY>,0.0,0.0,0.0,2021-05-17
E & R Trailer,40JD2X OF <JEEP DOLLY>,0.0,0.0,0.0,2021-05-17
E & R Trailer,20JD1X HP <JEEP DOLLY>,0.0,0.0,0.0,2021-05-17
E & R Trailer,20JD1X LP <JEEP DOLLY>,0.0,0.0,0.0,2021-05-17
E & R Trailer,40JD2X HG <JEEP DOLLY>,0.0,0.0,0.0,2021-05-17
E & R Trailer,60JD3X HG <JEEP DOLLY>,0.0,0.0,0.0,2021-05-17
E & R Trailer,JD2+1X <JEEP DOLLY>,0.0,0.0,0.0,2021-05-17
E & R Trailer,JD2X <JEEP DOLLY>,0.0,0.0,0.0,2021-05-17
E & R Trailer,25VT2V DCI <CONTAINER CHASSIS>,0.0,0.0,0.0,2021-05-17
E & R Trailer,40VT2V Mexico <CONTAINER CHASSIS>,0.0,0.0,0.0,2021-05-17
E & R Trailer,51VT4V DCI <CONTAINER CHASSIS>,0.0,0.0,0.0,2021-05-17
E & R Trailer,53VT2V DCI <CONTAINER CHASSIS>,0.0,0.0,0.0,2021-05-17
E & R Trailer,53VT2V Penske <CONTAINER CHASSIS>,0.0,0.0,0.0,2021-05-17
E & R Trailer,53VT3V DCI <CONTAINER CHASSIS>,0.0,0.0,0.0,2021-05-17
E & R Trailer,38GT1X <CONTAINER CHASSIS>,0.0,0.0,0.0,2021-05-17
E & R Trailer,48GT2X <CONTAINER CHASSIS>,0.0,0.0,0.0,2021-05-17
E & R Trailer,51VT2V DCI <CONTAINER CHASSIS>,0.0,0.0,0.0,2021-05-17
E & R Trailer,12GT1X <CONTAINER CHASSIS>,0.0,0.0,0.0,2021-05-17
E & R Trailer,26VT1V Mexico <CONTAINER CHASSIS>,0.0,0.0,0.0,2021-05-17
E & R Trailer,42VT2V Mexico <CONTAINER CHASSIS>,0.0,0.0,0.0,2021-05-17
E & R Trailer,30DT3X-CHASSIS <CONTAINER CHASSIS>,0.0,0.0,0.0,2021-05-17
E & R Trailer,53VT2V FL CA <CONTAINER CHASSIS>,0.0,0.0,0.0,2021-05-17
E & R Trailer,53VT2V FL CA-97 <CONTAINER CHASSIS>,0.0,0.0,0.0,2021-05-17
E & R Trailer,53VT2V FL US-97 <CONTAINER CHASSIS>,0.0,0.0,0.0,2021-05-17
E & R Trailer,53VT2V JB HUNT <CONTAINER CHASSIS>,0.0,0.0,0.0,2021-05-17
E & R Trailer,33VT2V DCI Tag <CONTAINER CHASSIS>,0.0,0.0,0.0,2021-05-17
E & R Trailer,40CC2X <CONTAINER CHASSIS>,0.0,0.0,0.0,2021-05-17
E & R Trailer,53VT3X DCI V2021 <CONTAINER CHASSIS>,0.0,0.0,0.0,2021-05-17
E & R Trailer,53VT3V PENSKE <CONTAINER CHASSIS>,0.0,0.0,0.0,2021-05-17
E & R Trailer,53VT2V Frito Lay <CONTAINER CHASSIS>,0.0,0.0,0.0,2021-05-17
E & R Trailer,53VT2V FL US <CONTAINER CHASSIS>,0.0,0.0,0.0,2021-05-17
E & R Trailer,40GT1X <CONTAINER CHASSIS>,0.0,0.0,0.0,2021-05-17
E & R Trailer,20VT1V Mexico <CONTAINER CHASSIS>,0.0,0.0,0.0,2021-05-17
E & R Trailer,53VT2V CAL <CONTAINER CHASSIS>,0.0,0.0,0.0,2021-05-17
E & R Trailer,38GT2X <CONTAINER CHASSIS>,0.0,0.0,0.0,2021-05-17
E & R Trailer,51GT2X <CONTAINER CHASSIS>,0.0,0.0,0.0,2021-05-17
E & R Trailer,47GT2X <CONTAINER CHASSIS>,0.0,0.0,0.0,2021-05-17
E & R Trailer,10GT1X <CONTAINER CHASSIS>,0.0,0.0,0.0,2021-05-17
E & R Trailer,34VT1V Hostler <CONTAINER CHASSIS>,0.0,0.0,0.0,2021-05-17
E & R Trailer,53VT2V DCI LD <CONTAINER CHASSIS>,0.0,0.0,0.0,2021-05-17
E & R Trailer,53VT2V FL CA-53 <CONTAINER CHASSIS>,0.0,0.0,0.0,2021-05-17
E & R Trailer,10GT2X <CONTAINER CHASSIS>,0.0,0.0,0.0,2021-05-17
E & R Trailer,12GT2X <CONTAINER CHASSIS>,0.0,0.0,0.0,2021-05-17
E & R Trailer,42DD3X <NUCLEAR>,0.0,0.0,0.0,2021-05-17
E & R Trailer,42DD3X WCS <NUCLEAR>,0.0,0.0,0.0,2021-05-17
E & R Trailer,42DD2X <NUCLEAR>,0.0,0.0,0.0,2021-05-17
E & R Trailer,46DD4X WCS <NUCLEAR>,0.0,0.0,0.0,2021-05-17
E & R Trailer,40NS2 US <NUCLEAR>,0.0,0.0,0.0,2021-05-17
E & R Trailer,44DD2X <NUCLEAR>,0.0,0.0,0.0,2021-05-17
E & R Trailer,49DD3X HD <NUCLEAR>,0.0,0.0,0.0,2021-05-17
E & R Trailer,50DD4X <NUCLEAR>,0.0,0.0,0.0,2021-05-17
E & R Trailer,51DD3X HD <NUCLEAR>,0.0,0.0,0.0,2021-05-17
E & R Trailer,50DD3X <NUCLEAR>,0.0,0.0,0.0,2021-05-17
E & R Trailer,53DD4X <NUCLEAR>,0.0,0.0,0.0,2021-05-17
E & R Trailer,47DD3X <NUCLEAR>,0.0,0.0,0.0,2021-05-17
E & R Trailer,45DD3X <NUCLEAR>,0.0,0.0,0.0,2021-05-17
E & R Trailer,53ET3X MR WEST <EQUIPMENT>,0.0,0.0,0.0,2021-05-17
E & R Trailer,48ET3X MR <EQUIPMENT>,0.0,0.0,0.0,2021-05-17
E & R Trailer,42ET2X <EQUIPMENT>,0.0,0.0,0.0,2021-05-17
E & R Trailer,48ET2X <EQUIPMENT>,0.0,0.0,0.0,2021-05-17
E & R Trailer,53ET2X <EQUIPMENT>,0.0,0.0,0.0,2021-05-17
E & R Trailer,53ET4X MR <EQUIPMENT>,0.0,0.0,0.0,2021-05-17
E & R Trailer,53ET3X MR EAST <EQUIPMENT>,0.0,0.0,0.0,2021-05-17
E & R Trailer,53ET4X <EQUIPMENT>,0.0,0.0,0.0,2021-05-17
E & R Trailer,42ET3X <EQUIPMENT>,0.0,0.0,0.0,2021-05-17
E & R Trailer,48ET3X <EQUIPMENT>,0.0,0.0,0.0,2021-05-17
E & R Trailer,53ET3X <EQUIPMENT>,0.0,0.0,0.0,2021-05-17
E & R Trailer,360 <SCREENER>,0.0,0.0,0.0,2021-05-17
E & R Trailer,14CR1X <CABLE REEL>,0.0,0.0,0.0,2021-05-17
E & R Trailer,11CD1X <CONVERTERS/BOOSTERS>,0.0,0.0,0.0,2021-05-17
E & R Trailer,11SB1X SB <CONVERTERS/BOOSTERS>,0.0,0.0,0.0,2021-05-17
E & R Trailer,11SB1X <CONVERTERS/BOOSTERS>,0.0,0.0,0.0,2021-05-17
E & R Trailer,22CD2X <CONVERTERS/BOOSTERS>,0.0,0.0,0.0,2021-05-17
E & R Trailer,11SB2X SB <CONVERTERS/BOOSTERS>,0.0,0.0,0.0,2021-05-17
E & R Trailer,LP14 <AGRICULTURE>,0.0,0.0,0.0,2021-05-17
E & R Trailer,LP18 <AGRICULTURE>,0.0,0.0,0.0,2021-05-17
E & R Trailer,20PC2X <CHASSIS>,0.0,0.0,0.0,2021-05-17
E & R Trailer,40CC3X <CHASSIS>,0.0,0.0,0.0,2021-05-17
E & R Trailer,40CC3X53EXT <CHASSIS>,0.0,0.0,0.0,2021-05-17
E & R Trailer,30CC2X <CHASSIS>,0.0,0.0,0.0,2021-05-17
E & R Trailer,12CC2X <CHASSIS>,0.0,0.0,0.0,2021-05-17
E & R Trailer,22CC2X <CHASSIS>,0.0,0.0,0.0,2021-05-17
E & R Trailer,42CC3X <CHASSIS>,0.0,0.0,0.0,2021-05-17
E & R Trailer,20CC2X <CHASSIS>,0.0,0.0,0.0,2021-05-17
E & R Trailer,20CC3X <CHASSIS>,0.0,0.0,0.0,2021-05-17
E & R Trailer,Pony 3X17 <CHASSIS>,0.0,0.0,0.0,2021-05-17
E & R Trailer,44CC3X <CHASSIS>,0.0,0.0,0.0,2021-05-17
E & R Trailer,27BC2X <CHASSIS>,0.0,0.0,0.0,2021-05-17
E & R Trailer,45BC3X <CHASSIS>,0.0,0.0,0.0,2021-05-17
E & R Trailer,30PC3X <CHASSIS>,0.0,0.0,0.0,2021-05-17
E & R Trailer,PY-FR454-WR3X <STARGATE>,0.0,0.0,0.0,2021-05-17
E & R Trailer,48LB4X A <STARGATE>,0.0,0.0,0.0,2021-05-17
E & R Trailer,TB48 <STARGATE>,0.0,0.0,0.0,2021-05-17
E & R Trailer,Dump SF3X <STARGATE>,0.0,0.0,0.0,2021-05-17
E & R Trailer,30SB <STARGATE>,0.0,0.0,0.0,2021-05-17
E & R Trailer,B-Train Pull Dump_temp1 <STARGATE>,0.0,0.0,0.0,2021-05-17
E & R Trailer,CD2X <STARGATE>,0.0,0.0,0.0,2021-05-17
E & R Trailer,24SB <STARGATE>,0.0,0.0,0.0,2021-05-17
E & R Trailer,UBF2X <STARGATE>,0.0,0.0,0.0,2021-05-17
E & R Trailer,38LB3X A <STARGATE>,0.0,0.0,0.0,2021-05-17
E & R Trailer,28LB2X A <STARGATE>,0.0,0.0,0.0,2021-05-17
E & R Trailer,CD1X <STARGATE>,0.0,0.0,0.0,2021-05-17
E & R Trailer,Dump SF2X <STARGATE>,0.0,0.0,0.0,2021-05-17
E & R Trailer,Steel End Dump 2X <STARGATE>,0.0,0.0,0.0,2021-05-17
E & R Trailer,17PDB <STARGATE>,0.0,0.0,0.0,2021-05-17
E & R Trailer,Dump SF4X <STARGATE>,0.0,0.0,0.0,2021-05-17
E & R Trailer,Dump 36SF3X <STARGATE>,0.0,0.0,0.0,2021-05-17
E & R Trailer,Pony Dump 3X17 <STARGATE>,0.0,0.0,0.0,2021-05-17
E & R Trailer,19SB <STARGATE>,0.0,0.0,0.0,2021-05-17
E & R Trailer,End Dump - temp1 <STARGATE>,0.0,0.0,0.0,2021-05-17
E & R Trailer,B-Train Dump_temp1 <STARGATE>,0.0,0.0,0.0,2021-05-17
E & R Trailer,Pony Chassis <STARGATE>,0.0,0.0,0.0,2021-05-17
E & R Trailer,End Dump 4X <END DUMPS>,0.0,0.0,0.0,2021-05-17
E & R Trailer,Frameless Alum. U Body 2X <END DUMPS>,0.0,0.0,0.0,2021-05-17
E & R Trailer,Frameless Alum. U Body 3X <END DUMPS>,0.0,0.0,0.0,2021-05-17